P1,3,2,0,2,2,2,2,3,2,3,0,0,2,1,0,0,0,3,2,0,2,Psi_Site_Chen_MathFeature_Latest_5_0_10_5_1
P2,2,2,2,0,2,2,3,1,0,2,0,1,3,3,3,1,1,1,2,0,2,Psi_Site_Chen_MathFeature_Latest_5_0_10_5_1
P3,1,1,1,3,2,2,2,2,0,3,0,0,3,3,0,0,2,0,2,0,1,Psi_Site_Chen_MathFeature_Latest_5_0_10_5_1
P4,0,2,2,1,0,0,2,3,1,2,0,0,2,2,1,1,0,0,0,0,2,Psi_Site_Chen_MathFeature_Latest_5_0_10_5_1
P5,0,3,3,0,3,0,1,0,3,1,0,2,1,1,2,0,3,2,3,0,3,Psi_Site_Chen_MathFeature_Latest_5_0_10_5_1
P6,0,3,0,3,1,0,1,3,0,3,0,2,2,3,1,1,1,3,3,3,3,Psi_Site_Chen_MathFeature_Latest_5_0_10_5_1
P7,0,1,2,1,3,0,1,1,0,0,0,3,1,2,3,3,0,1,2,1,1,Psi_Site_Chen_MathFeature_Latest_5_0_10_5_1
P8,3,1,0,3,3,2,0,0,0,3,0,2,3,1,0,0,2,0,1,0,0,Psi_Site_Chen_MathFeature_Latest_5_0_10_5_1
P9,1,1,1,0,3,3,3,1,2,3,0,2,0,2,3,2,3,2,1,3,0,Psi_Site_Chen_MathFeature_Latest_5_0_10_5_1
P10,3,3,3,1,0,2,1,1,0,1,0,0,1,2,2,3,2,3,3,3,1,Psi_Site_Chen_MathFeature_Latest_5_0_10_5_1
P11,1,3,3,1,2,3,1,1,3,1,0,1,0,1,1,2,1,0,1,1,1,Psi_Site_Chen_MathFeature_Latest_5_0_10_5_1
P12,3,1,0,0,0,0,2,2,1,1,0,1,0,0,3,0,0,1,0,3,2,Psi_Site_Chen_MathFeature_Latest_5_0_10_5_1
P13,0,3,3,3,3,2,2,3,3,2,0,0,1,1,3,0,3,1,1,0,0,Psi_Site_Chen_MathFeature_Latest_5_0_10_5_1
P14,3,1,1,1,2,1,0,3,1,0,0,2,3,3,3,3,0,1,2,1,1,Psi_Site_Chen_MathFeature_Latest_5_0_10_5_1
P15,2,3,1,2,1,2,1,1,1,1,0,0,2,3,1,3,1,0,0,3,1,Psi_Site_Chen_MathFeature_Latest_5_0_10_5_1
P16,3,2,3,3,3,2,3,1,0,3,0,2,3,3,2,2,0,2,3,0,3,Psi_Site_Chen_MathFeature_Latest_5_0_10_5_1
P17,2,3,3,2,0,3,0,2,3,0,0,2,3,2,0,0,1,0,3,3,1,Psi_Site_Chen_MathFeature_Latest_5_0_10_5_1
P18,0,3,0,3,3,2,0,3,3,0,0,2,1,2,3,1,1,1,2,0,1,Psi_Site_Chen_MathFeature_Latest_5_0_10_5_1
P19,3,1,0,2,3,2,2,3,3,0,0,1,3,2,0,3,1,1,0,1,0,Psi_Site_Chen_MathFeature_Latest_5_0_10_5_1
P20,0,3,3,2,1,0,0,2,3,2,0,0,1,1,1,0,3,2,2,3,2,Psi_Site_Chen_MathFeature_Latest_5_0_10_5_1
P21,3,0,1,2,0,1,0,2,3,2,0,0,2,0,3,3,3,3,2,2,2,Psi_Site_Chen_MathFeature_Latest_5_0_10_5_1
P22,2,0,1,3,2,3,0,3,0,0,0,1,3,2,1,1,3,2,3,0,0,Psi_Site_Chen_MathFeature_Latest_5_0_10_5_1
P23,0,2,0,2,1,0,2,2,2,2,0,0,3,3,2,2,1,3,2,0,2,Psi_Site_Chen_MathFeature_Latest_5_0_10_5_1
P24,2,1,2,1,3,1,2,2,2,0,0,1,3,0,3,2,2,3,1,3,0,Psi_Site_Chen_MathFeature_Latest_5_0_10_5_1
P25,3,3,1,2,2,3,1,0,3,0,0,3,2,0,3,2,0,0,0,1,2,Psi_Site_Chen_MathFeature_Latest_5_0_10_5_1
P26,2,2,0,2,2,3,2,1,2,3,0,3,1,0,2,3,2,1,0,1,2,Psi_Site_Chen_MathFeature_Latest_5_0_10_5_1
P27,0,3,0,2,2,0,2,0,0,0,0,2,0,1,1,1,0,3,3,2,1,Psi_Site_Chen_MathFeature_Latest_5_0_10_5_1
P28,1,3,0,0,0,3,0,2,1,0,0,0,3,3,3,3,2,2,2,3,3,Psi_Site_Chen_MathFeature_Latest_5_0_10_5_1
P29,0,0,0,1,3,1,1,0,0,0,0,2,1,0,2,2,2,3,2,0,0,Psi_Site_Chen_MathFeature_Latest_5_0_10_5_1
P30,0,0,0,3,0,3,1,1,1,0,0,1,3,0,3,1,2,3,1,0,3,Psi_Site_Chen_MathFeature_Latest_5_0_10_5_1
P31,3,3,0,0,3,3,0,3,3,0,0,1,3,2,3,1,1,1,2,1,1,Psi_Site_Chen_MathFeature_Latest_5_0_10_5_1
P32,3,0,0,2,3,1,3,1,3,0,0,1,3,3,1,0,3,0,0,2,2,Psi_Site_Chen_MathFeature_Latest_5_0_10_5_1
P33,1,3,3,1,1,1,3,3,3,0,0,1,3,2,0,0,1,1,1,3,3,Psi_Site_Chen_MathFeature_Latest_5_0_10_5_1
P34,1,2,0,3,2,0,0,2,2,2,0,0,1,2,3,1,1,0,2,2,2,Psi_Site_Chen_MathFeature_Latest_5_0_10_5_1
P35,3,3,1,2,3,3,2,3,2,1,0,3,1,2,0,3,0,1,2,1,1,Psi_Site_Chen_MathFeature_Latest_5_0_10_5_1
P36,3,2,3,3,1,3,0,2,3,3,0,3,2,3,3,3,0,1,3,1,3,Psi_Site_Chen_MathFeature_Latest_5_0_10_5_1
P37,2,0,1,0,1,2,0,2,1,0,0,2,1,1,0,3,3,1,2,3,3,Psi_Site_Chen_MathFeature_Latest_5_0_10_5_1
P38,0,0,2,1,1,2,0,0,0,0,0,0,3,0,0,0,3,1,2,2,1,Psi_Site_Chen_MathFeature_Latest_5_0_10_5_1
P39,0,0,3,1,2,3,3,3,1,0,0,0,1,3,3,1,0,3,3,2,3,Psi_Site_Chen_MathFeature_Latest_5_0_10_5_1
P40,0,2,2,2,3,3,2,0,0,3,0,2,0,1,2,2,3,0,2,3,2,Psi_Site_Chen_MathFeature_Latest_5_0_10_5_1
P41,1,1,0,3,2,0,2,0,1,1,0,2,1,2,1,2,2,1,2,2,2,Psi_Site_Chen_MathFeature_Latest_5_0_10_5_1
P42,2,1,1,0,3,0,0,2,0,3,0,2,3,2,3,3,2,2,2,0,2,Psi_Site_Chen_MathFeature_Latest_5_0_10_5_1
P43,3,2,3,1,0,1,0,1,1,2,0,0,1,2,1,2,2,2,1,2,0,Psi_Site_Chen_MathFeature_Latest_5_0_10_5_1
P44,1,1,0,0,3,3,3,2,3,2,0,0,3,2,0,0,0,3,1,2,1,Psi_Site_Chen_MathFeature_Latest_5_0_10_5_1
P45,3,0,2,0,3,2,0,0,0,2,0,1,0,3,3,0,0,1,2,2,3,Psi_Site_Chen_MathFeature_Latest_5_0_10_5_1
P46,3,2,2,2,2,2,3,2,1,2,0,2,3,0,2,0,2,1,1,1,0,Psi_Site_Chen_MathFeature_Latest_5_0_10_5_1
P47,0,0,3,3,2,1,2,2,3,0,0,3,0,0,2,1,0,3,2,1,0,Psi_Site_Chen_MathFeature_Latest_5_0_10_5_1
P48,0,2,2,2,3,0,0,2,0,2,0,2,1,0,1,0,2,0,3,0,0,Psi_Site_Chen_MathFeature_Latest_5_0_10_5_1
P49,2,3,2,1,0,2,0,2,1,0,0,0,1,2,3,3,3,2,0,1,2,Psi_Site_Chen_MathFeature_Latest_5_0_10_5_1
P50,1,1,0,1,0,1,2,3,3,3,0,0,0,1,2,1,2,1,3,0,2,Psi_Site_Chen_MathFeature_Latest_5_0_10_5_1
P51,1,0,0,0,0,0,1,2,0,2,0,0,1,0,2,2,0,2,2,2,0,Psi_Site_Chen_MathFeature_Latest_5_0_10_5_1
P52,3,3,2,2,2,3,0,1,1,1,0,0,2,1,0,1,3,3,1,1,1,Psi_Site_Chen_MathFeature_Latest_5_0_10_5_1
P53,1,0,0,1,1,1,3,1,0,3,0,2,3,2,3,1,0,3,1,0,1,Psi_Site_Chen_MathFeature_Latest_5_0_10_5_1
P54,2,2,0,1,2,3,2,0,1,0,0,0,0,1,0,0,0,1,0,0,3,Psi_Site_Chen_MathFeature_Latest_5_0_10_5_1
P55,2,1,0,1,1,3,3,1,0,1,0,2,3,1,1,0,1,1,1,3,1,Psi_Site_Chen_MathFeature_Latest_5_0_10_5_1
P56,1,2,0,3,1,2,3,2,2,1,0,0,0,3,1,1,0,0,1,2,3,Psi_Site_Chen_MathFeature_Latest_5_0_10_5_1
P57,0,0,3,2,3,3,2,2,3,0,0,2,1,2,2,2,0,2,2,3,1,Psi_Site_Chen_MathFeature_Latest_5_0_10_5_1
P58,2,2,0,0,2,2,0,0,3,3,0,0,1,0,0,0,3,1,2,1,0,Psi_Site_Chen_MathFeature_Latest_5_0_10_5_1
P59,0,2,2,0,1,0,3,3,0,2,0,2,0,3,3,1,2,0,3,0,3,Psi_Site_Chen_MathFeature_Latest_5_0_10_5_1
P60,2,2,2,3,3,2,0,3,3,2,0,0,2,2,2,1,3,2,0,3,2,Psi_Site_Chen_MathFeature_Latest_5_0_10_5_1
P61,0,3,3,0,2,0,3,0,3,0,0,0,0,1,1,2,2,2,1,0,3,Psi_Site_Chen_MathFeature_Latest_5_0_10_5_1
P62,1,0,0,1,0,2,0,1,3,1,0,0,1,0,1,3,3,1,1,0,0,Psi_Site_Chen_MathFeature_Latest_5_0_10_5_1
P63,3,1,0,0,0,0,0,1,0,3,0,0,1,1,2,1,1,0,1,0,3,Psi_Site_Chen_MathFeature_Latest_5_0_10_5_1
P64,3,3,1,2,1,2,3,2,1,0,0,0,1,0,2,0,0,0,0,0,1,Psi_Site_Chen_MathFeature_Latest_5_0_10_5_1
P65,0,0,1,1,2,1,0,0,0,1,0,0,0,2,3,0,3,3,1,2,0,Psi_Site_Chen_MathFeature_Latest_5_0_10_5_1
P66,0,3,1,2,2,3,1,2,2,1,0,1,0,3,1,0,1,0,3,0,3,Psi_Site_Chen_MathFeature_Latest_5_0_10_5_1
P67,3,3,1,0,2,1,1,0,2,1,0,0,0,1,2,0,3,2,3,0,2,Psi_Site_Chen_MathFeature_Latest_5_0_10_5_1
P68,1,2,1,3,2,3,3,2,3,0,0,1,2,2,1,1,1,0,1,1,2,Psi_Site_Chen_MathFeature_Latest_5_0_10_5_1
P69,1,1,1,2,3,1,0,1,1,2,0,1,1,3,0,3,3,1,0,1,0,Psi_Site_Chen_MathFeature_Latest_5_0_10_5_1
P70,1,0,0,1,1,1,0,1,1,0,0,0,2,3,2,2,1,0,1,2,0,Psi_Site_Chen_MathFeature_Latest_5_0_10_5_1
P71,2,3,0,3,2,1,0,0,0,0,0,2,2,2,3,2,3,2,1,2,1,Psi_Site_Chen_MathFeature_Latest_5_0_10_5_1
P72,0,0,0,0,0,0,0,0,0,0,0,0,1,1,1,0,2,2,3,2,3,Psi_Site_Chen_MathFeature_Latest_5_0_10_5_1
P73,2,3,2,3,1,1,1,1,2,2,0,0,1,1,0,2,1,0,0,1,2,Psi_Site_Chen_MathFeature_Latest_5_0_10_5_1
P74,0,0,2,2,2,0,1,2,3,0,0,1,1,2,3,1,1,0,3,1,2,Psi_Site_Chen_MathFeature_Latest_5_0_10_5_1
P75,2,0,1,2,1,2,3,2,0,2,0,0,1,2,3,2,0,0,1,1,0,Psi_Site_Chen_MathFeature_Latest_5_0_10_5_1
P76,0,3,0,3,1,2,3,3,1,2,0,0,0,3,2,1,0,1,3,1,0,Psi_Site_Chen_MathFeature_Latest_5_0_10_5_1
P77,0,0,0,3,1,0,0,3,2,0,0,0,0,3,0,2,3,2,0,3,2,Psi_Site_Chen_MathFeature_Latest_5_0_10_5_1
P78,0,1,0,0,1,1,1,1,0,3,0,3,3,0,0,1,1,2,3,1,1,Psi_Site_Chen_MathFeature_Latest_5_0_10_5_1
P79,1,0,2,2,0,3,1,0,1,0,0,0,2,3,1,0,3,0,0,2,2,Psi_Site_Chen_MathFeature_Latest_5_0_10_5_1
P80,0,2,2,0,2,2,2,2,3,0,0,0,2,1,2,2,1,0,0,3,2,Psi_Site_Chen_MathFeature_Latest_5_0_10_5_1
P81,2,1,2,1,1,0,3,3,3,0,0,1,1,2,2,0,1,1,1,2,3,Psi_Site_Chen_MathFeature_Latest_5_0_10_5_1
P82,3,2,1,1,0,0,0,2,1,1,0,0,3,3,3,3,3,2,1,2,2,Psi_Site_Chen_MathFeature_Latest_5_0_10_5_1
P83,3,3,3,1,2,3,3,1,0,1,0,0,1,2,2,3,0,3,0,3,3,Psi_Site_Chen_MathFeature_Latest_5_0_10_5_1
P84,2,2,1,2,2,1,1,3,1,0,0,0,3,2,3,3,2,3,0,2,0,Psi_Site_Chen_MathFeature_Latest_5_0_10_5_1
P85,2,0,0,1,0,0,0,0,0,1,0,2,3,3,3,2,0,3,0,2,2,Psi_Site_Chen_MathFeature_Latest_5_0_10_5_1
P86,3,0,3,1,0,1,0,0,3,1,0,3,1,2,3,0,0,1,1,1,0,Psi_Site_Chen_MathFeature_Latest_5_0_10_5_1
P87,1,1,2,0,1,2,1,1,1,0,0,2,1,1,1,3,2,1,2,2,1,Psi_Site_Chen_MathFeature_Latest_5_0_10_5_1
P88,3,3,1,1,2,0,3,3,2,3,0,1,1,2,1,2,3,1,1,2,1,Psi_Site_Chen_MathFeature_Latest_5_0_10_5_1
P89,2,1,1,1,2,3,1,0,3,1,0,0,0,0,3,2,3,0,1,1,1,Psi_Site_Chen_MathFeature_Latest_5_0_10_5_1
P90,1,1,3,2,2,2,1,2,1,3,0,2,0,0,0,0,2,2,3,1,3,Psi_Site_Chen_MathFeature_Latest_5_0_10_5_1
P91,3,0,0,1,2,2,3,1,3,2,0,0,0,0,1,1,0,3,1,0,0,Psi_Site_Chen_MathFeature_Latest_5_0_10_5_1
P92,0,1,1,1,0,3,1,1,1,0,0,0,0,2,2,0,2,1,2,3,3,Psi_Site_Chen_MathFeature_Latest_5_0_10_5_1
P93,2,1,1,1,0,2,1,1,0,3,0,2,3,3,2,2,1,2,1,2,0,Psi_Site_Chen_MathFeature_Latest_5_0_10_5_1
P94,2,0,1,0,0,0,3,3,0,2,0,3,3,0,0,3,1,1,0,0,2,Psi_Site_Chen_MathFeature_Latest_5_0_10_5_1
P95,0,1,2,0,1,2,0,0,2,0,0,2,0,0,0,0,3,3,0,0,2,Psi_Site_Chen_MathFeature_Latest_5_0_10_5_1
P96,2,3,2,0,1,2,2,3,0,3,0,2,3,0,2,0,1,0,3,0,0,Psi_Site_Chen_MathFeature_Latest_5_0_10_5_1
P97,3,3,0,3,2,3,1,1,2,2,0,2,0,1,2,0,3,1,1,2,1,Psi_Site_Chen_MathFeature_Latest_5_0_10_5_1
P98,0,0,3,0,1,2,3,2,2,0,0,0,2,3,2,1,0,3,2,2,2,Psi_Site_Chen_MathFeature_Latest_5_0_10_5_1
P99,0,0,0,0,3,0,3,3,2,3,0,0,0,3,2,1,2,1,1,0,0,Psi_Site_Chen_MathFeature_Latest_5_0_10_5_1
P100,2,0,3,0,3,2,0,3,3,0,0,0,0,3,3,2,0,3,3,2,3,Psi_Site_Chen_MathFeature_Latest_5_0_10_5_1
P101,2,1,2,3,0,1,2,3,0,0,0,0,2,3,3,2,2,1,0,2,3,Psi_Site_Chen_MathFeature_Latest_5_0_10_5_1
P102,1,1,1,2,0,3,2,0,3,2,0,0,3,3,0,3,2,3,0,0,3,Psi_Site_Chen_MathFeature_Latest_5_0_10_5_1
P103,3,3,2,3,2,0,3,2,3,0,0,0,0,2,0,0,1,0,1,2,3,Psi_Site_Chen_MathFeature_Latest_5_0_10_5_1
P104,2,2,2,2,1,2,3,3,2,1,0,1,0,3,0,3,0,1,0,1,2,Psi_Site_Chen_MathFeature_Latest_5_0_10_5_1
P105,3,1,3,3,1,1,1,0,2,1,0,1,0,1,0,3,2,1,1,1,1,Psi_Site_Chen_MathFeature_Latest_5_0_10_5_1
P106,2,1,2,3,3,3,1,2,0,1,0,0,1,0,2,0,3,1,3,2,0,Psi_Site_Chen_MathFeature_Latest_5_0_10_5_1
P107,0,0,3,1,1,0,0,1,0,0,0,0,2,2,3,2,3,2,0,3,3,Psi_Site_Chen_MathFeature_Latest_5_0_10_5_1
P108,0,2,3,3,3,1,1,2,1,1,0,3,0,2,1,1,1,1,2,0,3,Psi_Site_Chen_MathFeature_Latest_5_0_10_5_1
P109,2,3,2,2,2,2,0,2,1,0,0,2,2,2,3,3,3,2,0,1,2,Psi_Site_Chen_MathFeature_Latest_5_0_10_5_1
P110,2,2,0,3,1,2,3,2,2,1,0,0,2,2,3,2,2,3,3,0,0,Psi_Site_Chen_MathFeature_Latest_5_0_10_5_1
P111,0,0,1,2,2,3,3,2,3,0,0,0,1,2,2,1,2,2,0,0,0,Psi_Site_Chen_MathFeature_Latest_5_0_10_5_1
P112,1,1,0,2,0,1,2,0,0,3,0,3,2,2,3,1,2,3,2,2,0,Psi_Site_Chen_MathFeature_Latest_5_0_10_5_1
P113,3,2,0,2,2,1,0,3,3,1,0,0,3,0,3,3,1,3,3,1,1,Psi_Site_Chen_MathFeature_Latest_5_0_10_5_1
P114,0,0,0,0,3,3,3,0,0,0,0,2,2,3,1,2,3,3,2,3,3,Psi_Site_Chen_MathFeature_Latest_5_0_10_5_1
P115,1,3,1,0,0,3,2,0,1,0,0,3,2,0,0,0,0,1,2,3,0,Psi_Site_Chen_MathFeature_Latest_5_0_10_5_1
P116,2,2,1,3,0,0,1,0,2,0,0,3,0,1,2,2,2,1,0,1,0,Psi_Site_Chen_MathFeature_Latest_5_0_10_5_1
P117,1,2,3,0,1,2,3,0,2,3,0,0,3,3,0,1,1,0,0,0,3,Psi_Site_Chen_MathFeature_Latest_5_0_10_5_1
P118,2,3,3,2,2,2,3,1,2,0,0,1,1,0,3,2,1,2,0,0,1,Psi_Site_Chen_MathFeature_Latest_5_0_10_5_1
P119,2,1,1,0,1,1,2,1,3,3,0,2,0,2,0,3,2,3,0,3,0,Psi_Site_Chen_MathFeature_Latest_5_0_10_5_1
P120,1,1,3,3,3,2,1,1,2,3,0,3,3,2,3,2,1,0,3,0,2,Psi_Site_Chen_MathFeature_Latest_5_0_10_5_1
P121,3,3,3,2,2,2,2,3,0,0,0,0,3,3,0,0,3,1,1,1,0,Psi_Site_Chen_MathFeature_Latest_5_0_10_5_1
P122,2,0,2,2,2,1,1,1,0,3,0,2,3,3,1,1,2,3,3,3,0,Psi_Site_Chen_MathFeature_Latest_5_0_10_5_1
P123,3,0,3,3,0,3,0,2,2,1,0,3,0,3,1,1,0,0,0,0,0,Psi_Site_Chen_MathFeature_Latest_5_0_10_5_1
P124,1,2,3,2,2,2,2,2,0,0,0,3,3,1,2,1,1,2,3,3,1,Psi_Site_Chen_MathFeature_Latest_5_0_10_5_1
P125,1,2,1,2,2,2,0,2,2,1,0,2,3,0,2,3,0,0,0,1,1,Psi_Site_Chen_MathFeature_Latest_5_0_10_5_1
P126,2,0,0,3,1,0,1,2,0,1,0,0,0,0,1,0,1,1,1,1,2,Psi_Site_Chen_MathFeature_Latest_5_0_10_5_1
P127,2,1,2,0,0,2,0,2,0,3,0,2,2,0,3,0,0,2,3,0,2,Psi_Site_Chen_MathFeature_Latest_5_0_10_5_1
P128,1,0,2,1,2,2,2,3,2,0,0,0,1,2,1,1,2,0,1,0,2,Psi_Site_Chen_MathFeature_Latest_5_0_10_5_1
P129,3,3,2,0,3,2,1,2,2,1,0,0,0,3,1,1,0,1,2,2,0,Psi_Site_Chen_MathFeature_Latest_5_0_10_5_1
P130,0,0,3,1,0,0,3,1,2,2,0,2,0,1,1,0,2,3,2,2,0,Psi_Site_Chen_MathFeature_Latest_5_0_10_5_1
P131,2,0,0,3,1,2,3,2,3,0,0,3,2,3,0,0,2,2,3,0,0,Psi_Site_Chen_MathFeature_Latest_5_0_10_5_1
P132,3,0,2,1,0,1,0,3,1,3,0,0,3,0,3,3,1,1,3,1,2,Psi_Site_Chen_MathFeature_Latest_5_0_10_5_1
P133,1,1,0,3,3,0,3,3,0,1,0,2,3,0,3,3,0,0,2,3,3,Psi_Site_Chen_MathFeature_Latest_5_0_10_5_1
P134,0,0,2,0,0,0,3,0,3,0,0,3,3,3,3,3,2,2,2,0,3,Psi_Site_Chen_MathFeature_Latest_5_0_10_5_1
P135,3,3,0,1,1,1,1,3,3,0,0,1,3,2,2,2,1,0,3,3,3,Psi_Site_Chen_MathFeature_Latest_5_0_10_5_1
P136,3,3,0,0,2,0,1,2,1,3,0,0,1,3,1,1,0,1,2,1,2,Psi_Site_Chen_MathFeature_Latest_5_0_10_5_1
P137,3,3,3,2,3,2,0,0,0,0,0,0,0,3,0,2,3,0,0,0,0,Psi_Site_Chen_MathFeature_Latest_5_0_10_5_1
P138,1,3,3,1,0,3,1,2,1,0,0,0,1,3,0,1,3,1,3,0,0,Psi_Site_Chen_MathFeature_Latest_5_0_10_5_1
P139,0,3,3,0,0,1,0,3,3,0,0,2,2,2,1,2,3,1,0,3,0,Psi_Site_Chen_MathFeature_Latest_5_0_10_5_1
P140,0,1,0,0,2,2,3,2,0,1,0,3,3,0,0,2,1,3,3,0,2,Psi_Site_Chen_MathFeature_Latest_5_0_10_5_1
P141,2,0,0,0,1,1,0,0,3,0,0,3,2,3,2,2,1,2,3,3,2,Psi_Site_Chen_MathFeature_Latest_5_0_10_5_1
P142,2,3,2,0,2,1,1,2,3,1,0,0,0,0,0,0,0,0,0,0,0,Psi_Site_Chen_MathFeature_Latest_5_0_10_5_1
P143,1,0,1,1,2,3,2,1,1,0,0,3,0,2,0,3,2,0,0,2,1,Psi_Site_Chen_MathFeature_Latest_5_0_10_5_1
P144,1,1,3,1,1,3,1,2,1,3,0,2,1,0,2,2,3,3,2,2,3,Psi_Site_Chen_MathFeature_Latest_5_0_10_5_1
P145,3,3,0,3,1,0,0,0,0,3,0,2,1,1,0,2,3,3,0,0,0,Psi_Site_Chen_MathFeature_Latest_5_0_10_5_1
P146,0,3,1,0,0,2,3,3,1,1,0,2,3,1,1,2,3,0,3,2,3,Psi_Site_Chen_MathFeature_Latest_5_0_10_5_1
P147,0,3,0,3,1,1,0,3,3,1,0,0,0,3,1,0,3,1,0,1,1,Psi_Site_Chen_MathFeature_Latest_5_0_10_5_1
P148,0,1,2,1,0,3,0,1,1,3,0,2,1,2,2,2,1,2,1,2,2,Psi_Site_Chen_MathFeature_Latest_5_0_10_5_1
P149,1,2,0,3,1,0,3,2,3,1,0,0,1,0,3,0,3,3,3,2,2,Psi_Site_Chen_MathFeature_Latest_5_0_10_5_1
P150,3,2,2,0,0,3,2,2,2,0,0,3,0,0,3,3,2,1,2,0,1,Psi_Site_Chen_MathFeature_Latest_5_0_10_5_1
P151,1,1,2,2,1,0,1,1,0,2,0,2,1,1,0,0,2,1,1,2,3,Psi_Site_Chen_MathFeature_Latest_5_0_10_5_1
P152,2,3,2,2,0,3,2,3,2,1,0,1,0,3,0,1,0,1,2,3,2,Psi_Site_Chen_MathFeature_Latest_5_0_10_5_1
P153,1,3,2,0,2,1,1,0,2,0,0,0,0,1,0,2,3,0,3,1,0,Psi_Site_Chen_MathFeature_Latest_5_0_10_5_1
P154,2,3,0,3,1,2,0,2,0,0,0,2,1,2,2,3,2,2,3,1,2,Psi_Site_Chen_MathFeature_Latest_5_0_10_5_1
P155,2,2,2,2,0,3,0,1,2,1,0,0,0,3,1,1,0,3,1,0,3,Psi_Site_Chen_MathFeature_Latest_5_0_10_5_1
P156,2,2,0,3,0,2,0,1,2,0,0,2,0,1,0,0,1,2,0,0,1,Psi_Site_Chen_MathFeature_Latest_5_0_10_5_1
P157,2,2,3,2,1,2,3,2,3,1,0,2,0,0,0,1,2,3,2,3,3,Psi_Site_Chen_MathFeature_Latest_5_0_10_5_1
P158,1,1,2,1,0,3,0,1,1,1,0,2,1,1,0,2,1,0,2,0,1,Psi_Site_Chen_MathFeature_Latest_5_0_10_5_1
P159,2,1,3,0,3,3,1,1,0,0,0,0,1,0,2,1,1,1,0,3,3,Psi_Site_Chen_MathFeature_Latest_5_0_10_5_1
P160,0,1,1,0,1,1,1,0,0,0,0,2,0,0,2,1,2,2,1,2,0,Psi_Site_Chen_MathFeature_Latest_5_0_10_5_1
P161,0,3,2,0,1,0,0,0,0,0,0,0,2,2,2,2,2,2,1,2,1,Psi_Site_Chen_MathFeature_Latest_5_0_10_5_1
P162,3,2,1,2,0,3,1,2,3,0,0,2,2,3,0,3,2,2,0,0,0,Psi_Site_Chen_MathFeature_Latest_5_0_10_5_1
P163,3,2,0,0,3,2,1,1,0,0,0,0,2,1,2,2,3,1,1,0,0,Psi_Site_Chen_MathFeature_Latest_5_0_10_5_1
P164,0,0,1,0,0,0,0,1,1,1,0,0,0,2,0,3,0,1,2,1,2,Psi_Site_Chen_MathFeature_Latest_5_0_10_5_1
P165,3,0,3,2,0,1,0,3,3,0,0,0,0,2,3,1,1,1,2,3,2,Psi_Site_Chen_MathFeature_Latest_5_0_10_5_1
P166,2,2,0,3,3,2,3,0,2,1,0,0,0,3,2,0,3,2,2,2,2,Psi_Site_Chen_MathFeature_Latest_5_0_10_5_1
P167,1,0,2,0,2,1,0,3,1,2,0,0,0,3,2,2,3,0,3,0,2,Psi_Site_Chen_MathFeature_Latest_5_0_10_5_1
P168,3,1,2,0,0,2,0,2,0,0,0,2,0,0,0,0,0,1,0,0,0,Psi_Site_Chen_MathFeature_Latest_5_0_10_5_1
P169,0,1,0,0,0,1,2,3,3,0,0,0,3,2,1,0,1,1,0,3,3,Psi_Site_Chen_MathFeature_Latest_5_0_10_5_1
P170,0,3,3,2,3,2,2,2,2,3,0,2,3,3,2,0,3,2,2,1,1,Psi_Site_Chen_MathFeature_Latest_5_0_10_5_1
P171,0,2,1,0,3,2,2,3,3,0,0,0,0,2,3,0,1,1,0,1,2,Psi_Site_Chen_MathFeature_Latest_5_0_10_5_1
P172,2,2,2,2,2,2,2,2,2,1,0,2,0,3,1,1,0,2,2,2,0,Psi_Site_Chen_MathFeature_Latest_5_0_10_5_1
P173,3,1,0,3,1,2,3,2,0,2,0,1,2,1,1,1,2,3,3,1,2,Psi_Site_Chen_MathFeature_Latest_5_0_10_5_1
P174,2,1,3,3,1,3,3,3,2,3,0,2,2,1,0,2,0,3,2,1,0,Psi_Site_Chen_MathFeature_Latest_5_0_10_5_1
P175,2,2,0,2,0,0,0,0,2,2,0,0,2,1,0,0,0,0,3,1,2,Psi_Site_Chen_MathFeature_Latest_5_0_10_5_1
P176,0,0,0,0,2,0,0,0,2,0,0,0,2,0,0,0,0,0,3,2,1,Psi_Site_Chen_MathFeature_Latest_5_0_10_5_1
P177,2,2,1,0,3,2,2,2,3,1,0,0,1,3,2,3,2,2,3,0,0,Psi_Site_Chen_MathFeature_Latest_5_0_10_5_1
P178,1,1,3,2,3,0,3,3,0,1,0,2,2,3,3,1,3,1,1,2,3,Psi_Site_Chen_MathFeature_Latest_5_0_10_5_1
P179,0,0,1,1,0,3,1,0,1,0,0,0,0,2,1,1,0,1,1,2,2,Psi_Site_Chen_MathFeature_Latest_5_0_10_5_1
P180,2,0,0,2,2,2,1,2,0,0,0,0,0,3,2,2,3,1,0,0,0,Psi_Site_Chen_MathFeature_Latest_5_0_10_5_1
P181,2,2,3,2,0,3,1,3,3,0,0,1,3,2,1,0,1,1,3,2,3,Psi_Site_Chen_MathFeature_Latest_5_0_10_5_1
P182,3,2,1,2,0,0,3,2,1,2,0,0,1,2,2,1,1,3,0,2,1,Psi_Site_Chen_MathFeature_Latest_5_0_10_5_1
P183,0,3,3,2,2,2,0,2,1,3,0,2,0,1,2,2,2,2,1,0,3,Psi_Site_Chen_MathFeature_Latest_5_0_10_5_1
P184,1,2,3,3,3,3,0,2,3,0,0,2,1,2,2,1,2,1,1,3,0,Psi_Site_Chen_MathFeature_Latest_5_0_10_5_1
P185,0,2,2,0,3,2,1,2,3,0,0,2,1,0,1,0,1,2,1,0,1,Psi_Site_Chen_MathFeature_Latest_5_0_10_5_1
P186,3,1,0,2,2,2,0,0,0,3,0,3,0,2,2,0,0,3,3,2,3,Psi_Site_Chen_MathFeature_Latest_5_0_10_5_1
P187,3,1,0,0,3,1,1,0,1,0,0,0,0,1,0,2,1,2,2,3,1,Psi_Site_Chen_MathFeature_Latest_5_0_10_5_1
P188,1,0,0,0,2,0,0,0,2,0,0,1,0,1,0,3,0,2,2,3,0,Psi_Site_Chen_MathFeature_Latest_5_0_10_5_1
P189,0,2,1,0,2,0,0,2,0,3,0,0,3,3,3,0,0,0,3,1,2,Psi_Site_Chen_MathFeature_Latest_5_0_10_5_1
P190,0,2,2,2,3,2,2,0,3,0,0,0,2,1,0,3,1,1,1,0,1,Psi_Site_Chen_MathFeature_Latest_5_0_10_5_1
P191,3,3,0,2,2,2,2,0,3,0,0,2,3,3,0,3,0,0,3,2,1,Psi_Site_Chen_MathFeature_Latest_5_0_10_5_1
P192,1,0,0,1,3,0,1,1,1,1,0,1,0,0,0,3,3,3,1,1,1,Psi_Site_Chen_MathFeature_Latest_5_0_10_5_1
P193,3,0,3,3,1,1,3,1,3,1,0,3,0,3,1,1,0,3,1,0,1,Psi_Site_Chen_MathFeature_Latest_5_0_10_5_1
P194,2,1,2,3,1,2,3,1,2,0,0,0,0,1,1,2,3,2,2,0,1,Psi_Site_Chen_MathFeature_Latest_5_0_10_5_1
P195,0,3,1,1,3,3,3,2,3,1,0,0,3,3,0,3,1,3,1,0,2,Psi_Site_Chen_MathFeature_Latest_5_0_10_5_1
P196,2,1,2,2,3,3,2,3,3,0,0,3,2,2,2,0,1,1,0,0,1,Psi_Site_Chen_MathFeature_Latest_5_0_10_5_1
P197,3,3,0,1,1,0,2,3,3,0,0,3,3,2,1,0,1,1,0,1,1,Psi_Site_Chen_MathFeature_Latest_5_0_10_5_1
P198,1,1,0,0,0,1,2,0,1,0,0,2,1,2,3,3,0,3,2,2,1,Psi_Site_Chen_MathFeature_Latest_5_0_10_5_1
P199,2,2,0,0,3,0,0,0,3,3,0,2,0,3,1,3,0,1,2,3,1,Psi_Site_Chen_MathFeature_Latest_5_0_10_5_1
P200,3,1,1,1,0,0,3,3,3,2,0,3,1,0,1,0,0,0,0,1,2,Psi_Site_Chen_MathFeature_Latest_5_0_10_5_1
P201,2,0,0,0,3,1,1,0,1,1,0,2,0,1,0,3,2,1,1,0,0,Psi_Site_Chen_MathFeature_Latest_5_0_10_5_1
P202,2,1,2,0,3,1,0,3,1,0,0,2,2,3,3,3,2,3,1,2,1,Psi_Site_Chen_MathFeature_Latest_5_0_10_5_1
P203,3,3,1,0,1,1,1,2,2,2,0,0,3,3,2,2,1,1,2,3,3,Psi_Site_Chen_MathFeature_Latest_5_0_10_5_1
P204,1,3,3,1,0,3,2,2,1,0,0,0,1,0,3,2,1,1,2,1,2,Psi_Site_Chen_MathFeature_Latest_5_0_10_5_1
P205,2,1,0,3,1,0,3,2,2,0,0,2,2,0,3,0,3,2,0,0,0,Psi_Site_Chen_MathFeature_Latest_5_0_10_5_1
P206,2,1,1,3,3,1,3,3,3,1,0,0,1,3,2,2,2,1,1,3,1,Psi_Site_Chen_MathFeature_Latest_5_0_10_5_1
P207,3,2,3,1,3,2,3,2,3,2,0,0,1,2,0,3,1,1,2,1,1,Psi_Site_Chen_MathFeature_Latest_5_0_10_5_1
P208,0,1,0,1,0,0,0,1,0,0,0,0,1,0,0,0,3,2,2,3,0,Psi_Site_Chen_MathFeature_Latest_5_0_10_5_1
P209,0,0,0,0,3,2,0,2,1,0,0,3,1,1,0,2,2,1,2,0,3,Psi_Site_Chen_MathFeature_Latest_5_0_10_5_1
P210,3,2,2,1,2,0,3,1,1,1,0,0,1,1,0,3,2,2,3,2,1,Psi_Site_Chen_MathFeature_Latest_5_0_10_5_1
P211,0,0,0,0,2,0,1,2,0,0,0,0,1,2,2,3,2,0,3,3,0,Psi_Site_Chen_MathFeature_Latest_5_0_10_5_1
P212,3,0,1,1,0,2,2,1,3,3,0,0,2,3,3,2,2,3,3,2,0,Psi_Site_Chen_MathFeature_Latest_5_0_10_5_1
P213,3,0,0,1,2,1,3,1,1,3,0,2,1,2,3,1,0,3,3,3,0,Psi_Site_Chen_MathFeature_Latest_5_0_10_5_1
P214,3,3,1,0,3,3,2,3,3,2,0,3,1,3,3,3,1,3,0,3,1,Psi_Site_Chen_MathFeature_Latest_5_0_10_5_1
P215,2,2,2,0,0,3,3,2,1,0,0,2,2,3,0,1,0,3,2,2,0,Psi_Site_Chen_MathFeature_Latest_5_0_10_5_1
P216,2,3,2,1,0,0,0,1,1,0,0,2,1,1,1,2,3,2,2,3,1,Psi_Site_Chen_MathFeature_Latest_5_0_10_5_1
P217,3,1,1,2,3,2,2,1,0,3,0,2,3,3,0,0,2,0,2,2,3,Psi_Site_Chen_MathFeature_Latest_5_0_10_5_1
P218,3,1,3,3,1,1,3,1,3,3,0,2,2,0,3,1,0,3,3,0,3,Psi_Site_Chen_MathFeature_Latest_5_0_10_5_1
P219,2,3,0,1,2,3,1,1,2,2,0,2,2,3,0,1,0,0,0,0,1,Psi_Site_Chen_MathFeature_Latest_5_0_10_5_1
P220,0,3,0,2,3,2,2,2,0,0,0,3,0,3,1,2,2,2,1,2,2,Psi_Site_Chen_MathFeature_Latest_5_0_10_5_1
P221,0,3,0,0,0,0,2,2,2,2,0,3,0,0,1,0,2,2,3,0,3,Psi_Site_Chen_MathFeature_Latest_5_0_10_5_1
P222,2,3,3,2,1,0,3,2,0,0,0,2,2,1,1,1,2,2,3,2,0,Psi_Site_Chen_MathFeature_Latest_5_0_10_5_1
P223,3,1,0,1,0,0,0,1,0,3,0,3,3,1,2,2,2,2,1,1,2,Psi_Site_Chen_MathFeature_Latest_5_0_10_5_1
P224,1,2,3,1,1,0,2,0,0,3,0,2,0,2,0,2,1,2,1,1,2,Psi_Site_Chen_MathFeature_Latest_5_0_10_5_1
P225,3,0,1,2,0,1,1,0,1,1,0,2,1,3,3,2,1,1,2,0,3,Psi_Site_Chen_MathFeature_Latest_5_0_10_5_1
P226,1,0,2,0,0,2,1,2,1,0,0,0,3,3,3,3,2,2,0,2,0,Psi_Site_Chen_MathFeature_Latest_5_0_10_5_1
P227,2,3,0,2,3,0,2,3,3,0,0,2,2,3,3,3,0,3,3,2,2,Psi_Site_Chen_MathFeature_Latest_5_0_10_5_1
P228,3,3,3,2,2,2,3,3,2,1,0,2,3,2,1,3,1,1,2,2,3,Psi_Site_Chen_MathFeature_Latest_5_0_10_5_1
P229,0,2,3,3,3,0,2,0,1,2,0,0,0,0,0,2,1,3,3,3,1,Psi_Site_Chen_MathFeature_Latest_5_0_10_5_1
P230,1,1,1,0,3,3,2,1,2,1,0,0,0,0,0,2,3,3,3,1,2,Psi_Site_Chen_MathFeature_Latest_5_0_10_5_1
P231,1,1,2,3,0,1,1,1,3,1,0,3,1,2,0,0,1,0,1,3,3,Psi_Site_Chen_MathFeature_Latest_5_0_10_5_1
P232,2,3,2,1,0,3,2,2,3,2,0,1,0,2,2,2,3,3,0,1,1,Psi_Site_Chen_MathFeature_Latest_5_0_10_5_1
P233,2,0,1,0,3,2,0,2,1,3,0,1,1,0,1,0,2,0,1,1,3,Psi_Site_Chen_MathFeature_Latest_5_0_10_5_1
P234,0,0,0,3,3,0,3,0,0,0,0,1,0,1,1,1,2,0,1,1,0,Psi_Site_Chen_MathFeature_Latest_5_0_10_5_1
P235,2,2,2,2,2,3,2,3,3,2,0,1,1,3,0,3,1,0,3,0,1,Psi_Site_Chen_MathFeature_Latest_5_0_10_5_1
P236,1,2,3,1,1,3,3,1,1,3,0,2,1,2,1,0,0,3,2,2,3,Psi_Site_Chen_MathFeature_Latest_5_0_10_5_1
P237,2,2,2,0,2,2,0,3,2,2,0,0,3,2,0,3,2,3,2,2,2,Psi_Site_Chen_MathFeature_Latest_5_0_10_5_1
P238,2,2,2,1,2,0,0,2,3,1,0,0,0,3,1,3,1,2,3,0,3,Psi_Site_Chen_MathFeature_Latest_5_0_10_5_1
P239,1,0,0,0,2,2,3,3,2,3,0,2,2,0,0,1,0,1,1,2,3,Psi_Site_Chen_MathFeature_Latest_5_0_10_5_1
P240,3,3,0,1,1,1,3,3,3,0,0,1,2,2,2,0,1,1,1,3,3,Psi_Site_Chen_MathFeature_Latest_5_0_10_5_1
P241,0,2,3,2,1,1,2,2,3,0,0,2,2,3,1,2,2,1,2,2,1,Psi_Site_Chen_MathFeature_Latest_5_0_10_5_1
P242,1,0,1,0,3,3,2,2,0,2,0,0,1,0,1,2,2,2,1,0,0,Psi_Site_Chen_MathFeature_Latest_5_0_10_5_1
P243,2,0,2,2,2,2,2,0,3,3,0,2,2,1,2,2,2,1,0,1,0,Psi_Site_Chen_MathFeature_Latest_5_0_10_5_1
P244,3,0,0,1,0,1,3,3,2,0,0,0,1,0,0,3,1,0,3,2,2,Psi_Site_Chen_MathFeature_Latest_5_0_10_5_1
P245,2,2,1,2,3,3,0,0,2,0,0,0,2,3,0,0,0,0,0,2,2,Psi_Site_Chen_MathFeature_Latest_5_0_10_5_1
P246,0,0,0,0,0,2,2,3,0,2,0,2,1,2,3,3,3,3,0,1,0,Psi_Site_Chen_MathFeature_Latest_5_0_10_5_1
P247,2,2,1,0,3,3,2,2,0,1,0,3,2,3,3,3,0,1,0,3,3,Psi_Site_Chen_MathFeature_Latest_5_0_10_5_1
P248,3,1,0,1,0,3,2,2,0,3,0,1,2,2,2,3,0,3,2,2,3,Psi_Site_Chen_MathFeature_Latest_5_0_10_5_1
P249,3,1,3,3,3,2,2,1,1,2,0,0,0,0,2,1,3,2,1,2,2,Psi_Site_Chen_MathFeature_Latest_5_0_10_5_1
P250,0,1,0,3,3,0,3,2,3,0,0,2,2,0,3,3,3,3,0,0,3,Psi_Site_Chen_MathFeature_Latest_5_0_10_5_1
P251,1,1,0,3,3,2,1,1,0,3,0,0,1,0,3,3,0,0,2,2,2,Psi_Site_Chen_MathFeature_Latest_5_0_10_5_1
P252,3,2,3,2,1,1,2,3,1,1,0,2,1,2,3,1,1,3,1,1,0,Psi_Site_Chen_MathFeature_Latest_5_0_10_5_1
P253,1,1,1,2,1,1,1,3,3,2,0,2,1,2,2,2,1,1,1,3,3,Psi_Site_Chen_MathFeature_Latest_5_0_10_5_1
P254,3,2,3,2,1,2,2,2,2,3,0,2,0,2,1,2,1,3,0,3,2,Psi_Site_Chen_MathFeature_Latest_5_0_10_5_1
P255,2,3,3,1,0,3,2,2,3,2,0,2,2,2,3,2,2,2,2,0,1,Psi_Site_Chen_MathFeature_Latest_5_0_10_5_1
P256,2,0,0,0,3,0,1,0,3,3,0,0,2,2,0,0,1,1,3,2,0,Psi_Site_Chen_MathFeature_Latest_5_0_10_5_1
P257,0,2,1,0,0,1,1,0,2,3,0,0,0,0,2,0,2,3,3,0,1,Psi_Site_Chen_MathFeature_Latest_5_0_10_5_1
P258,1,2,1,3,1,3,1,2,0,1,0,2,0,0,3,3,2,3,1,1,0,Psi_Site_Chen_MathFeature_Latest_5_0_10_5_1
P259,0,2,0,3,3,2,3,3,1,0,0,0,0,3,2,2,0,1,3,0,2,Psi_Site_Chen_MathFeature_Latest_5_0_10_5_1
P260,1,2,3,1,1,2,1,0,2,1,0,0,1,3,2,3,3,0,3,3,2,Psi_Site_Chen_MathFeature_Latest_5_0_10_5_1
P261,2,0,0,0,2,2,2,1,0,1,0,3,0,0,3,1,2,2,3,0,3,Psi_Site_Chen_MathFeature_Latest_5_0_10_5_1
P262,0,2,3,2,0,3,1,2,1,0,0,2,2,3,0,0,2,3,1,1,0,Psi_Site_Chen_MathFeature_Latest_5_0_10_5_1
P263,3,3,3,3,3,3,2,0,3,3,0,2,0,2,0,3,3,1,1,1,0,Psi_Site_Chen_MathFeature_Latest_5_0_10_5_1
P264,3,2,2,2,0,2,0,1,2,3,0,3,0,3,0,1,2,0,1,0,1,Psi_Site_Chen_MathFeature_Latest_5_0_10_5_1
P265,0,1,0,0,0,2,0,3,0,3,0,3,2,2,3,2,1,2,1,2,2,Psi_Site_Chen_MathFeature_Latest_5_0_10_5_1
P266,1,0,2,3,0,0,2,0,0,0,0,2,2,0,2,2,2,3,3,2,2,Psi_Site_Chen_MathFeature_Latest_5_0_10_5_1
P267,1,0,1,1,0,1,2,3,3,0,0,1,0,1,0,2,0,1,3,2,1,Psi_Site_Chen_MathFeature_Latest_5_0_10_5_1
P268,0,3,1,1,2,2,1,2,1,0,0,0,3,2,3,3,3,2,0,3,1,Psi_Site_Chen_MathFeature_Latest_5_0_10_5_1
P269,3,0,0,3,0,3,3,3,1,0,0,0,1,2,1,3,0,2,1,0,3,Psi_Site_Chen_MathFeature_Latest_5_0_10_5_1
P270,3,2,0,2,2,2,2,3,3,1,0,2,2,0,2,0,1,1,2,3,2,Psi_Site_Chen_MathFeature_Latest_5_0_10_5_1
P271,0,3,1,2,3,0,1,2,1,0,0,2,0,0,3,0,1,1,2,3,3,Psi_Site_Chen_MathFeature_Latest_5_0_10_5_1
P272,2,2,2,0,1,2,2,3,2,1,0,0,3,3,2,2,1,3,1,1,1,Psi_Site_Chen_MathFeature_Latest_5_0_10_5_1
P273,2,3,3,0,0,0,0,2,3,0,0,0,0,0,3,1,0,0,0,2,0,Psi_Site_Chen_MathFeature_Latest_5_0_10_5_1
P274,2,2,3,3,0,2,3,1,1,3,0,0,0,3,3,1,3,0,1,3,0,Psi_Site_Chen_MathFeature_Latest_5_0_10_5_1
P275,2,3,2,3,0,0,2,2,1,1,0,3,1,0,3,3,1,0,3,0,3,Psi_Site_Chen_MathFeature_Latest_5_0_10_5_1
P276,1,0,3,3,2,3,1,2,1,0,0,2,1,0,1,2,3,3,0,3,3,Psi_Site_Chen_MathFeature_Latest_5_0_10_5_1
P277,2,2,0,1,3,0,1,1,0,3,0,1,2,2,2,3,3,3,2,3,0,Psi_Site_Chen_MathFeature_Latest_5_0_10_5_1
P278,1,0,0,0,0,1,1,1,2,2,0,2,1,1,1,1,3,1,1,2,0,Psi_Site_Chen_MathFeature_Latest_5_0_10_5_1
P279,3,3,1,0,0,0,0,3,3,2,0,0,0,3,0,3,1,2,0,2,3,Psi_Site_Chen_MathFeature_Latest_5_0_10_5_1
P280,3,3,2,2,0,0,0,3,2,2,0,2,3,3,0,1,0,2,1,2,3,Psi_Site_Chen_MathFeature_Latest_5_0_10_5_1
P281,1,0,2,0,0,3,2,3,0,3,0,1,0,2,1,0,3,0,3,0,3,Psi_Site_Chen_MathFeature_Latest_5_0_10_5_1
P282,1,3,2,0,1,3,0,3,0,2,0,0,0,2,0,3,0,2,3,3,0,Psi_Site_Chen_MathFeature_Latest_5_0_10_5_1
P283,2,3,0,3,3,0,3,0,3,2,0,0,1,3,0,3,1,2,3,2,2,Psi_Site_Chen_MathFeature_Latest_5_0_10_5_1
P284,3,3,2,2,0,2,3,0,3,0,0,1,2,2,2,0,1,2,1,0,3,Psi_Site_Chen_MathFeature_Latest_5_0_10_5_1
P285,2,3,3,2,2,3,3,1,1,2,0,3,3,2,2,0,1,0,3,1,0,Psi_Site_Chen_MathFeature_Latest_5_0_10_5_1
P286,3,0,3,2,1,3,3,2,0,0,0,2,0,2,1,1,0,2,0,3,1,Psi_Site_Chen_MathFeature_Latest_5_0_10_5_1
P287,0,2,1,0,0,3,2,2,3,3,0,2,1,2,1,1,1,1,2,0,2,Psi_Site_Chen_MathFeature_Latest_5_0_10_5_1
P288,2,2,2,2,2,3,1,3,0,2,0,0,1,0,3,2,2,0,0,0,2,Psi_Site_Chen_MathFeature_Latest_5_0_10_5_1
P289,0,0,1,0,3,3,2,1,0,3,0,2,3,2,3,0,0,1,0,0,0,Psi_Site_Chen_MathFeature_Latest_5_0_10_5_1
P290,3,1,2,1,0,3,0,2,1,0,0,2,2,2,2,0,1,1,1,1,1,Psi_Site_Chen_MathFeature_Latest_5_0_10_5_1
P291,0,2,1,0,3,0,2,2,0,0,0,0,1,1,2,0,0,2,1,1,0,Psi_Site_Chen_MathFeature_Latest_5_0_10_5_1
P292,0,0,1,2,0,3,3,2,3,3,0,2,0,1,3,2,0,2,0,1,1,Psi_Site_Chen_MathFeature_Latest_5_0_10_5_1
P293,2,0,3,3,2,1,2,3,0,0,0,2,2,2,2,0,3,3,3,1,0,Psi_Site_Chen_MathFeature_Latest_5_0_10_5_1
P294,2,1,3,2,3,2,3,3,3,0,0,2,1,2,3,2,1,1,1,0,0,Psi_Site_Chen_MathFeature_Latest_5_0_10_5_1
P295,1,0,2,2,2,1,1,2,0,1,0,0,1,2,2,2,2,1,2,0,2,Psi_Site_Chen_MathFeature_Latest_5_0_10_5_1
P296,0,0,2,2,0,3,3,2,0,2,0,2,2,1,1,1,2,2,0,2,3,Psi_Site_Chen_MathFeature_Latest_5_0_10_5_1
P297,0,1,0,3,2,2,3,3,3,2,0,2,2,2,3,2,0,0,2,1,0,Psi_Site_Chen_MathFeature_Latest_5_0_10_5_1
P298,0,3,0,3,0,3,0,3,0,3,0,3,0,3,0,3,0,3,0,1,2,Psi_Site_Chen_MathFeature_Latest_5_0_10_5_1
P299,2,3,1,2,0,3,1,1,0,3,0,2,3,0,3,0,3,2,1,2,0,Psi_Site_Chen_MathFeature_Latest_5_0_10_5_1
P300,3,0,1,1,2,0,2,3,0,2,0,0,0,0,0,0,0,0,0,0,0,Psi_Site_Chen_MathFeature_Latest_5_0_10_5_1
P301,3,0,3,0,3,3,1,2,2,2,0,2,1,1,1,2,0,2,0,1,1,Psi_Site_Chen_MathFeature_Latest_5_0_10_5_1
P302,0,2,3,2,1,0,3,2,3,1,0,3,0,0,0,3,2,0,0,2,0,Psi_Site_Chen_MathFeature_Latest_5_0_10_5_1
P303,0,3,0,3,3,3,1,2,3,3,0,3,0,0,0,3,2,3,2,2,3,Psi_Site_Chen_MathFeature_Latest_5_0_10_5_1
P304,2,2,2,3,1,0,0,1,3,0,0,2,0,2,1,2,0,0,0,3,2,Psi_Site_Chen_MathFeature_Latest_5_0_10_5_1
P305,3,1,0,2,1,1,2,3,3,3,0,2,0,1,3,1,1,3,0,3,3,Psi_Site_Chen_MathFeature_Latest_5_0_10_5_1
P306,1,1,1,1,2,0,3,0,0,2,0,0,1,1,0,2,2,0,2,3,3,Psi_Site_Chen_MathFeature_Latest_5_0_10_5_1
P307,1,0,3,2,3,1,2,1,3,1,0,2,1,1,2,2,2,0,1,0,1,Psi_Site_Chen_MathFeature_Latest_5_0_10_5_1
P308,3,1,1,3,1,1,1,2,3,0,0,0,1,3,3,0,0,1,1,0,2,Psi_Site_Chen_MathFeature_Latest_5_0_10_5_1
P309,0,0,0,0,0,3,0,0,2,3,0,2,1,2,1,1,2,0,1,0,1,Psi_Site_Chen_MathFeature_Latest_5_0_10_5_1
P310,1,0,2,2,0,0,2,0,3,1,0,3,3,2,1,0,3,0,0,0,0,Psi_Site_Chen_MathFeature_Latest_5_0_10_5_1
P311,0,3,2,2,0,3,0,0,2,2,0,0,0,1,0,3,2,3,3,0,0,Psi_Site_Chen_MathFeature_Latest_5_0_10_5_1
P312,2,0,0,1,2,3,0,0,2,2,0,3,2,1,2,1,1,2,2,2,2,Psi_Site_Chen_MathFeature_Latest_5_0_10_5_1
P313,2,3,3,1,2,3,1,2,3,1,0,2,1,1,2,2,3,2,2,2,1,Psi_Site_Chen_MathFeature_Latest_5_0_10_5_1
P314,1,3,3,1,2,1,3,1,3,1,0,0,1,3,3,3,1,2,3,1,1,Psi_Site_Chen_MathFeature_Latest_5_0_10_5_1
P315,3,0,3,1,0,3,3,1,0,3,0,2,3,3,0,3,2,2,0,3,3,Psi_Site_Chen_MathFeature_Latest_5_0_10_5_1
P316,2,1,2,3,0,0,2,2,2,2,0,0,0,1,2,2,2,1,2,3,1,Psi_Site_Chen_MathFeature_Latest_5_0_10_5_1
P317,3,3,3,0,3,3,0,3,2,1,0,0,1,2,0,2,0,3,1,1,2,Psi_Site_Chen_MathFeature_Latest_5_0_10_5_1
P318,3,2,3,2,2,3,2,2,2,0,0,2,0,0,0,3,2,1,2,0,0,Psi_Site_Chen_MathFeature_Latest_5_0_10_5_1
P319,1,3,0,1,3,2,3,3,0,1,0,0,1,0,0,1,0,1,3,1,3,Psi_Site_Chen_MathFeature_Latest_5_0_10_5_1
P320,0,3,0,2,1,1,1,2,0,2,0,2,0,2,2,0,0,1,0,1,1,Psi_Site_Chen_MathFeature_Latest_5_0_10_5_1
P321,2,3,2,2,0,2,3,1,0,0,0,2,0,1,0,0,3,3,0,0,0,Psi_Site_Chen_MathFeature_Latest_5_0_10_5_1
P322,2,2,3,2,2,3,3,0,2,1,0,0,1,0,0,3,3,2,3,1,1,Psi_Site_Chen_MathFeature_Latest_5_0_10_5_1
P323,2,3,3,1,2,2,0,3,3,2,0,0,0,3,2,2,0,0,0,0,2,Psi_Site_Chen_MathFeature_Latest_5_0_10_5_1
P324,2,0,2,2,2,0,3,0,0,1,0,0,3,3,0,3,0,3,3,3,2,Psi_Site_Chen_MathFeature_Latest_5_0_10_5_1
P325,3,1,0,2,1,0,3,2,2,2,0,2,2,2,2,3,2,2,3,0,2,Psi_Site_Chen_MathFeature_Latest_5_0_10_5_1
P326,0,0,1,2,3,0,1,2,3,1,0,1,0,3,1,2,3,3,1,0,1,Psi_Site_Chen_MathFeature_Latest_5_0_10_5_1
P327,0,1,1,0,0,1,3,0,2,0,0,2,0,2,1,1,1,2,3,1,1,Psi_Site_Chen_MathFeature_Latest_5_0_10_5_1
P328,1,2,1,0,0,0,3,0,1,3,0,2,2,3,0,2,2,0,3,3,1,Psi_Site_Chen_MathFeature_Latest_5_0_10_5_1
P329,2,1,2,3,2,0,2,1,2,1,0,2,1,2,3,0,2,3,2,2,3,Psi_Site_Chen_MathFeature_Latest_5_0_10_5_1
P330,0,2,1,3,2,3,0,3,1,1,0,2,3,2,3,0,3,1,3,3,1,Psi_Site_Chen_MathFeature_Latest_5_0_10_5_1
P331,2,1,2,1,0,3,0,3,3,2,0,0,3,3,2,1,2,1,1,0,3,Psi_Site_Chen_MathFeature_Latest_5_0_10_5_1
P332,1,2,2,0,2,3,1,3,0,2,0,2,0,0,2,2,2,3,0,0,3,Psi_Site_Chen_MathFeature_Latest_5_0_10_5_1
P333,2,2,3,1,0,1,1,0,2,3,0,0,3,3,2,0,1,0,0,3,3,Psi_Site_Chen_MathFeature_Latest_5_0_10_5_1
P334,1,1,2,2,2,3,1,3,0,0,0,2,1,0,0,0,3,2,2,2,2,Psi_Site_Chen_MathFeature_Latest_5_0_10_5_1
P335,1,2,3,1,0,2,3,3,2,2,0,2,2,0,3,3,2,2,0,2,3,Psi_Site_Chen_MathFeature_Latest_5_0_10_5_1
P336,3,2,3,3,0,3,2,2,2,0,0,1,0,0,3,3,2,1,1,3,3,Psi_Site_Chen_MathFeature_Latest_5_0_10_5_1
P337,0,1,3,2,2,3,2,1,3,2,0,1,2,3,2,0,2,1,1,3,0,Psi_Site_Chen_MathFeature_Latest_5_0_10_5_1
P338,3,3,3,3,3,3,2,3,0,2,0,3,3,0,0,3,1,2,2,2,3,Psi_Site_Chen_MathFeature_Latest_5_0_10_5_1
P339,0,0,3,1,2,2,0,0,2,0,0,1,1,1,1,2,0,3,2,2,3,Psi_Site_Chen_MathFeature_Latest_5_0_10_5_1
P340,2,3,3,3,3,2,1,3,0,3,0,2,2,2,1,1,2,3,0,1,1,Psi_Site_Chen_MathFeature_Latest_5_0_10_5_1
P341,2,2,2,2,2,3,0,3,1,2,0,2,0,3,0,1,3,2,2,0,3,Psi_Site_Chen_MathFeature_Latest_5_0_10_5_1
P342,3,2,2,3,1,1,0,0,3,1,0,3,2,0,3,2,3,2,3,1,1,Psi_Site_Chen_MathFeature_Latest_5_0_10_5_1
P343,1,0,3,3,1,0,2,1,3,3,0,2,3,1,0,2,1,2,3,2,0,Psi_Site_Chen_MathFeature_Latest_5_0_10_5_1
P344,3,1,2,1,0,3,1,0,1,2,0,2,1,0,2,3,2,1,2,3,0,Psi_Site_Chen_MathFeature_Latest_5_0_10_5_1
P345,1,1,0,3,2,3,2,1,3,0,0,2,0,0,0,2,2,2,2,1,0,Psi_Site_Chen_MathFeature_Latest_5_0_10_5_1
P346,3,3,2,0,3,0,0,3,2,2,0,2,2,2,2,3,3,1,2,3,0,Psi_Site_Chen_MathFeature_Latest_5_0_10_5_1
P347,3,0,0,1,2,2,0,3,2,2,0,2,3,2,0,3,2,0,3,1,2,Psi_Site_Chen_MathFeature_Latest_5_0_10_5_1
P348,3,2,2,3,2,3,1,2,3,0,0,2,2,2,3,2,2,2,3,2,3,Psi_Site_Chen_MathFeature_Latest_5_0_10_5_1
P349,1,1,3,2,1,2,3,0,3,2,0,3,3,1,0,3,3,3,2,1,0,Psi_Site_Chen_MathFeature_Latest_5_0_10_5_1
P350,0,3,1,0,3,0,2,1,1,1,0,1,2,3,2,0,1,3,3,3,3,Psi_Site_Chen_MathFeature_Latest_5_0_10_5_1
P351,3,3,2,1,0,2,3,2,2,2,0,1,1,2,0,0,3,3,3,3,0,Psi_Site_Chen_MathFeature_Latest_5_0_10_5_1
P352,1,1,0,1,2,1,1,1,3,1,0,2,3,0,1,0,3,3,1,0,3,Psi_Site_Chen_MathFeature_Latest_5_0_10_5_1
P353,2,3,2,2,2,3,2,0,0,3,0,2,3,1,3,0,0,0,0,2,1,Psi_Site_Chen_MathFeature_Latest_5_0_10_5_1
P354,2,3,0,3,3,3,2,2,3,2,0,0,1,2,0,2,3,3,0,2,3,Psi_Site_Chen_MathFeature_Latest_5_0_10_5_1
P355,2,2,0,3,0,1,0,2,0,2,0,3,2,2,3,0,2,3,3,2,2,Psi_Site_Chen_MathFeature_Latest_5_0_10_5_1
P356,1,3,2,3,3,3,1,1,3,3,0,2,0,2,1,2,0,0,1,3,3,Psi_Site_Chen_MathFeature_Latest_5_0_10_5_1
P357,1,1,0,3,3,3,1,0,2,1,0,2,1,3,2,0,3,3,1,3,2,Psi_Site_Chen_MathFeature_Latest_5_0_10_5_1
P358,3,0,0,1,2,1,1,2,3,0,0,1,1,1,1,0,1,0,0,1,0,Psi_Site_Chen_MathFeature_Latest_5_0_10_5_1
P359,2,2,3,2,3,2,3,2,0,3,0,1,1,1,1,0,3,0,3,2,0,Psi_Site_Chen_MathFeature_Latest_5_0_10_5_1
P360,0,1,2,0,2,1,1,0,2,1,0,0,0,1,2,2,2,3,0,1,2,Psi_Site_Chen_MathFeature_Latest_5_0_10_5_1
P361,3,0,3,2,3,0,0,3,3,2,0,2,2,3,3,2,3,2,0,1,2,Psi_Site_Chen_MathFeature_Latest_5_0_10_5_1
P362,2,2,2,2,1,2,2,1,0,0,0,0,3,3,3,3,3,2,1,2,3,Psi_Site_Chen_MathFeature_Latest_5_0_10_5_1
P363,2,1,2,3,2,2,2,0,2,2,0,0,2,2,3,2,3,3,2,3,2,Psi_Site_Chen_MathFeature_Latest_5_0_10_5_1
P364,3,2,3,1,2,1,2,3,2,2,0,2,1,1,2,3,2,2,3,1,2,Psi_Site_Chen_MathFeature_Latest_5_0_10_5_1
P365,0,3,3,3,2,0,3,0,3,0,0,2,1,3,3,2,1,3,3,1,1,Psi_Site_Chen_MathFeature_Latest_5_0_10_5_1
P366,0,1,1,3,2,3,2,2,1,1,0,2,1,2,1,1,3,1,3,0,3,Psi_Site_Chen_MathFeature_Latest_5_0_10_5_1
P367,0,0,3,1,0,1,1,2,3,0,0,1,2,2,3,0,1,0,3,1,0,Psi_Site_Chen_MathFeature_Latest_5_0_10_5_1
P368,2,2,1,1,2,2,2,1,2,3,0,2,2,3,1,0,0,2,1,0,0,Psi_Site_Chen_MathFeature_Latest_5_0_10_5_1
P369,3,0,3,1,2,2,3,3,3,0,0,1,1,2,1,1,1,1,0,2,1,Psi_Site_Chen_MathFeature_Latest_5_0_10_5_1
P370,0,1,1,2,2,3,1,2,1,0,0,0,2,2,0,0,1,1,2,2,0,Psi_Site_Chen_MathFeature_Latest_5_0_10_5_1
P371,2,3,2,2,3,1,1,0,1,1,0,2,0,2,2,1,2,2,2,3,3,Psi_Site_Chen_MathFeature_Latest_5_0_10_5_1
P372,1,1,0,3,3,3,3,2,0,2,0,3,2,3,0,2,2,1,0,0,0,Psi_Site_Chen_MathFeature_Latest_5_0_10_5_1
P373,0,1,0,1,0,1,0,1,2,1,0,2,0,0,1,0,0,0,3,3,0,Psi_Site_Chen_MathFeature_Latest_5_0_10_5_1
P374,3,2,0,1,0,1,2,2,1,1,0,2,0,0,1,0,1,2,2,2,1,Psi_Site_Chen_MathFeature_Latest_5_0_10_5_1
P375,3,3,2,2,2,2,3,1,1,0,0,1,0,1,1,1,2,2,2,3,1,Psi_Site_Chen_MathFeature_Latest_5_0_10_5_1
P376,3,2,2,3,1,2,3,1,3,3,0,3,0,1,1,1,1,2,3,1,1,Psi_Site_Chen_MathFeature_Latest_5_0_10_5_1
P377,0,0,1,2,1,1,2,0,1,0,0,0,1,3,0,0,0,3,2,3,0,Psi_Site_Chen_MathFeature_Latest_5_0_10_5_1
P378,1,2,0,0,3,2,1,1,2,1,0,0,1,3,3,1,0,0,1,2,2,Psi_Site_Chen_MathFeature_Latest_5_0_10_5_1
P379,1,3,2,2,3,3,0,3,3,1,0,0,0,3,1,3,1,2,0,3,1,Psi_Site_Chen_MathFeature_Latest_5_0_10_5_1
P380,0,3,0,0,0,0,2,2,0,0,0,1,0,2,1,2,1,2,1,1,1,Psi_Site_Chen_MathFeature_Latest_5_0_10_5_1
P381,3,2,2,3,3,2,1,1,1,1,0,0,1,1,1,2,2,2,0,2,3,Psi_Site_Chen_MathFeature_Latest_5_0_10_5_1
P382,3,1,2,3,1,2,1,0,3,3,0,2,2,2,2,1,1,0,0,0,1,Psi_Site_Chen_MathFeature_Latest_5_0_10_5_1
P383,0,2,1,0,0,3,3,3,1,2,0,2,0,3,0,0,2,2,2,0,2,Psi_Site_Chen_MathFeature_Latest_5_0_10_5_1
P384,1,0,0,2,0,3,0,0,0,3,0,0,2,3,3,2,1,1,2,2,2,Psi_Site_Chen_MathFeature_Latest_5_0_10_5_1
P385,0,3,3,3,2,3,1,0,3,3,0,3,0,1,0,0,2,0,3,1,1,Psi_Site_Chen_MathFeature_Latest_5_0_10_5_1
P386,0,3,0,1,0,1,2,0,3,1,0,2,1,2,2,3,2,2,3,2,3,Psi_Site_Chen_MathFeature_Latest_5_0_10_5_1
P387,3,2,1,2,2,3,3,2,3,2,0,3,3,1,0,3,2,2,3,2,3,Psi_Site_Chen_MathFeature_Latest_5_0_10_5_1
P388,1,3,3,3,2,2,2,3,0,3,0,2,3,2,3,2,2,2,2,1,1,Psi_Site_Chen_MathFeature_Latest_5_0_10_5_1
P389,2,0,0,0,1,2,2,3,3,2,0,2,0,3,0,3,1,1,2,3,3,Psi_Site_Chen_MathFeature_Latest_5_0_10_5_1
P390,2,1,1,2,0,1,1,0,0,0,0,1,0,0,3,3,3,3,0,0,3,Psi_Site_Chen_MathFeature_Latest_5_0_10_5_1
P391,1,2,2,2,0,0,0,2,3,3,0,2,0,3,2,2,2,0,0,1,1,Psi_Site_Chen_MathFeature_Latest_5_0_10_5_1
P392,3,3,0,0,0,3,3,2,1,2,0,0,3,2,2,2,0,3,3,1,0,Psi_Site_Chen_MathFeature_Latest_5_0_10_5_1
P393,3,0,2,1,1,3,0,0,2,0,0,3,1,1,2,1,1,2,1,2,2,Psi_Site_Chen_MathFeature_Latest_5_0_10_5_1
P394,2,3,2,0,3,0,3,2,1,2,0,0,1,2,2,1,2,1,0,2,2,Psi_Site_Chen_MathFeature_Latest_5_0_10_5_1
P395,3,2,3,3,1,2,3,3,1,0,0,3,3,1,3,3,0,3,3,1,3,Psi_Site_Chen_MathFeature_Latest_5_0_10_5_1
P396,3,1,2,2,0,3,3,3,0,0,0,0,1,2,0,3,0,3,2,0,1,Psi_Site_Chen_MathFeature_Latest_5_0_10_5_1
P397,3,3,2,2,3,1,1,1,1,0,0,2,2,3,0,1,3,3,3,0,2,Psi_Site_Chen_MathFeature_Latest_5_0_10_5_1
P398,1,0,1,0,0,1,2,0,3,0,0,2,1,2,1,0,2,2,0,3,2,Psi_Site_Chen_MathFeature_Latest_5_0_10_5_1
P399,1,2,2,3,0,1,3,3,1,0,0,0,3,1,0,2,0,2,2,2,1,Psi_Site_Chen_MathFeature_Latest_5_0_10_5_1
P400,1,0,1,1,1,1,2,3,2,1,0,3,1,0,0,1,2,3,1,1,3,Psi_Site_Chen_MathFeature_Latest_5_0_10_5_1
P401,2,3,0,2,1,1,1,2,2,1,0,1,1,1,3,1,2,0,1,1,1,Psi_Site_Chen_MathFeature_Latest_5_0_10_5_1
P402,3,2,3,0,0,1,0,1,0,0,0,0,1,0,0,0,3,0,3,2,2,Psi_Site_Chen_MathFeature_Latest_5_0_10_5_1
P403,1,1,3,1,1,1,3,1,0,0,0,2,2,1,1,2,3,0,3,1,2,Psi_Site_Chen_MathFeature_Latest_5_0_10_5_1
P404,3,0,1,2,2,3,2,3,1,1,0,3,1,3,3,1,0,2,1,2,3,Psi_Site_Chen_MathFeature_Latest_5_0_10_5_1
P405,2,2,2,2,3,3,2,3,2,1,0,0,1,2,0,3,0,3,1,1,1,Psi_Site_Chen_MathFeature_Latest_5_0_10_5_1
P406,3,1,1,2,2,2,0,2,0,3,0,2,3,2,3,3,2,1,1,0,2,Psi_Site_Chen_MathFeature_Latest_5_0_10_5_1
P407,2,2,0,3,2,3,0,3,0,3,0,0,3,1,2,1,2,3,2,1,2,Psi_Site_Chen_MathFeature_Latest_5_0_10_5_1
P408,0,1,3,0,3,0,3,1,0,3,0,3,2,0,1,3,1,2,1,1,0,Psi_Site_Chen_MathFeature_Latest_5_0_10_5_1
P409,2,3,0,1,1,0,1,0,0,1,0,2,2,3,1,2,2,2,3,0,3,Psi_Site_Chen_MathFeature_Latest_5_0_10_5_1
P410,2,2,3,2,0,1,0,3,0,3,0,2,0,3,3,3,2,0,0,2,2,Psi_Site_Chen_MathFeature_Latest_5_0_10_5_1
P411,0,2,0,3,3,0,0,1,1,0,0,0,3,3,0,1,3,1,0,1,3,Psi_Site_Chen_MathFeature_Latest_5_0_10_5_1
P412,0,3,1,3,0,3,1,2,0,0,0,2,0,1,2,3,2,0,1,2,2,Psi_Site_Chen_MathFeature_Latest_5_0_10_5_1
P413,0,3,2,1,1,2,1,3,3,3,0,3,2,1,3,3,3,3,2,2,0,Psi_Site_Chen_MathFeature_Latest_5_0_10_5_1
P414,3,3,1,1,1,1,1,1,2,3,0,1,1,1,1,1,1,2,3,3,3,Psi_Site_Chen_MathFeature_Latest_5_0_10_5_1
P415,2,0,3,3,1,3,3,0,1,1,0,3,2,3,3,0,1,0,2,3,3,Psi_Site_Chen_MathFeature_Latest_5_0_10_5_1
P416,0,2,3,1,3,2,3,3,0,3,0,2,2,2,3,2,3,3,3,1,2,Psi_Site_Chen_MathFeature_Latest_5_0_10_5_1
P417,2,1,2,2,1,3,2,1,1,1,0,2,0,1,0,2,1,3,0,3,2,Psi_Site_Chen_MathFeature_Latest_5_0_10_5_1
P418,2,0,1,1,1,1,1,2,0,1,0,2,2,3,2,2,0,1,1,0,2,Psi_Site_Chen_MathFeature_Latest_5_0_10_5_1
P419,0,3,3,2,3,1,3,2,3,1,0,2,0,2,3,2,3,0,1,1,0,Psi_Site_Chen_MathFeature_Latest_5_0_10_5_1
P420,3,0,2,2,3,3,2,2,2,2,0,2,2,1,3,2,0,0,1,3,3,Psi_Site_Chen_MathFeature_Latest_5_0_10_5_1
P421,2,0,0,0,2,0,0,2,0,0,0,3,2,3,0,3,0,0,3,0,0,Psi_Site_Chen_MathFeature_Latest_5_0_10_5_1
P422,3,0,0,0,0,3,3,2,1,1,0,1,1,0,3,3,0,0,1,2,3,Psi_Site_Chen_MathFeature_Latest_5_0_10_5_1
P423,2,0,0,0,1,2,1,2,3,3,0,2,2,3,1,1,2,2,3,2,0,Psi_Site_Chen_MathFeature_Latest_5_0_10_5_1
P424,2,0,2,0,2,0,2,3,3,2,0,0,1,3,0,3,0,0,1,3,1,Psi_Site_Chen_MathFeature_Latest_5_0_10_5_1
P425,2,3,0,0,0,3,3,3,1,2,0,0,0,3,2,1,0,3,2,1,0,Psi_Site_Chen_MathFeature_Latest_5_0_10_5_1
P426,3,2,2,3,2,2,0,1,0,3,0,3,2,2,2,3,2,2,0,2,0,Psi_Site_Chen_MathFeature_Latest_5_0_10_5_1
P427,3,1,1,1,2,1,1,1,0,3,0,2,3,3,2,3,1,3,0,2,2,Psi_Site_Chen_MathFeature_Latest_5_0_10_5_1
P428,2,2,3,2,2,1,0,0,3,3,0,3,1,2,3,3,1,2,1,1,2,Psi_Site_Chen_MathFeature_Latest_5_0_10_5_1
P429,0,0,0,1,0,0,1,1,0,3,0,3,0,3,0,1,1,1,1,0,2,Psi_Site_Chen_MathFeature_Latest_5_0_10_5_1
P430,0,2,2,0,0,0,0,3,1,2,0,0,2,0,2,0,1,0,2,3,3,Psi_Site_Chen_MathFeature_Latest_5_0_10_5_1
P431,2,2,1,0,3,2,3,1,2,3,0,0,1,2,0,3,3,2,3,2,2,Psi_Site_Chen_MathFeature_Latest_5_0_10_5_1
P432,2,2,3,2,2,3,3,2,3,0,0,0,2,0,2,2,1,3,0,0,1,Psi_Site_Chen_MathFeature_Latest_5_0_10_5_1
P433,2,2,3,2,3,0,3,3,3,0,0,2,2,2,3,0,1,1,0,2,3,Psi_Site_Chen_MathFeature_Latest_5_0_10_5_1
P434,0,0,2,0,0,3,3,3,1,3,0,2,0,0,0,2,0,1,2,2,0,Psi_Site_Chen_MathFeature_Latest_5_0_10_5_1
P435,3,1,3,3,1,1,1,1,0,3,0,2,3,0,3,3,1,3,1,1,3,Psi_Site_Chen_MathFeature_Latest_5_0_10_5_1
P436,0,1,1,2,2,3,1,2,0,1,0,0,1,1,3,2,2,3,2,3,0,Psi_Site_Chen_MathFeature_Latest_5_0_10_5_1
P437,1,2,2,0,0,1,0,3,0,3,0,0,1,2,1,1,1,0,1,2,1,Psi_Site_Chen_MathFeature_Latest_5_0_10_5_1
P438,0,1,1,0,1,2,3,1,3,0,0,2,1,1,3,1,1,2,1,2,1,Psi_Site_Chen_MathFeature_Latest_5_0_10_5_1
P439,3,3,3,0,0,1,1,2,3,3,0,0,0,1,2,3,2,1,2,1,0,Psi_Site_Chen_MathFeature_Latest_5_0_10_5_1
P440,2,2,0,3,0,1,0,1,3,3,0,2,0,2,2,2,2,1,2,1,3,Psi_Site_Chen_MathFeature_Latest_5_0_10_5_1
P441,0,3,2,2,3,0,0,1,1,1,0,2,0,1,0,2,1,3,3,2,2,Psi_Site_Chen_MathFeature_Latest_5_0_10_5_1
P442,1,1,0,0,2,3,0,2,2,1,0,2,0,3,1,2,3,0,0,0,0,Psi_Site_Chen_MathFeature_Latest_5_0_10_5_1
P443,0,1,2,1,1,2,2,1,1,2,0,0,2,2,2,3,3,0,3,0,0,Psi_Site_Chen_MathFeature_Latest_5_0_10_5_1
P444,2,2,0,0,0,0,3,2,1,0,0,0,2,2,2,0,1,1,0,1,0,Psi_Site_Chen_MathFeature_Latest_5_0_10_5_1
P445,0,3,0,0,1,2,0,0,0,3,0,0,1,2,0,1,1,2,0,3,0,Psi_Site_Chen_MathFeature_Latest_5_0_10_5_1
P446,2,1,1,1,2,1,1,1,2,1,0,1,1,2,1,2,1,1,2,1,1,Psi_Site_Chen_MathFeature_Latest_5_0_10_5_1
P447,2,3,0,1,0,0,1,1,0,0,0,2,2,0,0,0,0,3,0,0,2,Psi_Site_Chen_MathFeature_Latest_5_0_10_5_1
P448,2,3,3,3,2,2,1,3,2,2,0,0,1,3,0,3,3,3,0,3,1,Psi_Site_Chen_MathFeature_Latest_5_0_10_5_1
P449,1,2,2,1,1,2,1,1,0,3,0,0,0,1,2,1,0,2,2,0,2,Psi_Site_Chen_MathFeature_Latest_5_0_10_5_1
P450,2,0,0,2,1,0,1,2,0,2,0,1,2,3,2,0,0,0,2,2,2,Psi_Site_Chen_MathFeature_Latest_5_0_10_5_1
P451,0,1,1,2,2,1,1,2,3,2,0,0,2,3,3,3,3,2,3,2,3,Psi_Site_Chen_MathFeature_Latest_5_0_10_5_1
P452,0,2,1,0,3,3,2,2,1,2,0,2,1,2,2,1,2,1,2,1,2,Psi_Site_Chen_MathFeature_Latest_5_0_10_5_1
P453,3,2,2,2,2,3,0,1,0,3,0,2,2,0,0,1,0,0,0,1,1,Psi_Site_Chen_MathFeature_Latest_5_0_10_5_1
P454,1,2,0,1,3,1,3,1,0,3,0,0,3,3,2,2,2,3,1,3,3,Psi_Site_Chen_MathFeature_Latest_5_0_10_5_1
P455,2,1,0,1,3,0,1,1,3,1,0,2,0,1,2,2,3,2,0,0,0,Psi_Site_Chen_MathFeature_Latest_5_0_10_5_1
P456,3,2,2,0,0,0,0,0,2,2,0,1,0,3,0,0,2,0,3,1,0,Psi_Site_Chen_MathFeature_Latest_5_0_10_5_1
P457,1,0,3,2,0,3,2,2,1,1,0,2,0,3,1,2,2,3,0,1,1,Psi_Site_Chen_MathFeature_Latest_5_0_10_5_1
P458,1,0,2,0,3,3,3,2,0,3,0,3,0,3,3,1,2,3,2,3,1,Psi_Site_Chen_MathFeature_Latest_5_0_10_5_1
P459,1,1,0,0,3,0,1,0,2,0,0,3,0,0,3,2,2,0,1,3,3,Psi_Site_Chen_MathFeature_Latest_5_0_10_5_1
P460,3,1,2,2,0,0,0,0,3,0,0,3,0,0,2,1,2,3,2,1,0,Psi_Site_Chen_MathFeature_Latest_5_0_10_5_1
P461,2,1,0,2,0,0,2,3,2,2,0,2,0,2,3,2,2,2,0,2,1,Psi_Site_Chen_MathFeature_Latest_5_0_10_5_1
P462,2,3,3,3,2,3,1,2,2,2,0,1,1,1,2,1,1,0,0,0,2,Psi_Site_Chen_MathFeature_Latest_5_0_10_5_1
P463,1,3,3,3,2,0,0,2,1,0,0,0,3,2,3,3,2,1,1,2,3,Psi_Site_Chen_MathFeature_Latest_5_0_10_5_1
P464,2,2,0,1,0,2,0,3,0,3,0,3,0,3,1,3,0,3,0,3,0,Psi_Site_Chen_MathFeature_Latest_5_0_10_5_1
P465,0,0,1,0,2,2,1,3,0,1,0,0,1,2,0,2,1,1,1,2,2,Psi_Site_Chen_MathFeature_Latest_5_0_10_5_1
P466,3,0,1,2,1,1,3,3,2,3,0,0,0,0,0,0,2,1,1,0,1,Psi_Site_Chen_MathFeature_Latest_5_0_10_5_1
P467,3,0,3,3,1,1,1,3,3,2,0,3,3,0,1,2,0,3,1,0,3,Psi_Site_Chen_MathFeature_Latest_5_0_10_5_1
P468,1,1,1,1,1,1,2,1,1,2,0,0,1,1,0,2,1,1,3,1,0,Psi_Site_Chen_MathFeature_Latest_5_0_10_5_1
P469,3,2,3,2,1,0,3,3,0,3,0,0,1,0,1,2,2,2,1,1,1,Psi_Site_Chen_MathFeature_Latest_5_0_10_5_1
P470,3,0,3,3,2,0,3,3,3,3,0,3,0,1,3,0,3,3,3,1,1,Psi_Site_Chen_MathFeature_Latest_5_0_10_5_1
P471,0,0,1,2,0,1,1,3,1,2,0,3,2,3,2,2,0,3,2,1,0,Psi_Site_Chen_MathFeature_Latest_5_0_10_5_1
P472,1,1,2,3,3,1,0,2,1,0,0,0,3,3,3,2,2,2,3,0,0,Psi_Site_Chen_MathFeature_Latest_5_0_10_5_1
P473,2,0,3,1,0,3,3,3,3,0,0,1,1,2,2,1,1,1,0,0,1,Psi_Site_Chen_MathFeature_Latest_5_0_10_5_1
P474,0,3,0,0,2,2,1,1,2,3,0,0,0,0,0,0,0,0,0,0,0,Psi_Site_Chen_MathFeature_Latest_5_0_10_5_1
P475,1,3,3,3,0,2,3,1,3,3,0,3,1,2,3,0,1,1,1,3,3,Psi_Site_Chen_MathFeature_Latest_5_0_10_5_1
P476,2,3,1,0,0,0,1,2,1,0,0,0,2,3,2,2,1,2,0,0,0,Psi_Site_Chen_MathFeature_Latest_5_0_10_5_1
P477,3,1,1,2,3,3,2,2,3,1,0,0,1,3,3,3,2,2,3,1,1,Psi_Site_Chen_MathFeature_Latest_5_0_10_5_1
P478,3,2,3,1,1,2,1,2,3,0,0,2,2,2,0,0,1,0,3,3,1,Psi_Site_Chen_MathFeature_Latest_5_0_10_5_1
P479,1,2,3,3,0,1,1,0,0,0,0,0,3,3,2,3,3,3,1,2,2,Psi_Site_Chen_MathFeature_Latest_5_0_10_5_1
P480,2,3,2,2,2,3,0,3,1,2,0,0,0,2,0,0,3,0,1,0,0,Psi_Site_Chen_MathFeature_Latest_5_0_10_5_1
P481,3,0,2,1,0,1,0,3,1,0,0,3,1,3,3,2,3,3,3,1,0,Psi_Site_Chen_MathFeature_Latest_5_0_10_5_1
P482,0,2,3,0,3,0,2,2,3,0,0,2,2,2,0,1,1,0,0,2,0,Psi_Site_Chen_MathFeature_Latest_5_0_10_5_1
P483,0,3,1,3,2,3,3,3,0,1,0,2,2,3,0,2,3,3,3,0,1,Psi_Site_Chen_MathFeature_Latest_5_0_10_5_1
P484,1,0,1,2,1,1,0,3,1,1,0,0,1,1,1,1,0,3,2,2,1,Psi_Site_Chen_MathFeature_Latest_5_0_10_5_1
P485,2,1,1,1,1,2,2,2,3,2,0,3,3,0,3,2,2,1,0,3,0,Psi_Site_Chen_MathFeature_Latest_5_0_10_5_1
P486,2,2,0,2,0,3,1,2,3,0,0,0,2,2,2,0,1,0,3,1,1,Psi_Site_Chen_MathFeature_Latest_5_0_10_5_1
P487,0,0,2,2,0,0,0,2,3,3,0,0,0,1,0,0,0,0,0,0,0,Psi_Site_Chen_MathFeature_Latest_5_0_10_5_1
P488,0,0,0,0,3,2,3,0,0,0,0,0,0,0,3,0,3,3,3,3,3,Psi_Site_Chen_MathFeature_Latest_5_0_10_5_1
P489,3,3,1,0,2,1,2,0,0,0,0,1,0,2,1,1,1,1,2,3,2,Psi_Site_Chen_MathFeature_Latest_5_0_10_5_1
P490,0,2,3,1,0,0,0,3,3,3,0,3,1,0,2,2,0,3,3,0,3,Psi_Site_Chen_MathFeature_Latest_5_0_10_5_1
P491,3,3,3,2,2,2,2,2,2,0,0,1,0,1,2,3,0,0,3,0,1,Psi_Site_Chen_MathFeature_Latest_5_0_10_5_1
P492,2,3,3,1,2,3,2,3,3,0,0,3,1,3,3,0,3,2,3,1,1,Psi_Site_Chen_MathFeature_Latest_5_0_10_5_1
P493,2,3,1,1,1,1,1,1,1,1,0,0,1,2,1,0,0,0,1,1,0,Psi_Site_Chen_MathFeature_Latest_5_0_10_5_1
P494,3,0,0,3,0,3,0,0,3,0,0,0,2,1,2,2,0,2,1,0,1,Psi_Site_Chen_MathFeature_Latest_5_0_10_5_1
P495,3,3,1,3,2,0,3,1,1,0,0,1,1,2,0,1,2,3,0,1,3,Psi_Site_Chen_MathFeature_Latest_5_0_10_5_1
N1,1,1,0,0,0,0,0,1,1,0,0,1,0,1,1,0,0,1,1,0,0,Psi_Site_Chen_MathFeature_Latest_5_0_10_5_1
N2,0,0,2,1,1,0,3,2,1,1,0,0,2,2,1,0,0,0,0,1,1,Psi_Site_Chen_MathFeature_Latest_5_0_10_5_1
N3,0,1,0,3,2,0,2,3,2,1,0,3,0,1,0,0,1,2,2,0,0,Psi_Site_Chen_MathFeature_Latest_5_0_10_5_1
N4,0,3,0,2,2,2,3,1,0,3,0,2,1,0,0,2,1,3,3,3,0,Psi_Site_Chen_MathFeature_Latest_5_0_10_5_1
N5,1,3,3,3,2,2,1,2,1,0,0,1,2,0,0,2,1,1,2,1,1,Psi_Site_Chen_MathFeature_Latest_5_0_10_5_1
N6,3,0,0,1,1,1,1,2,3,1,0,3,2,2,3,2,3,0,0,1,0,Psi_Site_Chen_MathFeature_Latest_5_0_10_5_1
N7,1,2,2,1,2,3,0,1,0,3,0,0,0,0,2,1,3,3,3,2,2,Psi_Site_Chen_MathFeature_Latest_5_0_10_5_1
N8,2,0,0,2,0,0,0,3,0,0,0,2,1,1,2,1,0,0,2,3,2,Psi_Site_Chen_MathFeature_Latest_5_0_10_5_1
N9,2,1,2,1,2,3,3,2,0,3,0,1,2,3,1,3,0,1,2,0,1,Psi_Site_Chen_MathFeature_Latest_5_0_10_5_1
N10,0,3,2,1,2,1,0,2,3,2,0,2,3,3,3,3,3,1,1,0,3,Psi_Site_Chen_MathFeature_Latest_5_0_10_5_1
N11,0,3,0,3,3,0,3,2,1,2,0,1,2,1,2,3,0,0,1,2,0,Psi_Site_Chen_MathFeature_Latest_5_0_10_5_1
N12,3,2,1,0,1,1,2,1,2,3,0,3,2,0,3,0,2,1,0,3,3,Psi_Site_Chen_MathFeature_Latest_5_0_10_5_1
N13,0,1,0,0,0,2,3,3,0,1,0,0,0,3,0,2,0,2,0,2,1,Psi_Site_Chen_MathFeature_Latest_5_0_10_5_1
N14,0,3,3,2,0,2,0,0,2,0,0,3,0,0,1,0,2,0,0,3,3,Psi_Site_Chen_MathFeature_Latest_5_0_10_5_1
N15,0,0,0,1,1,1,2,3,0,1,0,3,0,1,0,3,0,0,0,1,1,Psi_Site_Chen_MathFeature_Latest_5_0_10_5_1
N16,0,3,0,0,3,2,0,2,1,0,0,3,3,0,1,2,0,2,3,2,3,Psi_Site_Chen_MathFeature_Latest_5_0_10_5_1
N17,0,0,1,0,1,0,0,0,0,2,0,0,2,3,2,0,0,1,2,0,0,Psi_Site_Chen_MathFeature_Latest_5_0_10_5_1
N18,2,2,0,3,2,2,0,1,2,2,0,0,0,3,0,2,0,0,1,0,0,Psi_Site_Chen_MathFeature_Latest_5_0_10_5_1
N19,2,0,3,0,1,0,0,0,0,0,0,0,1,1,1,1,1,0,3,3,2,Psi_Site_Chen_MathFeature_Latest_5_0_10_5_1
N20,0,3,3,2,0,0,0,2,3,1,0,2,1,0,3,0,3,0,1,2,2,Psi_Site_Chen_MathFeature_Latest_5_0_10_5_1
N21,1,1,2,0,3,1,2,3,0,0,0,0,0,2,0,1,2,1,0,2,0,Psi_Site_Chen_MathFeature_Latest_5_0_10_5_1
N22,0,0,0,0,0,0,3,1,0,2,0,0,1,1,2,2,2,0,3,2,2,Psi_Site_Chen_MathFeature_Latest_5_0_10_5_1
N23,3,3,3,0,3,0,0,3,0,0,0,1,1,0,2,2,3,0,0,0,1,Psi_Site_Chen_MathFeature_Latest_5_0_10_5_1
N24,1,2,1,1,1,0,0,3,0,1,0,2,3,0,0,0,1,0,3,2,0,Psi_Site_Chen_MathFeature_Latest_5_0_10_5_1
N25,0,0,3,1,1,0,2,1,0,3,0,0,0,0,2,1,0,3,0,2,0,Psi_Site_Chen_MathFeature_Latest_5_0_10_5_1
N26,2,2,0,3,3,0,3,2,0,2,0,0,3,0,1,2,2,2,0,3,0,Psi_Site_Chen_MathFeature_Latest_5_0_10_5_1
N27,0,0,0,1,2,1,1,0,2,2,0,1,0,2,2,0,3,2,2,2,0,Psi_Site_Chen_MathFeature_Latest_5_0_10_5_1
N28,0,0,3,2,2,0,0,0,1,0,0,0,0,0,2,0,2,3,0,3,0,Psi_Site_Chen_MathFeature_Latest_5_0_10_5_1
N29,0,1,0,2,2,2,3,0,2,1,0,1,0,0,0,1,0,0,0,3,0,Psi_Site_Chen_MathFeature_Latest_5_0_10_5_1
N30,2,0,2,3,2,1,1,3,2,2,0,0,3,3,3,0,2,3,0,3,0,Psi_Site_Chen_MathFeature_Latest_5_0_10_5_1
N31,0,1,1,0,0,1,0,3,0,0,0,0,0,0,2,0,0,0,0,3,0,Psi_Site_Chen_MathFeature_Latest_5_0_10_5_1
N32,2,1,1,1,3,0,1,0,3,3,0,0,1,0,1,2,1,2,0,2,0,Psi_Site_Chen_MathFeature_Latest_5_0_10_5_1
N33,0,0,0,0,0,0,0,2,2,3,0,0,3,2,3,2,3,2,1,1,2,Psi_Site_Chen_MathFeature_Latest_5_0_10_5_1
N34,0,0,2,3,3,2,3,0,0,2,0,3,3,3,2,1,0,3,0,0,0,Psi_Site_Chen_MathFeature_Latest_5_0_10_5_1
N35,0,1,2,0,1,0,2,1,2,0,0,0,0,1,1,2,2,0,0,0,0,Psi_Site_Chen_MathFeature_Latest_5_0_10_5_1
N36,3,2,3,2,2,0,1,0,3,2,0,2,2,0,0,0,0,0,0,0,0,Psi_Site_Chen_MathFeature_Latest_5_0_10_5_1
N37,0,1,0,2,0,0,1,1,0,1,0,0,3,3,3,0,3,0,2,0,0,Psi_Site_Chen_MathFeature_Latest_5_0_10_5_1
N38,0,1,1,0,0,1,1,0,0,0,0,3,0,0,1,1,0,3,1,2,1,Psi_Site_Chen_MathFeature_Latest_5_0_10_5_1
N39,0,3,3,3,2,0,0,2,0,0,0,1,2,2,0,2,3,0,1,0,0,Psi_Site_Chen_MathFeature_Latest_5_0_10_5_1
N40,0,1,0,3,0,2,3,2,0,2,0,1,0,3,0,0,2,2,2,2,1,Psi_Site_Chen_MathFeature_Latest_5_0_10_5_1
N41,0,3,2,3,3,2,0,1,2,2,0,3,0,3,0,3,0,0,0,0,3,Psi_Site_Chen_MathFeature_Latest_5_0_10_5_1
N42,0,0,2,2,0,2,2,1,0,0,0,3,3,2,0,2,2,2,2,3,0,Psi_Site_Chen_MathFeature_Latest_5_0_10_5_1
N43,1,2,3,0,1,1,2,2,3,2,0,1,0,0,1,0,0,2,0,3,3,Psi_Site_Chen_MathFeature_Latest_5_0_10_5_1
N44,1,0,0,0,0,0,0,0,0,0,0,0,0,0,0,2,2,2,3,2,0,Psi_Site_Chen_MathFeature_Latest_5_0_10_5_1
N45,2,1,0,3,2,2,3,1,0,3,0,1,0,0,1,2,3,2,1,2,1,Psi_Site_Chen_MathFeature_Latest_5_0_10_5_1
N46,0,1,3,0,0,2,1,3,3,2,0,3,3,0,0,3,0,3,2,3,1,Psi_Site_Chen_MathFeature_Latest_5_0_10_5_1
N47,1,2,1,1,2,0,3,0,3,3,0,0,3,1,0,3,3,3,2,0,0,Psi_Site_Chen_MathFeature_Latest_5_0_10_5_1
N48,2,3,1,2,3,0,1,3,3,3,0,3,1,0,1,0,0,2,1,1,1,Psi_Site_Chen_MathFeature_Latest_5_0_10_5_1
N49,1,3,3,3,2,3,3,2,2,2,0,0,1,0,0,0,0,1,0,3,3,Psi_Site_Chen_MathFeature_Latest_5_0_10_5_1
N50,3,0,1,2,1,1,0,1,0,0,0,1,0,0,0,2,3,3,0,0,2,Psi_Site_Chen_MathFeature_Latest_5_0_10_5_1
N51,0,3,0,3,0,0,2,3,3,2,0,1,0,0,0,0,0,3,1,2,0,Psi_Site_Chen_MathFeature_Latest_5_0_10_5_1
N52,2,3,2,2,1,0,3,3,3,0,0,2,0,3,2,0,3,3,0,3,1,Psi_Site_Chen_MathFeature_Latest_5_0_10_5_1
N53,0,1,0,1,2,1,1,2,0,1,0,3,3,0,0,2,0,1,0,1,2,Psi_Site_Chen_MathFeature_Latest_5_0_10_5_1
N54,0,0,3,3,0,1,1,0,2,3,0,0,3,3,3,1,1,2,3,3,0,Psi_Site_Chen_MathFeature_Latest_5_0_10_5_1
N55,2,3,0,0,0,1,0,1,1,2,0,1,0,2,2,1,1,0,2,2,2,Psi_Site_Chen_MathFeature_Latest_5_0_10_5_1
N56,2,2,0,3,3,0,1,2,3,1,0,3,0,3,2,2,0,3,3,2,2,Psi_Site_Chen_MathFeature_Latest_5_0_10_5_1
N57,2,3,0,1,1,2,2,3,2,2,0,3,0,2,2,0,2,3,0,0,3,Psi_Site_Chen_MathFeature_Latest_5_0_10_5_1
N58,2,0,0,1,0,1,1,0,0,2,0,3,0,2,2,2,1,1,0,1,1,Psi_Site_Chen_MathFeature_Latest_5_0_10_5_1
N59,3,3,2,0,1,0,2,0,3,3,0,3,1,2,0,3,1,0,3,2,0,Psi_Site_Chen_MathFeature_Latest_5_0_10_5_1
N60,0,2,1,2,3,3,1,2,2,0,0,3,1,0,2,0,3,0,2,3,2,Psi_Site_Chen_MathFeature_Latest_5_0_10_5_1
N61,0,2,3,1,1,3,3,3,1,2,0,3,3,0,3,3,1,2,1,2,1,Psi_Site_Chen_MathFeature_Latest_5_0_10_5_1
N62,2,3,0,2,3,2,0,1,0,3,0,3,2,3,3,1,2,3,0,0,2,Psi_Site_Chen_MathFeature_Latest_5_0_10_5_1
N63,0,2,2,2,2,2,3,3,3,3,0,3,0,3,3,0,1,2,3,2,2,Psi_Site_Chen_MathFeature_Latest_5_0_10_5_1
N64,3,2,0,3,3,0,3,3,1,2,0,1,0,1,2,0,3,0,2,0,0,Psi_Site_Chen_MathFeature_Latest_5_0_10_5_1
N65,2,2,0,0,1,2,3,3,3,2,0,3,3,0,3,0,1,2,3,3,0,Psi_Site_Chen_MathFeature_Latest_5_0_10_5_1
N66,1,0,0,2,1,2,2,0,1,1,0,1,0,1,0,2,0,0,2,0,2,Psi_Site_Chen_MathFeature_Latest_5_0_10_5_1
N67,2,0,1,1,0,2,0,3,3,0,0,3,3,0,1,1,1,0,1,2,2,Psi_Site_Chen_MathFeature_Latest_5_0_10_5_1
N68,0,0,0,2,0,0,3,0,0,1,0,1,1,2,0,1,0,0,0,3,3,Psi_Site_Chen_MathFeature_Latest_5_0_10_5_1
N69,0,3,0,0,2,3,1,1,2,2,0,1,1,1,2,2,0,0,2,2,2,Psi_Site_Chen_MathFeature_Latest_5_0_10_5_1
N70,0,1,1,1,0,2,1,2,3,3,0,1,1,0,3,2,1,2,2,2,1,Psi_Site_Chen_MathFeature_Latest_5_0_10_5_1
N71,3,3,0,0,0,0,3,3,3,3,0,3,0,3,2,3,2,3,2,3,2,Psi_Site_Chen_MathFeature_Latest_5_0_10_5_1
N72,0,0,2,2,2,2,3,3,3,2,0,1,0,1,2,2,3,3,2,2,0,Psi_Site_Chen_MathFeature_Latest_5_0_10_5_1
N73,2,2,3,2,3,0,2,2,2,2,0,2,0,1,0,2,1,2,2,2,2,Psi_Site_Chen_MathFeature_Latest_5_0_10_5_1
N74,3,0,2,2,1,2,2,1,0,2,0,1,2,3,3,2,3,1,0,2,1,Psi_Site_Chen_MathFeature_Latest_5_0_10_5_1
N75,1,2,1,0,3,0,3,1,1,0,0,1,0,2,0,1,1,1,0,0,1,Psi_Site_Chen_MathFeature_Latest_5_0_10_5_1
N76,0,0,0,3,1,1,2,3,2,2,0,0,0,1,1,2,3,2,2,3,3,Psi_Site_Chen_MathFeature_Latest_5_0_10_5_1
N77,3,0,0,0,1,1,0,1,0,0,0,3,3,1,0,1,1,0,2,0,3,Psi_Site_Chen_MathFeature_Latest_5_0_10_5_1
N78,1,2,0,2,0,1,2,2,1,0,0,0,0,2,0,0,1,0,1,0,1,Psi_Site_Chen_MathFeature_Latest_5_0_10_5_1
N79,0,3,1,2,1,1,2,2,0,0,0,3,0,1,1,2,0,2,0,3,1,Psi_Site_Chen_MathFeature_Latest_5_0_10_5_1
N80,0,2,0,0,2,0,3,0,2,0,0,0,0,1,1,0,1,2,2,0,0,Psi_Site_Chen_MathFeature_Latest_5_0_10_5_1
N81,2,1,2,0,0,0,1,1,2,2,0,3,1,0,2,3,1,1,1,2,2,Psi_Site_Chen_MathFeature_Latest_5_0_10_5_1
N82,2,2,3,0,1,1,1,1,1,2,0,3,2,2,1,0,1,1,0,1,1,Psi_Site_Chen_MathFeature_Latest_5_0_10_5_1
N83,3,0,0,0,3,3,2,3,3,1,0,2,2,0,0,2,0,3,3,3,2,Psi_Site_Chen_MathFeature_Latest_5_0_10_5_1
N84,1,0,3,0,2,2,1,0,1,1,0,0,1,1,2,0,3,3,3,0,3,Psi_Site_Chen_MathFeature_Latest_5_0_10_5_1
N85,3,3,3,1,2,2,2,3,0,3,0,2,3,2,1,2,1,0,0,0,3,Psi_Site_Chen_MathFeature_Latest_5_0_10_5_1
N86,2,0,2,0,1,0,0,3,3,3,0,2,0,0,1,0,2,2,3,0,0,Psi_Site_Chen_MathFeature_Latest_5_0_10_5_1
N87,0,0,0,3,3,3,1,0,2,3,0,2,0,1,2,2,1,0,0,2,0,Psi_Site_Chen_MathFeature_Latest_5_0_10_5_1
N88,2,0,3,3,1,0,3,1,0,2,0,3,2,2,1,2,0,2,1,0,3,Psi_Site_Chen_MathFeature_Latest_5_0_10_5_1
N89,1,2,3,2,1,0,3,2,0,0,0,0,1,2,3,2,3,0,3,3,0,Psi_Site_Chen_MathFeature_Latest_5_0_10_5_1
N90,0,3,0,2,1,2,2,3,1,0,0,3,1,2,2,0,0,1,1,2,1,Psi_Site_Chen_MathFeature_Latest_5_0_10_5_1
N91,3,0,0,3,0,0,0,0,3,2,0,0,0,3,1,2,0,0,0,1,1,Psi_Site_Chen_MathFeature_Latest_5_0_10_5_1
N92,0,0,2,0,0,0,3,2,0,0,0,0,1,0,3,3,2,3,0,1,1,Psi_Site_Chen_MathFeature_Latest_5_0_10_5_1
N93,1,0,0,1,3,2,3,3,1,0,0,0,0,1,1,1,1,2,1,0,3,Psi_Site_Chen_MathFeature_Latest_5_0_10_5_1
N94,3,1,1,2,3,1,2,1,1,2,0,0,0,3,0,1,3,2,2,2,2,Psi_Site_Chen_MathFeature_Latest_5_0_10_5_1
N95,0,2,2,1,2,2,1,2,2,2,0,1,1,0,3,2,2,3,2,2,2,Psi_Site_Chen_MathFeature_Latest_5_0_10_5_1
N96,2,2,0,2,2,1,2,1,2,0,0,2,2,2,3,1,2,2,0,1,2,Psi_Site_Chen_MathFeature_Latest_5_0_10_5_1
N97,2,3,1,2,2,2,1,1,2,2,0,2,3,1,1,2,2,1,2,0,1,Psi_Site_Chen_MathFeature_Latest_5_0_10_5_1
N98,0,2,3,0,1,2,1,2,2,2,0,2,2,0,2,0,2,2,2,2,0,Psi_Site_Chen_MathFeature_Latest_5_0_10_5_1
N99,2,3,3,2,2,3,2,2,2,0,0,2,2,2,3,2,2,3,2,0,1,Psi_Site_Chen_MathFeature_Latest_5_0_10_5_1
N100,3,0,0,0,3,3,2,0,2,2,0,0,2,2,2,2,2,2,2,3,2,Psi_Site_Chen_MathFeature_Latest_5_0_10_5_1
N101,2,2,0,3,1,2,2,2,3,1,0,1,2,3,2,3,1,2,3,3,1,Psi_Site_Chen_MathFeature_Latest_5_0_10_5_1
N102,0,1,0,2,3,3,3,2,2,1,0,0,0,0,3,3,3,2,1,0,0,Psi_Site_Chen_MathFeature_Latest_5_0_10_5_1
N103,2,2,2,1,0,0,2,2,3,2,0,2,0,2,0,3,2,2,2,3,3,Psi_Site_Chen_MathFeature_Latest_5_0_10_5_1
N104,2,3,3,3,2,3,3,3,0,1,0,3,2,3,3,3,2,1,2,0,0,Psi_Site_Chen_MathFeature_Latest_5_0_10_5_1
N105,0,3,3,3,2,0,2,3,1,2,0,0,0,3,2,2,2,0,3,1,2,Psi_Site_Chen_MathFeature_Latest_5_0_10_5_1
N106,2,0,0,2,0,3,2,2,2,1,0,3,0,0,3,0,3,3,0,3,0,Psi_Site_Chen_MathFeature_Latest_5_0_10_5_1
N107,0,2,2,0,3,2,2,3,2,2,0,0,3,0,2,2,3,2,0,2,2,Psi_Site_Chen_MathFeature_Latest_5_0_10_5_1
N108,2,3,0,3,0,0,0,0,3,2,0,2,0,1,0,0,3,0,2,2,2,Psi_Site_Chen_MathFeature_Latest_5_0_10_5_1
N109,2,0,0,0,0,3,2,3,1,0,0,0,2,2,1,0,0,1,2,3,2,Psi_Site_Chen_MathFeature_Latest_5_0_10_5_1
N110,0,3,0,3,0,3,2,0,1,0,0,1,0,3,0,0,0,3,2,2,0,Psi_Site_Chen_MathFeature_Latest_5_0_10_5_1
N111,3,2,0,1,0,0,2,2,0,1,0,2,0,0,1,0,3,0,0,1,0,Psi_Site_Chen_MathFeature_Latest_5_0_10_5_1
N112,2,2,2,1,2,3,1,2,0,1,0,0,3,3,1,2,2,2,1,2,1,Psi_Site_Chen_MathFeature_Latest_5_0_10_5_1
N113,3,2,3,3,0,3,0,1,0,2,0,0,0,2,2,1,0,3,2,1,2,Psi_Site_Chen_MathFeature_Latest_5_0_10_5_1
N114,0,3,0,2,2,0,1,1,1,1,0,0,1,2,3,3,0,1,0,0,0,Psi_Site_Chen_MathFeature_Latest_5_0_10_5_1
N115,2,3,1,2,2,0,0,3,0,3,0,0,3,0,3,3,0,0,0,3,3,Psi_Site_Chen_MathFeature_Latest_5_0_10_5_1
N116,0,2,0,2,0,2,0,2,0,0,0,0,2,3,2,0,3,3,3,0,3,Psi_Site_Chen_MathFeature_Latest_5_0_10_5_1
N117,3,3,0,3,1,1,1,0,1,2,0,1,1,1,0,1,2,2,1,0,3,Psi_Site_Chen_MathFeature_Latest_5_0_10_5_1
N118,1,0,1,1,1,1,0,3,0,2,0,0,0,1,2,3,1,0,2,0,0,Psi_Site_Chen_MathFeature_Latest_5_0_10_5_1
N119,2,3,2,0,1,1,1,1,1,1,0,0,0,1,1,0,1,0,3,1,0,Psi_Site_Chen_MathFeature_Latest_5_0_10_5_1
N120,0,0,1,0,3,2,1,1,2,3,0,2,0,2,2,3,3,0,3,3,2,Psi_Site_Chen_MathFeature_Latest_5_0_10_5_1
N121,2,1,1,2,3,2,0,3,3,2,0,0,2,0,0,3,3,0,2,2,2,Psi_Site_Chen_MathFeature_Latest_5_0_10_5_1
N122,0,3,2,2,1,0,1,1,0,0,0,2,1,2,0,0,0,2,3,1,1,Psi_Site_Chen_MathFeature_Latest_5_0_10_5_1
N123,2,1,2,3,2,0,1,0,0,0,0,2,1,0,0,3,1,0,0,3,3,Psi_Site_Chen_MathFeature_Latest_5_0_10_5_1
N124,2,3,0,2,0,0,0,0,0,3,0,2,0,1,2,2,0,0,0,1,2,Psi_Site_Chen_MathFeature_Latest_5_0_10_5_1
N125,0,2,2,1,0,3,0,3,3,1,0,0,1,2,0,2,3,2,2,0,0,Psi_Site_Chen_MathFeature_Latest_5_0_10_5_1
N126,0,0,0,0,0,3,2,3,0,2,0,2,3,3,1,0,0,0,0,3,0,Psi_Site_Chen_MathFeature_Latest_5_0_10_5_1
N127,0,0,0,3,2,0,0,2,0,0,0,1,1,0,3,1,1,2,0,3,0,Psi_Site_Chen_MathFeature_Latest_5_0_10_5_1
N128,0,0,3,2,1,3,2,2,2,0,0,2,0,2,2,0,0,2,2,3,0,Psi_Site_Chen_MathFeature_Latest_5_0_10_5_1
N129,3,2,2,3,3,0,2,0,2,0,0,1,0,0,0,0,3,3,0,0,0,Psi_Site_Chen_MathFeature_Latest_5_0_10_5_1
N130,1,2,0,2,2,1,0,0,1,0,0,2,1,0,0,3,3,0,1,1,0,Psi_Site_Chen_MathFeature_Latest_5_0_10_5_1
N131,1,2,0,3,3,2,3,2,3,2,0,3,0,0,1,0,0,0,2,1,0,Psi_Site_Chen_MathFeature_Latest_5_0_10_5_1
N132,1,0,0,0,2,0,2,0,3,0,0,1,1,0,0,3,2,1,2,0,0,Psi_Site_Chen_MathFeature_Latest_5_0_10_5_1
N133,0,2,0,2,2,2,2,3,3,0,0,3,2,3,3,1,0,1,0,3,3,Psi_Site_Chen_MathFeature_Latest_5_0_10_5_1
N134,3,1,2,0,1,0,2,2,1,1,0,1,1,1,2,1,1,2,3,2,2,Psi_Site_Chen_MathFeature_Latest_5_0_10_5_1
N135,2,2,3,0,3,2,2,2,2,3,0,3,0,3,2,0,3,1,2,3,0,Psi_Site_Chen_MathFeature_Latest_5_0_10_5_1
N136,1,0,1,1,1,0,1,0,0,1,0,3,1,1,1,2,1,0,1,0,3,Psi_Site_Chen_MathFeature_Latest_5_0_10_5_1
N137,2,3,1,2,1,1,2,3,2,2,0,3,1,0,3,3,2,2,3,2,2,Psi_Site_Chen_MathFeature_Latest_5_0_10_5_1
N138,3,1,1,1,2,2,1,2,2,2,0,1,2,1,1,2,0,2,3,1,2,Psi_Site_Chen_MathFeature_Latest_5_0_10_5_1
N139,0,2,2,3,0,0,1,2,1,2,0,2,2,2,1,2,3,1,0,0,1,Psi_Site_Chen_MathFeature_Latest_5_0_10_5_1
N140,0,0,3,3,0,3,3,3,1,0,0,0,3,2,2,2,1,0,1,0,0,Psi_Site_Chen_MathFeature_Latest_5_0_10_5_1
N141,0,2,0,0,2,3,2,2,0,3,0,2,2,2,0,0,2,3,2,3,1,Psi_Site_Chen_MathFeature_Latest_5_0_10_5_1
N142,2,2,2,2,1,0,2,1,2,1,0,0,1,1,0,2,2,0,2,3,3,Psi_Site_Chen_MathFeature_Latest_5_0_10_5_1
N143,1,2,1,0,1,2,1,2,1,1,0,1,2,2,0,0,2,2,1,2,2,Psi_Site_Chen_MathFeature_Latest_5_0_10_5_1
N144,1,2,0,2,0,2,1,2,0,2,0,2,0,2,0,2,1,3,1,1,1,Psi_Site_Chen_MathFeature_Latest_5_0_10_5_1
N145,2,1,2,3,0,0,0,3,1,2,0,2,3,2,1,2,2,2,1,2,1,Psi_Site_Chen_MathFeature_Latest_5_0_10_5_1
N146,0,3,3,0,3,3,2,2,2,3,0,2,1,2,0,3,0,0,1,0,2,Psi_Site_Chen_MathFeature_Latest_5_0_10_5_1
N147,0,3,0,0,0,1,1,2,2,0,0,2,1,0,0,1,2,1,2,2,3,Psi_Site_Chen_MathFeature_Latest_5_0_10_5_1
N148,2,2,2,1,0,2,3,2,0,2,0,2,3,2,0,0,2,2,1,1,2,Psi_Site_Chen_MathFeature_Latest_5_0_10_5_1
N149,1,2,0,3,2,1,2,0,1,0,0,1,2,3,3,2,1,2,1,2,3,Psi_Site_Chen_MathFeature_Latest_5_0_10_5_1
N150,3,0,0,1,0,3,0,3,1,1,0,2,0,3,0,2,2,0,1,1,2,Psi_Site_Chen_MathFeature_Latest_5_0_10_5_1
N151,2,2,2,3,2,0,1,2,2,3,0,3,2,0,1,2,0,2,3,3,0,Psi_Site_Chen_MathFeature_Latest_5_0_10_5_1
N152,3,2,2,0,2,3,2,1,2,0,0,3,0,0,0,2,3,2,0,1,0,Psi_Site_Chen_MathFeature_Latest_5_0_10_5_1
N153,2,1,0,2,0,0,3,0,1,1,0,3,2,3,3,1,1,0,3,2,3,Psi_Site_Chen_MathFeature_Latest_5_0_10_5_1
N154,3,3,0,2,0,0,3,0,1,2,0,3,2,0,1,2,3,1,1,2,0,Psi_Site_Chen_MathFeature_Latest_5_0_10_5_1
N155,0,3,2,2,2,0,0,0,0,0,0,0,3,0,1,0,2,2,2,2,2,Psi_Site_Chen_MathFeature_Latest_5_0_10_5_1
N156,1,0,0,0,1,1,0,2,3,2,0,0,3,3,2,2,2,3,2,1,0,Psi_Site_Chen_MathFeature_Latest_5_0_10_5_1
N157,0,3,0,2,2,2,2,0,3,3,0,0,2,0,0,3,3,2,3,3,3,Psi_Site_Chen_MathFeature_Latest_5_0_10_5_1
N158,1,1,1,2,1,0,1,1,0,1,0,1,2,3,2,3,1,1,1,0,1,Psi_Site_Chen_MathFeature_Latest_5_0_10_5_1
N159,2,2,2,3,0,0,0,0,2,0,0,3,2,2,1,1,1,2,3,0,3,Psi_Site_Chen_MathFeature_Latest_5_0_10_5_1
N160,0,3,3,3,3,3,2,1,0,2,0,0,1,0,0,3,3,0,0,3,3,Psi_Site_Chen_MathFeature_Latest_5_0_10_5_1
N161,3,1,0,2,0,1,2,3,3,3,0,1,0,3,0,3,1,0,2,0,3,Psi_Site_Chen_MathFeature_Latest_5_0_10_5_1
N162,3,1,1,2,3,0,1,2,3,3,0,3,2,3,0,3,2,1,2,0,1,Psi_Site_Chen_MathFeature_Latest_5_0_10_5_1
N163,3,2,0,0,3,0,3,3,0,1,0,0,3,1,1,1,1,2,2,0,1,Psi_Site_Chen_MathFeature_Latest_5_0_10_5_1
N164,2,1,1,0,3,3,3,3,2,0,0,0,2,1,1,1,1,0,2,0,2,Psi_Site_Chen_MathFeature_Latest_5_0_10_5_1
N165,2,0,3,3,0,0,2,2,2,3,0,2,2,2,2,1,2,3,1,3,3,Psi_Site_Chen_MathFeature_Latest_5_0_10_5_1
N166,1,3,2,0,3,0,1,0,0,1,0,3,0,3,0,2,2,1,2,2,3,Psi_Site_Chen_MathFeature_Latest_5_0_10_5_1
N167,2,2,1,0,3,0,3,0,3,1,0,0,0,0,1,2,2,0,2,1,3,Psi_Site_Chen_MathFeature_Latest_5_0_10_5_1
N168,3,1,2,3,1,0,3,3,3,3,0,2,2,3,0,3,1,0,1,0,2,Psi_Site_Chen_MathFeature_Latest_5_0_10_5_1
N169,1,1,0,0,1,0,2,2,3,2,0,2,0,1,2,2,2,0,2,2,2,Psi_Site_Chen_MathFeature_Latest_5_0_10_5_1
N170,1,1,2,2,3,3,2,2,3,3,0,0,1,2,1,2,0,0,0,3,2,Psi_Site_Chen_MathFeature_Latest_5_0_10_5_1
N171,0,3,0,3,3,2,0,0,0,0,0,2,0,3,3,1,2,2,2,0,3,Psi_Site_Chen_MathFeature_Latest_5_0_10_5_1
N172,0,0,0,3,1,1,0,2,0,1,0,0,3,2,3,2,3,1,2,1,2,Psi_Site_Chen_MathFeature_Latest_5_0_10_5_1
N173,1,2,3,2,2,2,3,1,2,2,0,3,3,2,2,3,1,1,1,0,1,Psi_Site_Chen_MathFeature_Latest_5_0_10_5_1
N174,1,0,0,1,0,2,2,0,0,0,0,0,1,2,3,2,3,3,2,2,2,Psi_Site_Chen_MathFeature_Latest_5_0_10_5_1
N175,0,0,3,2,2,1,2,3,1,0,0,3,0,3,3,0,3,2,3,0,2,Psi_Site_Chen_MathFeature_Latest_5_0_10_5_1
N176,2,1,0,0,3,1,1,2,3,1,0,1,2,2,2,3,2,2,0,3,3,Psi_Site_Chen_MathFeature_Latest_5_0_10_5_1
N177,3,3,1,1,2,3,3,0,0,0,0,0,3,3,1,1,2,1,1,2,3,Psi_Site_Chen_MathFeature_Latest_5_0_10_5_1
N178,3,1,0,1,2,2,3,3,2,2,0,2,1,1,2,3,2,3,3,2,3,Psi_Site_Chen_MathFeature_Latest_5_0_10_5_1
N179,0,0,2,0,2,2,0,1,2,3,0,2,3,2,2,2,0,0,3,3,0,Psi_Site_Chen_MathFeature_Latest_5_0_10_5_1
N180,3,1,2,2,3,1,0,3,3,1,0,0,0,1,3,1,1,2,3,1,1,Psi_Site_Chen_MathFeature_Latest_5_0_10_5_1
N181,2,2,3,3,1,3,3,0,1,2,0,1,2,1,2,3,2,3,0,3,3,Psi_Site_Chen_MathFeature_Latest_5_0_10_5_1
N182,3,2,3,3,1,1,1,1,1,2,0,3,1,0,0,0,1,0,0,1,0,Psi_Site_Chen_MathFeature_Latest_5_0_10_5_1
N183,0,3,2,1,1,0,1,3,2,1,0,3,2,2,1,2,1,1,2,3,0,Psi_Site_Chen_MathFeature_Latest_5_0_10_5_1
N184,1,2,3,0,2,0,3,0,2,2,0,1,2,2,2,2,3,2,2,2,2,Psi_Site_Chen_MathFeature_Latest_5_0_10_5_1
N185,2,3,1,2,1,1,0,3,2,0,0,2,3,0,0,3,1,0,1,2,1,Psi_Site_Chen_MathFeature_Latest_5_0_10_5_1
N186,0,3,1,1,2,0,1,0,0,2,0,2,2,0,3,3,1,3,2,0,0,Psi_Site_Chen_MathFeature_Latest_5_0_10_5_1
N187,3,1,2,3,3,1,0,3,1,0,0,0,1,0,3,1,1,3,2,3,2,Psi_Site_Chen_MathFeature_Latest_5_0_10_5_1
N188,3,3,3,1,2,3,2,1,1,0,0,1,2,1,0,1,2,1,1,2,1,Psi_Site_Chen_MathFeature_Latest_5_0_10_5_1
N189,3,3,3,1,2,1,1,2,3,0,0,0,3,3,1,0,3,3,0,2,1,Psi_Site_Chen_MathFeature_Latest_5_0_10_5_1
N190,2,1,0,0,3,3,3,3,2,1,0,1,0,1,0,3,2,2,3,2,0,Psi_Site_Chen_MathFeature_Latest_5_0_10_5_1
N191,1,2,3,3,1,2,3,2,1,2,0,3,3,0,0,0,3,3,2,2,2,Psi_Site_Chen_MathFeature_Latest_5_0_10_5_1
N192,0,2,2,0,3,2,1,1,0,3,0,0,2,1,2,3,2,2,2,2,1,Psi_Site_Chen_MathFeature_Latest_5_0_10_5_1
N193,1,1,0,1,0,1,2,0,0,2,0,0,3,0,0,3,2,2,1,1,2,Psi_Site_Chen_MathFeature_Latest_5_0_10_5_1
N194,3,3,0,2,2,3,0,0,3,1,0,0,3,3,0,0,3,2,3,3,3,Psi_Site_Chen_MathFeature_Latest_5_0_10_5_1
N195,2,0,3,1,1,1,2,2,1,1,0,2,0,3,3,1,2,0,1,0,2,Psi_Site_Chen_MathFeature_Latest_5_0_10_5_1
N196,3,2,3,2,3,3,2,0,0,3,0,3,2,3,3,2,2,1,2,3,3,Psi_Site_Chen_MathFeature_Latest_5_0_10_5_1
N197,2,0,2,2,3,3,2,1,2,2,0,3,3,2,2,3,2,2,3,3,2,Psi_Site_Chen_MathFeature_Latest_5_0_10_5_1
N198,2,2,1,0,2,1,0,2,3,2,0,0,1,0,0,3,2,1,3,0,0,Psi_Site_Chen_MathFeature_Latest_5_0_10_5_1
N199,0,0,1,2,3,1,2,1,2,3,0,3,3,2,2,1,2,2,2,3,3,Psi_Site_Chen_MathFeature_Latest_5_0_10_5_1
N200,2,2,2,2,2,2,2,3,0,0,0,0,3,0,0,0,0,2,3,1,0,Psi_Site_Chen_MathFeature_Latest_5_0_10_5_1
N201,2,1,0,3,1,1,0,2,1,2,0,0,2,2,3,1,0,3,3,3,1,Psi_Site_Chen_MathFeature_Latest_5_0_10_5_1
N202,3,0,1,2,3,2,3,3,1,0,0,2,3,3,1,2,3,2,2,3,3,Psi_Site_Chen_MathFeature_Latest_5_0_10_5_1
N203,3,3,0,1,2,3,2,3,2,0,0,3,2,3,3,1,0,2,2,1,0,Psi_Site_Chen_MathFeature_Latest_5_0_10_5_1
N204,0,3,3,2,1,2,1,3,2,2,0,2,1,2,2,3,2,3,3,2,1,Psi_Site_Chen_MathFeature_Latest_5_0_10_5_1
N205,2,1,1,2,3,2,2,0,0,2,0,2,2,2,2,3,0,1,0,0,1,Psi_Site_Chen_MathFeature_Latest_5_0_10_5_1
N206,1,2,1,2,1,2,0,0,0,2,0,1,1,0,1,2,1,2,1,2,2,Psi_Site_Chen_MathFeature_Latest_5_0_10_5_1
N207,2,2,2,2,1,2,2,3,1,1,0,1,2,2,1,3,3,2,0,0,1,Psi_Site_Chen_MathFeature_Latest_5_0_10_5_1
N208,2,0,1,2,2,0,3,1,0,1,0,2,3,0,0,2,2,0,3,2,0,Psi_Site_Chen_MathFeature_Latest_5_0_10_5_1
N209,0,3,3,1,2,3,2,2,2,2,0,2,2,1,1,0,1,2,3,2,3,Psi_Site_Chen_MathFeature_Latest_5_0_10_5_1
N210,2,0,3,3,0,1,0,1,1,1,0,2,1,1,2,2,2,2,2,2,2,Psi_Site_Chen_MathFeature_Latest_5_0_10_5_1
N211,2,0,3,3,3,0,0,0,2,3,0,3,1,2,3,2,3,0,0,1,0,Psi_Site_Chen_MathFeature_Latest_5_0_10_5_1
N212,2,0,1,2,3,0,2,3,1,1,0,0,0,0,0,0,0,2,1,0,1,Psi_Site_Chen_MathFeature_Latest_5_0_10_5_1
N213,2,0,0,0,0,0,1,2,2,2,0,0,1,2,0,0,0,3,3,2,3,Psi_Site_Chen_MathFeature_Latest_5_0_10_5_1
N214,2,2,2,0,3,2,2,2,2,1,0,1,2,0,2,2,1,2,0,0,3,Psi_Site_Chen_MathFeature_Latest_5_0_10_5_1
N215,3,0,0,2,3,3,3,2,2,2,0,3,1,2,1,2,0,1,2,2,2,Psi_Site_Chen_MathFeature_Latest_5_0_10_5_1
N216,2,3,3,2,1,1,1,2,3,1,0,2,0,2,1,1,2,1,0,1,1,Psi_Site_Chen_MathFeature_Latest_5_0_10_5_1
N217,3,0,2,0,2,3,3,2,2,3,0,3,2,3,3,1,2,3,0,2,0,Psi_Site_Chen_MathFeature_Latest_5_0_10_5_1
N218,0,2,2,0,0,0,2,2,0,0,0,2,2,2,2,2,2,2,0,2,2,Psi_Site_Chen_MathFeature_Latest_5_0_10_5_1
N219,2,3,2,2,3,3,1,2,0,2,0,0,2,1,1,0,2,2,0,0,1,Psi_Site_Chen_MathFeature_Latest_5_0_10_5_1
N220,3,2,0,1,2,2,2,2,1,2,0,1,0,3,1,1,2,3,3,2,3,Psi_Site_Chen_MathFeature_Latest_5_0_10_5_1
N221,1,1,2,3,2,2,2,2,3,2,0,2,3,1,0,1,1,2,3,2,0,Psi_Site_Chen_MathFeature_Latest_5_0_10_5_1
N222,2,2,0,2,2,2,2,0,3,2,0,1,1,2,2,3,2,1,1,0,2,Psi_Site_Chen_MathFeature_Latest_5_0_10_5_1
N223,2,2,2,2,3,3,3,2,2,3,0,2,3,2,1,2,1,2,0,0,2,Psi_Site_Chen_MathFeature_Latest_5_0_10_5_1
N224,2,3,3,1,0,3,3,2,3,2,0,2,3,2,2,2,2,1,1,0,2,Psi_Site_Chen_MathFeature_Latest_5_0_10_5_1
N225,0,2,1,0,0,0,0,1,1,0,0,2,2,1,2,0,1,0,0,0,0,Psi_Site_Chen_MathFeature_Latest_5_0_10_5_1
N226,2,2,1,0,2,0,1,2,2,0,0,1,0,3,2,2,0,2,0,1,0,Psi_Site_Chen_MathFeature_Latest_5_0_10_5_1
N227,1,1,2,1,2,0,0,1,2,0,0,2,2,2,3,2,2,2,1,0,0,Psi_Site_Chen_MathFeature_Latest_5_0_10_5_1
N228,3,2,0,3,2,0,3,1,1,1,0,1,1,2,3,3,0,1,1,2,0,Psi_Site_Chen_MathFeature_Latest_5_0_10_5_1
N229,2,2,2,1,1,2,0,1,1,1,0,3,1,2,0,1,1,1,0,3,3,Psi_Site_Chen_MathFeature_Latest_5_0_10_5_1
N230,0,2,3,0,0,0,1,0,3,0,0,0,1,1,2,0,3,2,0,1,0,Psi_Site_Chen_MathFeature_Latest_5_0_10_5_1
N231,0,1,0,3,0,0,1,0,0,3,0,3,3,1,0,3,0,1,0,0,1,Psi_Site_Chen_MathFeature_Latest_5_0_10_5_1
N232,2,0,0,0,3,0,0,3,0,0,0,0,3,2,0,0,2,0,0,2,0,Psi_Site_Chen_MathFeature_Latest_5_0_10_5_1
N233,0,0,1,2,0,0,1,0,1,2,0,1,1,2,1,0,1,1,0,2,0,Psi_Site_Chen_MathFeature_Latest_5_0_10_5_1
N234,3,2,0,0,3,0,3,0,0,0,0,1,1,0,3,0,0,0,0,0,1,Psi_Site_Chen_MathFeature_Latest_5_0_10_5_1
N235,1,2,1,0,1,0,1,0,3,1,0,3,3,1,2,2,3,1,0,1,0,Psi_Site_Chen_MathFeature_Latest_5_0_10_5_1
N236,0,3,3,0,0,0,2,2,0,2,0,2,0,3,3,2,2,2,0,1,1,Psi_Site_Chen_MathFeature_Latest_5_0_10_5_1
N237,0,2,0,2,2,3,3,2,2,1,0,1,2,2,3,2,2,3,3,0,3,Psi_Site_Chen_MathFeature_Latest_5_0_10_5_1
N238,3,2,0,0,3,1,2,2,3,1,0,0,3,0,2,1,2,2,1,1,2,Psi_Site_Chen_MathFeature_Latest_5_0_10_5_1
N239,2,2,0,2,1,2,0,0,0,0,0,2,2,2,3,3,3,3,3,3,2,Psi_Site_Chen_MathFeature_Latest_5_0_10_5_1
N240,3,3,3,3,0,0,3,2,3,3,0,1,2,0,1,1,0,0,3,3,1,Psi_Site_Chen_MathFeature_Latest_5_0_10_5_1
N241,0,0,0,0,3,0,3,1,0,3,0,1,2,0,2,3,0,3,1,0,1,Psi_Site_Chen_MathFeature_Latest_5_0_10_5_1
N242,1,2,3,2,2,0,0,3,3,1,0,2,0,0,2,0,0,1,0,0,2,Psi_Site_Chen_MathFeature_Latest_5_0_10_5_1
N243,3,0,2,2,3,3,3,1,2,3,0,2,1,0,1,1,2,3,2,0,3,Psi_Site_Chen_MathFeature_Latest_5_0_10_5_1
N244,2,0,0,0,2,3,0,0,1,0,0,1,1,1,0,0,2,0,0,2,2,Psi_Site_Chen_MathFeature_Latest_5_0_10_5_1
N245,0,1,2,2,2,1,2,1,2,1,0,2,2,2,2,0,3,1,0,3,2,Psi_Site_Chen_MathFeature_Latest_5_0_10_5_1
N246,2,2,2,3,1,0,2,3,3,0,0,1,1,2,2,1,1,0,3,2,2,Psi_Site_Chen_MathFeature_Latest_5_0_10_5_1
N247,3,2,3,3,3,2,2,3,1,0,0,1,0,2,2,2,2,1,2,2,3,Psi_Site_Chen_MathFeature_Latest_5_0_10_5_1
N248,2,2,1,2,2,1,0,3,3,3,0,2,2,3,1,2,0,2,2,1,1,Psi_Site_Chen_MathFeature_Latest_5_0_10_5_1
N249,2,2,0,2,0,2,2,2,0,3,0,2,2,3,2,3,2,0,3,0,3,Psi_Site_Chen_MathFeature_Latest_5_0_10_5_1
N250,3,1,1,2,2,0,3,0,1,1,0,2,0,1,1,2,1,2,1,1,1,Psi_Site_Chen_MathFeature_Latest_5_0_10_5_1
N251,0,2,1,2,2,2,2,2,0,3,0,0,0,1,2,1,2,0,0,0,2,Psi_Site_Chen_MathFeature_Latest_5_0_10_5_1
N252,3,1,0,1,2,3,3,0,1,0,0,1,2,2,2,1,0,0,3,0,1,Psi_Site_Chen_MathFeature_Latest_5_0_10_5_1
N253,1,1,1,1,0,3,3,2,2,1,0,3,3,2,3,2,0,3,3,3,1,Psi_Site_Chen_MathFeature_Latest_5_0_10_5_1
N254,0,3,2,3,1,1,1,2,3,3,0,0,1,0,1,0,3,3,2,2,3,Psi_Site_Chen_MathFeature_Latest_5_0_10_5_1
N255,2,0,1,0,0,0,1,2,2,0,0,0,0,0,0,2,0,3,2,3,0,Psi_Site_Chen_MathFeature_Latest_5_0_10_5_1
N256,0,2,1,0,0,2,1,2,0,0,0,2,2,0,2,2,2,0,2,2,2,Psi_Site_Chen_MathFeature_Latest_5_0_10_5_1
N257,2,3,1,1,3,0,3,1,1,3,0,3,2,3,1,2,2,0,1,3,1,Psi_Site_Chen_MathFeature_Latest_5_0_10_5_1
N258,3,3,2,3,2,3,2,3,2,3,0,2,3,3,2,3,1,2,2,2,2,Psi_Site_Chen_MathFeature_Latest_5_0_10_5_1
N259,3,3,2,3,0,3,2,3,0,0,0,3,3,2,2,3,3,2,2,3,3,Psi_Site_Chen_MathFeature_Latest_5_0_10_5_1
N260,1,3,1,1,2,1,0,2,3,2,0,3,2,3,0,0,0,2,2,3,3,Psi_Site_Chen_MathFeature_Latest_5_0_10_5_1
N261,0,0,1,2,3,3,3,0,1,1,0,2,3,0,3,1,2,1,1,0,1,Psi_Site_Chen_MathFeature_Latest_5_0_10_5_1
N262,0,1,2,3,1,3,1,1,2,2,0,0,0,1,2,1,0,2,0,2,3,Psi_Site_Chen_MathFeature_Latest_5_0_10_5_1
N263,1,3,0,3,3,2,1,0,0,0,0,3,2,2,0,0,2,1,0,0,2,Psi_Site_Chen_MathFeature_Latest_5_0_10_5_1
N264,1,2,3,3,3,0,0,3,0,3,0,2,1,0,2,2,3,0,3,0,3,Psi_Site_Chen_MathFeature_Latest_5_0_10_5_1
N265,1,0,1,1,2,1,1,1,3,2,0,0,1,2,0,3,1,0,3,2,0,Psi_Site_Chen_MathFeature_Latest_5_0_10_5_1
N266,0,0,1,1,1,0,1,2,1,1,0,2,2,1,2,2,3,3,1,1,0,Psi_Site_Chen_MathFeature_Latest_5_0_10_5_1
N267,0,3,2,2,2,2,1,0,3,2,0,1,2,2,3,3,3,0,2,3,1,Psi_Site_Chen_MathFeature_Latest_5_0_10_5_1
N268,3,3,3,0,1,1,2,1,1,1,0,2,2,0,3,1,0,0,1,1,1,Psi_Site_Chen_MathFeature_Latest_5_0_10_5_1
N269,2,2,3,2,2,1,1,0,1,2,0,2,0,2,1,0,2,2,0,0,3,Psi_Site_Chen_MathFeature_Latest_5_0_10_5_1
N270,0,0,2,1,1,0,1,1,0,2,0,0,1,2,3,3,2,2,2,2,2,Psi_Site_Chen_MathFeature_Latest_5_0_10_5_1
N271,0,0,3,2,0,2,2,0,1,2,0,0,0,0,1,1,0,2,2,2,1,Psi_Site_Chen_MathFeature_Latest_5_0_10_5_1
N272,1,2,1,0,0,3,1,2,3,2,0,3,3,3,3,0,3,2,0,2,3,Psi_Site_Chen_MathFeature_Latest_5_0_10_5_1
N273,2,3,1,2,2,0,2,0,2,2,0,3,2,3,2,1,2,0,1,2,1,Psi_Site_Chen_MathFeature_Latest_5_0_10_5_1
N274,0,1,0,0,2,0,0,0,0,2,0,2,2,2,2,1,2,2,2,2,2,Psi_Site_Chen_MathFeature_Latest_5_0_10_5_1
N275,2,2,2,2,0,1,2,1,0,1,0,0,0,2,2,0,2,3,2,2,1,Psi_Site_Chen_MathFeature_Latest_5_0_10_5_1
N276,1,1,1,2,2,3,2,0,2,1,0,0,1,1,2,2,1,3,1,3,3,Psi_Site_Chen_MathFeature_Latest_5_0_10_5_1
N277,2,2,2,2,3,3,3,2,1,0,0,0,0,1,2,0,2,1,2,3,3,Psi_Site_Chen_MathFeature_Latest_5_0_10_5_1
N278,2,2,1,0,3,1,2,1,2,3,0,2,0,0,0,3,3,3,2,2,0,Psi_Site_Chen_MathFeature_Latest_5_0_10_5_1
N279,3,2,0,3,2,3,2,1,0,1,0,1,3,2,3,3,1,1,1,2,3,Psi_Site_Chen_MathFeature_Latest_5_0_10_5_1
N280,3,0,3,3,2,0,1,1,2,0,0,3,1,2,1,0,3,3,3,2,0,Psi_Site_Chen_MathFeature_Latest_5_0_10_5_1
N281,0,3,3,1,2,1,0,3,3,1,0,0,1,1,2,1,0,3,3,3,1,Psi_Site_Chen_MathFeature_Latest_5_0_10_5_1
N282,0,1,1,3,2,3,0,3,2,2,0,0,1,0,0,3,1,1,2,0,0,Psi_Site_Chen_MathFeature_Latest_5_0_10_5_1
N283,0,1,2,2,3,0,2,2,1,2,0,2,0,2,2,2,3,3,1,2,2,Psi_Site_Chen_MathFeature_Latest_5_0_10_5_1
N284,2,2,0,3,2,2,2,3,1,2,0,0,0,1,0,2,2,3,2,3,3,Psi_Site_Chen_MathFeature_Latest_5_0_10_5_1
N285,0,0,2,2,2,1,3,1,0,2,0,1,1,1,1,2,0,1,2,2,2,Psi_Site_Chen_MathFeature_Latest_5_0_10_5_1
N286,0,0,1,0,1,2,2,3,3,2,0,2,2,2,2,3,2,2,1,1,0,Psi_Site_Chen_MathFeature_Latest_5_0_10_5_1
N287,1,1,1,2,1,2,1,1,0,2,0,3,3,0,1,2,1,0,0,1,2,Psi_Site_Chen_MathFeature_Latest_5_0_10_5_1
N288,0,0,1,1,3,3,2,2,3,2,0,0,0,0,2,1,1,0,1,2,3,Psi_Site_Chen_MathFeature_Latest_5_0_10_5_1
N289,3,1,0,3,1,0,0,3,1,2,0,3,2,1,1,2,1,1,0,0,3,Psi_Site_Chen_MathFeature_Latest_5_0_10_5_1
N290,1,2,3,3,1,2,3,2,1,1,0,0,0,1,2,3,2,1,2,2,3,Psi_Site_Chen_MathFeature_Latest_5_0_10_5_1
N291,3,0,2,0,2,2,3,2,3,2,0,2,2,2,2,3,1,2,0,2,0,Psi_Site_Chen_MathFeature_Latest_5_0_10_5_1
N292,0,2,2,0,2,0,2,0,2,2,0,2,0,2,0,2,0,0,3,2,3,Psi_Site_Chen_MathFeature_Latest_5_0_10_5_1
N293,0,1,0,3,1,2,2,1,1,0,0,2,0,2,3,2,0,3,2,2,2,Psi_Site_Chen_MathFeature_Latest_5_0_10_5_1
N294,1,2,0,0,2,2,0,2,0,1,0,3,3,1,1,0,3,1,0,0,2,Psi_Site_Chen_MathFeature_Latest_5_0_10_5_1
N295,1,2,2,1,2,2,0,0,0,0,0,0,3,0,1,2,2,2,2,2,2,Psi_Site_Chen_MathFeature_Latest_5_0_10_5_1
N296,0,3,3,3,3,0,0,1,0,3,0,3,0,1,0,3,0,3,3,3,0,Psi_Site_Chen_MathFeature_Latest_5_0_10_5_1
N297,0,3,3,2,0,3,3,1,1,0,0,0,1,1,0,0,1,2,3,1,1,Psi_Site_Chen_MathFeature_Latest_5_0_10_5_1
N298,2,1,1,1,1,2,1,2,0,1,0,2,1,0,0,2,0,0,0,1,0,Psi_Site_Chen_MathFeature_Latest_5_0_10_5_1
N299,1,1,1,1,1,1,0,0,0,0,0,0,2,2,0,0,0,3,3,3,0,Psi_Site_Chen_MathFeature_Latest_5_0_10_5_1
N300,1,2,0,2,2,3,0,3,2,2,0,0,0,3,3,1,1,0,3,0,2,Psi_Site_Chen_MathFeature_Latest_5_0_10_5_1
N301,0,0,0,0,0,0,2,1,2,0,0,0,3,3,0,3,2,1,2,3,3,Psi_Site_Chen_MathFeature_Latest_5_0_10_5_1
N302,1,0,1,0,1,0,1,1,1,2,0,0,2,3,3,2,0,0,0,3,2,Psi_Site_Chen_MathFeature_Latest_5_0_10_5_1
N303,2,3,2,3,2,1,2,2,1,2,0,3,3,1,1,2,2,3,3,2,2,Psi_Site_Chen_MathFeature_Latest_5_0_10_5_1
N304,0,0,0,0,3,0,1,2,2,2,0,0,3,2,1,2,1,2,2,1,1,Psi_Site_Chen_MathFeature_Latest_5_0_10_5_1
N305,0,0,1,2,2,2,3,2,0,0,0,3,0,2,0,0,0,2,3,2,2,Psi_Site_Chen_MathFeature_Latest_5_0_10_5_1
N306,3,0,3,1,0,3,2,0,3,0,0,3,2,3,2,1,2,0,3,2,0,Psi_Site_Chen_MathFeature_Latest_5_0_10_5_1
N307,1,2,1,0,2,0,2,0,0,3,0,0,3,2,3,2,2,3,1,2,2,Psi_Site_Chen_MathFeature_Latest_5_0_10_5_1
N308,1,2,1,0,1,0,3,3,0,0,0,3,2,3,2,2,0,1,0,2,3,Psi_Site_Chen_MathFeature_Latest_5_0_10_5_1
N309,2,3,3,2,2,0,2,3,3,3,0,0,2,2,3,2,2,2,2,0,0,Psi_Site_Chen_MathFeature_Latest_5_0_10_5_1
N310,1,2,2,1,2,0,0,2,1,1,0,0,2,2,2,2,0,0,3,3,0,Psi_Site_Chen_MathFeature_Latest_5_0_10_5_1
N311,0,2,2,2,2,1,2,1,0,2,0,0,0,0,1,0,0,2,2,0,3,Psi_Site_Chen_MathFeature_Latest_5_0_10_5_1
N312,1,0,2,0,3,3,0,0,3,1,0,3,1,1,0,0,3,1,2,3,3,Psi_Site_Chen_MathFeature_Latest_5_0_10_5_1
N313,0,2,2,2,2,2,3,0,1,1,0,2,2,2,2,2,2,1,0,0,3,Psi_Site_Chen_MathFeature_Latest_5_0_10_5_1
N314,2,3,3,2,3,2,2,3,1,0,0,0,2,3,1,0,0,1,2,3,1,Psi_Site_Chen_MathFeature_Latest_5_0_10_5_1
N315,0,2,2,2,0,2,0,1,3,2,0,0,0,2,0,0,0,0,0,0,3,Psi_Site_Chen_MathFeature_Latest_5_0_10_5_1
N316,1,0,2,3,1,2,0,1,1,1,0,2,3,2,0,0,0,1,1,0,2,Psi_Site_Chen_MathFeature_Latest_5_0_10_5_1
N317,2,3,2,3,3,3,2,2,3,1,0,0,1,1,0,3,1,0,3,2,3,Psi_Site_Chen_MathFeature_Latest_5_0_10_5_1
N318,2,2,3,2,2,1,2,0,0,3,0,1,0,1,1,0,1,0,0,1,1,Psi_Site_Chen_MathFeature_Latest_5_0_10_5_1
N319,3,0,3,1,2,2,1,2,3,0,0,2,0,2,0,0,0,2,1,0,2,Psi_Site_Chen_MathFeature_Latest_5_0_10_5_1
N320,1,1,1,1,0,3,3,1,0,0,0,3,0,0,3,3,2,2,1,1,1,Psi_Site_Chen_MathFeature_Latest_5_0_10_5_1
N321,3,3,3,2,1,0,0,3,0,0,0,3,1,1,1,1,0,2,0,3,3,Psi_Site_Chen_MathFeature_Latest_5_0_10_5_1
N322,1,0,1,2,3,3,3,0,1,3,0,3,2,3,0,0,1,3,2,3,1,Psi_Site_Chen_MathFeature_Latest_5_0_10_5_1
N323,3,3,1,0,3,3,1,2,0,0,0,3,0,3,0,0,1,0,1,0,3,Psi_Site_Chen_MathFeature_Latest_5_0_10_5_1
N324,3,3,3,2,0,0,0,3,3,2,0,2,0,3,3,3,3,2,0,2,0,Psi_Site_Chen_MathFeature_Latest_5_0_10_5_1
N325,2,3,2,1,0,1,0,2,2,1,0,0,2,1,1,0,3,2,1,0,3,Psi_Site_Chen_MathFeature_Latest_5_0_10_5_1
N326,0,2,3,0,3,0,2,2,3,3,0,3,3,3,3,0,0,1,2,3,3,Psi_Site_Chen_MathFeature_Latest_5_0_10_5_1
N327,3,2,1,2,3,0,3,3,3,1,0,2,1,2,1,2,1,2,3,2,2,Psi_Site_Chen_MathFeature_Latest_5_0_10_5_1
N328,1,2,2,0,1,2,0,2,0,1,0,1,1,0,3,3,2,1,1,1,1,Psi_Site_Chen_MathFeature_Latest_5_0_10_5_1
N329,3,1,2,0,0,1,0,3,3,2,0,3,2,3,2,3,0,2,0,2,3,Psi_Site_Chen_MathFeature_Latest_5_0_10_5_1
N330,2,0,0,0,1,0,1,0,1,1,0,0,3,0,3,2,2,0,0,2,1,Psi_Site_Chen_MathFeature_Latest_5_0_10_5_1
N331,3,1,0,2,2,3,2,1,0,0,0,3,2,2,0,1,0,2,0,2,0,Psi_Site_Chen_MathFeature_Latest_5_0_10_5_1
N332,0,2,2,2,3,2,1,3,2,2,0,2,2,0,0,3,0,0,3,3,0,Psi_Site_Chen_MathFeature_Latest_5_0_10_5_1
N333,2,1,1,0,3,2,3,2,2,0,0,2,2,3,0,0,2,0,1,0,1,Psi_Site_Chen_MathFeature_Latest_5_0_10_5_1
N334,2,2,1,1,2,2,2,2,1,0,0,2,3,3,1,0,3,0,0,0,1,Psi_Site_Chen_MathFeature_Latest_5_0_10_5_1
N335,2,3,0,0,3,1,0,0,0,3,0,1,2,0,3,3,0,3,0,1,0,Psi_Site_Chen_MathFeature_Latest_5_0_10_5_1
N336,2,1,1,1,0,0,3,0,3,0,0,1,1,2,3,3,2,3,1,3,3,Psi_Site_Chen_MathFeature_Latest_5_0_10_5_1
N337,2,0,0,2,2,2,3,3,0,3,0,3,1,2,2,2,2,1,1,3,0,Psi_Site_Chen_MathFeature_Latest_5_0_10_5_1
N338,2,0,0,2,3,3,2,2,2,3,0,0,0,0,2,2,3,0,2,0,2,Psi_Site_Chen_MathFeature_Latest_5_0_10_5_1
N339,2,3,2,3,2,1,2,2,2,3,0,0,0,3,3,2,3,0,0,3,2,Psi_Site_Chen_MathFeature_Latest_5_0_10_5_1
N340,1,0,1,1,2,0,2,0,3,2,0,3,0,3,0,2,0,2,2,2,1,Psi_Site_Chen_MathFeature_Latest_5_0_10_5_1
N341,1,0,1,0,1,2,2,0,1,3,0,3,0,3,3,3,3,2,1,1,2,Psi_Site_Chen_MathFeature_Latest_5_0_10_5_1
N342,2,2,3,2,0,3,3,3,2,0,0,1,0,3,0,3,3,1,0,0,1,Psi_Site_Chen_MathFeature_Latest_5_0_10_5_1
N343,1,0,1,0,1,1,0,3,3,0,0,0,3,0,3,0,2,1,1,2,2,Psi_Site_Chen_MathFeature_Latest_5_0_10_5_1
N344,0,2,3,2,2,2,0,3,3,2,0,3,3,2,0,1,1,2,3,2,2,Psi_Site_Chen_MathFeature_Latest_5_0_10_5_1
N345,1,0,3,3,3,1,0,2,1,2,0,2,2,3,0,3,2,2,3,3,3,Psi_Site_Chen_MathFeature_Latest_5_0_10_5_1
N346,0,3,0,3,0,3,0,3,0,3,0,3,0,3,0,3,0,2,0,3,0,Psi_Site_Chen_MathFeature_Latest_5_0_10_5_1
N347,1,1,2,2,3,3,1,0,3,0,0,3,3,3,2,3,1,1,3,1,1,Psi_Site_Chen_MathFeature_Latest_5_0_10_5_1
N348,0,2,2,0,0,1,0,1,1,0,0,2,2,2,2,3,3,3,2,1,3,Psi_Site_Chen_MathFeature_Latest_5_0_10_5_1
N349,0,0,1,1,3,3,0,0,0,3,0,0,3,1,3,0,0,1,0,0,1,Psi_Site_Chen_MathFeature_Latest_5_0_10_5_1
N350,2,2,3,2,2,3,0,2,2,3,0,0,3,3,3,3,2,3,3,2,2,Psi_Site_Chen_MathFeature_Latest_5_0_10_5_1
N351,2,3,1,1,2,1,2,2,2,2,0,1,1,1,2,3,1,0,0,3,1,Psi_Site_Chen_MathFeature_Latest_5_0_10_5_1
N352,3,2,3,3,0,0,2,3,2,1,0,1,2,3,3,3,3,2,2,2,3,Psi_Site_Chen_MathFeature_Latest_5_0_10_5_1
N353,1,2,0,3,2,0,1,2,0,1,0,1,3,0,0,2,3,2,0,3,0,Psi_Site_Chen_MathFeature_Latest_5_0_10_5_1
N354,2,3,2,3,2,2,1,2,1,1,0,2,2,2,1,1,0,3,2,0,2,Psi_Site_Chen_MathFeature_Latest_5_0_10_5_1
N355,3,3,3,1,1,1,1,1,2,2,0,3,3,2,3,3,2,3,1,0,2,Psi_Site_Chen_MathFeature_Latest_5_0_10_5_1
N356,1,3,0,2,3,2,3,3,2,3,0,3,3,3,3,3,3,2,3,3,3,Psi_Site_Chen_MathFeature_Latest_5_0_10_5_1
N357,3,1,2,3,0,0,0,3,2,0,0,3,1,2,2,3,3,0,1,2,3,Psi_Site_Chen_MathFeature_Latest_5_0_10_5_1
N358,2,1,2,3,3,2,3,2,2,0,0,3,3,2,2,1,1,1,0,0,2,Psi_Site_Chen_MathFeature_Latest_5_0_10_5_1
N359,0,0,0,0,2,0,0,3,0,1,0,0,2,0,3,3,3,3,2,3,0,Psi_Site_Chen_MathFeature_Latest_5_0_10_5_1
N360,2,2,3,0,2,1,2,2,2,1,0,1,2,2,3,2,0,1,1,0,1,Psi_Site_Chen_MathFeature_Latest_5_0_10_5_1
N361,3,1,0,1,2,3,0,0,3,3,0,2,3,2,3,1,2,0,3,2,3,Psi_Site_Chen_MathFeature_Latest_5_0_10_5_1
N362,3,2,1,2,0,3,0,0,2,0,0,0,0,2,3,0,0,3,3,3,0,Psi_Site_Chen_MathFeature_Latest_5_0_10_5_1
N363,3,3,2,0,3,2,3,0,1,1,0,1,1,0,1,0,0,0,0,3,1,Psi_Site_Chen_MathFeature_Latest_5_0_10_5_1
N364,2,1,2,3,0,1,0,0,3,3,0,0,0,1,2,0,1,0,0,0,1,Psi_Site_Chen_MathFeature_Latest_5_0_10_5_1
N365,3,2,1,2,3,0,3,2,0,0,0,0,2,0,2,1,0,3,2,2,2,Psi_Site_Chen_MathFeature_Latest_5_0_10_5_1
N366,3,2,2,0,3,0,1,2,3,1,0,3,2,3,2,2,2,2,0,0,0,Psi_Site_Chen_MathFeature_Latest_5_0_10_5_1
N367,3,3,1,0,3,3,3,0,3,2,0,3,0,2,3,0,0,0,0,1,2,Psi_Site_Chen_MathFeature_Latest_5_0_10_5_1
N368,1,2,3,1,1,0,3,3,3,1,0,2,2,1,1,2,3,1,2,0,3,Psi_Site_Chen_MathFeature_Latest_5_0_10_5_1
N369,3,0,2,1,1,2,1,0,2,1,0,2,0,0,0,2,0,3,3,3,3,Psi_Site_Chen_MathFeature_Latest_5_0_10_5_1
N370,0,1,0,2,0,0,3,3,0,2,0,3,3,3,0,0,3,3,3,2,2,Psi_Site_Chen_MathFeature_Latest_5_0_10_5_1
N371,0,3,3,3,0,1,0,0,1,2,0,3,0,2,3,2,3,1,0,0,3,Psi_Site_Chen_MathFeature_Latest_5_0_10_5_1
N372,0,3,3,0,2,1,1,0,3,3,0,2,0,1,0,3,1,1,0,2,2,Psi_Site_Chen_MathFeature_Latest_5_0_10_5_1
N373,0,1,1,2,0,3,3,0,3,2,0,1,0,3,2,0,2,3,2,2,0,Psi_Site_Chen_MathFeature_Latest_5_0_10_5_1
N374,2,2,2,3,3,0,0,0,0,2,0,0,1,3,3,1,0,0,2,0,2,Psi_Site_Chen_MathFeature_Latest_5_0_10_5_1
N375,0,3,3,3,0,1,2,2,3,0,0,2,2,1,2,1,1,0,2,2,2,Psi_Site_Chen_MathFeature_Latest_5_0_10_5_1
N376,1,2,1,0,3,0,0,1,0,3,0,1,2,2,0,3,0,0,0,2,2,Psi_Site_Chen_MathFeature_Latest_5_0_10_5_1
N377,0,2,2,0,2,2,2,2,3,1,0,2,3,2,3,1,0,2,1,0,3,Psi_Site_Chen_MathFeature_Latest_5_0_10_5_1
N378,3,0,2,3,1,1,0,0,3,0,0,0,3,2,3,3,2,2,3,0,3,Psi_Site_Chen_MathFeature_Latest_5_0_10_5_1
N379,0,2,1,0,1,0,0,2,1,2,0,1,2,3,3,0,0,1,2,2,2,Psi_Site_Chen_MathFeature_Latest_5_0_10_5_1
N380,3,0,0,1,0,0,2,0,1,2,0,2,0,2,0,0,0,1,0,0,0,Psi_Site_Chen_MathFeature_Latest_5_0_10_5_1
N381,0,0,0,0,3,1,0,0,3,3,0,2,0,2,3,0,0,3,2,1,0,Psi_Site_Chen_MathFeature_Latest_5_0_10_5_1
N382,1,1,3,3,2,0,3,3,1,1,0,3,0,3,0,3,2,2,2,2,0,Psi_Site_Chen_MathFeature_Latest_5_0_10_5_1
N383,0,3,2,0,3,2,0,0,2,2,0,3,0,3,3,3,2,3,3,3,3,Psi_Site_Chen_MathFeature_Latest_5_0_10_5_1
N384,1,0,2,2,1,2,2,2,2,1,0,0,0,0,0,0,0,0,0,0,0,Psi_Site_Chen_MathFeature_Latest_5_0_10_5_1
N385,2,0,1,1,0,2,2,0,1,1,0,1,1,2,1,2,3,0,0,3,0,Psi_Site_Chen_MathFeature_Latest_5_0_10_5_1
N386,3,3,3,3,3,3,3,3,3,3,0,2,3,3,0,2,3,3,2,2,2,Psi_Site_Chen_MathFeature_Latest_5_0_10_5_1
N387,2,1,1,1,2,3,1,3,0,3,0,3,1,1,0,1,0,3,3,3,0,Psi_Site_Chen_MathFeature_Latest_5_0_10_5_1
N388,1,0,2,2,3,2,1,1,0,1,0,3,3,0,3,2,2,0,3,3,2,Psi_Site_Chen_MathFeature_Latest_5_0_10_5_1
N389,0,0,1,1,1,2,2,2,0,1,0,2,2,2,3,2,2,0,3,2,3,Psi_Site_Chen_MathFeature_Latest_5_0_10_5_1
N390,0,0,2,1,2,3,3,2,2,2,0,1,1,2,0,1,0,1,2,3,3,Psi_Site_Chen_MathFeature_Latest_5_0_10_5_1
N391,1,2,2,2,2,3,3,2,0,2,0,2,1,0,0,0,1,0,0,1,0,Psi_Site_Chen_MathFeature_Latest_5_0_10_5_1
N392,2,2,3,2,2,2,0,0,2,3,0,3,2,2,2,1,2,2,1,2,1,Psi_Site_Chen_MathFeature_Latest_5_0_10_5_1
N393,3,3,2,2,2,2,3,1,1,0,0,3,2,2,3,2,0,2,0,3,3,Psi_Site_Chen_MathFeature_Latest_5_0_10_5_1
N394,2,2,1,2,0,2,3,0,2,1,0,2,3,1,3,3,2,3,3,2,0,Psi_Site_Chen_MathFeature_Latest_5_0_10_5_1
N395,0,0,2,3,3,2,2,2,3,0,0,2,3,2,2,2,2,3,1,2,1,Psi_Site_Chen_MathFeature_Latest_5_0_10_5_1
N396,2,2,1,0,2,2,3,3,3,0,0,0,3,2,3,0,1,2,0,0,1,Psi_Site_Chen_MathFeature_Latest_5_0_10_5_1
N397,3,2,2,1,2,0,0,0,0,0,0,0,1,2,3,3,0,3,2,0,0,Psi_Site_Chen_MathFeature_Latest_5_0_10_5_1
N398,0,1,0,0,1,1,1,1,2,2,0,2,1,0,1,1,1,2,3,2,3,Psi_Site_Chen_MathFeature_Latest_5_0_10_5_1
N399,0,0,3,0,1,1,1,2,0,2,0,2,0,1,1,0,2,0,1,2,3,Psi_Site_Chen_MathFeature_Latest_5_0_10_5_1
N400,1,2,0,0,1,0,3,2,3,3,0,0,3,0,0,1,1,2,3,3,2,Psi_Site_Chen_MathFeature_Latest_5_0_10_5_1
N401,1,1,3,3,3,2,1,1,0,0,0,3,3,3,3,3,2,3,1,1,3,Psi_Site_Chen_MathFeature_Latest_5_0_10_5_1
N402,0,3,0,3,1,1,0,0,0,0,0,2,3,1,1,3,2,2,2,1,0,Psi_Site_Chen_MathFeature_Latest_5_0_10_5_1
N403,3,0,3,3,3,3,3,2,2,0,0,0,0,0,3,2,2,1,1,1,1,Psi_Site_Chen_MathFeature_Latest_5_0_10_5_1
N404,0,1,1,0,1,0,3,0,3,0,0,3,2,3,3,2,1,2,2,3,3,Psi_Site_Chen_MathFeature_Latest_5_0_10_5_1
N405,0,1,1,1,1,3,3,3,3,1,0,0,1,3,3,1,1,0,1,3,3,Psi_Site_Chen_MathFeature_Latest_5_0_10_5_1
N406,1,3,3,1,0,1,1,3,2,3,0,1,1,1,1,1,1,1,3,1,1,Psi_Site_Chen_MathFeature_Latest_5_0_10_5_1
N407,3,2,3,3,0,3,3,3,2,1,0,1,2,2,2,1,1,1,2,1,3,Psi_Site_Chen_MathFeature_Latest_5_0_10_5_1
N408,1,1,0,3,3,0,2,0,3,3,0,3,0,2,3,2,3,3,2,3,2,Psi_Site_Chen_MathFeature_Latest_5_0_10_5_1
N409,2,3,2,3,3,2,2,1,2,1,0,1,1,0,1,1,2,0,0,3,0,Psi_Site_Chen_MathFeature_Latest_5_0_10_5_1
N410,0,1,1,1,1,1,0,1,1,0,0,2,3,2,0,0,0,3,3,3,2,Psi_Site_Chen_MathFeature_Latest_5_0_10_5_1
N411,2,1,0,1,0,0,0,0,0,0,0,0,0,0,0,0,0,2,1,2,2,Psi_Site_Chen_MathFeature_Latest_5_0_10_5_1
N412,2,0,0,2,1,2,2,3,2,1,0,3,2,0,3,3,3,2,1,0,1,Psi_Site_Chen_MathFeature_Latest_5_0_10_5_1
N413,0,2,3,3,0,1,1,1,2,3,0,2,0,2,3,1,1,0,1,2,1,Psi_Site_Chen_MathFeature_Latest_5_0_10_5_1
N414,3,3,1,2,2,3,0,0,3,2,0,0,1,1,1,1,1,2,3,2,3,Psi_Site_Chen_MathFeature_Latest_5_0_10_5_1
N415,3,2,0,1,2,2,2,2,2,1,0,2,2,2,3,2,3,2,0,0,3,Psi_Site_Chen_MathFeature_Latest_5_0_10_5_1
N416,0,3,0,3,3,3,3,3,1,2,0,1,0,0,3,2,3,3,2,1,0,Psi_Site_Chen_MathFeature_Latest_5_0_10_5_1
N417,1,1,2,1,2,2,2,0,1,0,0,0,1,2,2,1,1,1,2,2,2,Psi_Site_Chen_MathFeature_Latest_5_0_10_5_1
N418,3,3,3,3,2,2,0,2,0,2,0,0,1,0,2,3,1,0,3,3,3,Psi_Site_Chen_MathFeature_Latest_5_0_10_5_1
N419,0,2,1,2,1,1,1,2,2,1,0,0,1,0,1,2,2,2,2,3,0,Psi_Site_Chen_MathFeature_Latest_5_0_10_5_1
N420,0,2,2,2,2,3,2,2,1,0,0,1,0,3,3,2,3,2,0,2,0,Psi_Site_Chen_MathFeature_Latest_5_0_10_5_1
N421,3,2,2,0,3,3,1,2,2,2,0,1,2,2,2,2,2,3,2,1,2,Psi_Site_Chen_MathFeature_Latest_5_0_10_5_1
N422,0,2,2,3,0,3,3,2,0,2,0,0,0,1,0,1,2,0,2,2,2,Psi_Site_Chen_MathFeature_Latest_5_0_10_5_1
N423,0,0,2,1,2,3,3,0,2,2,0,2,0,2,2,3,2,1,1,0,3,Psi_Site_Chen_MathFeature_Latest_5_0_10_5_1
N424,2,1,0,3,0,3,3,1,0,2,0,3,3,2,2,1,3,1,0,1,2,Psi_Site_Chen_MathFeature_Latest_5_0_10_5_1
N425,0,3,0,3,0,1,0,3,3,1,0,3,0,0,0,3,0,1,1,1,2,Psi_Site_Chen_MathFeature_Latest_5_0_10_5_1
N426,1,2,0,0,1,1,2,0,1,0,0,0,3,0,2,0,1,2,3,2,1,Psi_Site_Chen_MathFeature_Latest_5_0_10_5_1
N427,3,0,1,2,0,3,1,1,2,0,0,2,0,2,2,2,0,0,0,1,2,Psi_Site_Chen_MathFeature_Latest_5_0_10_5_1
N428,0,0,1,2,0,2,2,0,3,0,0,3,0,0,1,1,2,1,1,0,2,Psi_Site_Chen_MathFeature_Latest_5_0_10_5_1
N429,2,3,2,0,3,2,2,2,3,3,0,3,0,2,3,1,1,1,2,3,2,Psi_Site_Chen_MathFeature_Latest_5_0_10_5_1
N430,2,2,2,3,2,2,3,2,2,2,0,2,2,0,2,1,1,1,1,2,3,Psi_Site_Chen_MathFeature_Latest_5_0_10_5_1
N431,0,0,2,1,1,2,0,2,3,0,0,2,2,2,0,2,0,2,3,2,2,Psi_Site_Chen_MathFeature_Latest_5_0_10_5_1
N432,2,1,2,2,1,2,3,3,2,2,0,0,3,3,2,3,3,3,0,2,1,Psi_Site_Chen_MathFeature_Latest_5_0_10_5_1
N433,3,2,0,2,2,2,3,2,1,0,0,1,1,2,1,2,3,1,1,2,3,Psi_Site_Chen_MathFeature_Latest_5_0_10_5_1
N434,0,2,0,0,0,3,1,2,0,3,0,2,2,2,3,1,0,3,0,0,3,Psi_Site_Chen_MathFeature_Latest_5_0_10_5_1
N435,3,2,1,1,1,1,2,3,3,0,0,0,3,2,2,3,1,2,1,2,1,Psi_Site_Chen_MathFeature_Latest_5_0_10_5_1
N436,1,0,3,1,0,0,0,0,1,0,0,0,3,3,0,1,0,1,2,2,3,Psi_Site_Chen_MathFeature_Latest_5_0_10_5_1
N437,2,0,0,3,2,3,0,3,0,3,0,3,3,3,1,2,2,1,2,2,2,Psi_Site_Chen_MathFeature_Latest_5_0_10_5_1
N438,3,2,0,2,2,2,0,3,1,3,0,2,1,0,2,3,2,2,2,2,3,Psi_Site_Chen_MathFeature_Latest_5_0_10_5_1
N439,1,2,2,3,2,0,2,2,2,1,0,3,1,2,3,2,2,0,3,0,0,Psi_Site_Chen_MathFeature_Latest_5_0_10_5_1
N440,0,0,0,0,0,0,0,2,3,3,0,3,2,2,2,2,3,2,2,1,2,Psi_Site_Chen_MathFeature_Latest_5_0_10_5_1
N441,3,2,0,2,3,0,3,3,1,1,0,1,1,2,3,2,3,3,1,0,3,Psi_Site_Chen_MathFeature_Latest_5_0_10_5_1
N442,0,0,0,0,0,3,1,0,0,0,0,0,0,0,3,0,0,0,0,0,0,Psi_Site_Chen_MathFeature_Latest_5_0_10_5_1
N443,0,2,0,2,2,2,2,0,0,1,0,3,0,3,0,2,0,2,3,1,0,Psi_Site_Chen_MathFeature_Latest_5_0_10_5_1
N444,2,0,3,1,1,0,0,0,2,2,0,1,1,1,2,3,1,1,1,0,1,Psi_Site_Chen_MathFeature_Latest_5_0_10_5_1
N445,3,3,3,1,2,1,0,1,2,0,0,1,2,1,1,1,2,1,1,2,3,Psi_Site_Chen_MathFeature_Latest_5_0_10_5_1
N446,0,2,2,3,3,2,0,0,0,2,0,0,0,2,0,2,3,0,1,2,3,Psi_Site_Chen_MathFeature_Latest_5_0_10_5_1
N447,0,3,1,1,1,1,0,3,2,2,0,0,2,3,2,1,2,0,1,2,1,Psi_Site_Chen_MathFeature_Latest_5_0_10_5_1
N448,1,0,3,2,3,3,2,2,2,1,0,3,1,1,2,2,1,0,3,0,0,Psi_Site_Chen_MathFeature_Latest_5_0_10_5_1
N449,1,2,1,1,0,1,0,0,3,0,0,2,2,1,2,0,0,1,1,0,0,Psi_Site_Chen_MathFeature_Latest_5_0_10_5_1
N450,0,0,0,1,0,1,0,2,3,1,0,1,1,0,1,1,2,0,0,3,3,Psi_Site_Chen_MathFeature_Latest_5_0_10_5_1
N451,2,3,3,2,3,2,3,3,0,2,0,0,3,1,0,3,3,2,0,1,1,Psi_Site_Chen_MathFeature_Latest_5_0_10_5_1
N452,1,0,1,0,2,2,0,3,2,2,0,3,0,3,3,1,0,3,1,1,1,Psi_Site_Chen_MathFeature_Latest_5_0_10_5_1
N453,3,3,2,3,1,3,3,1,0,1,0,1,0,0,2,3,2,2,1,1,3,Psi_Site_Chen_MathFeature_Latest_5_0_10_5_1
N454,1,2,0,1,1,2,3,3,3,1,0,3,3,2,3,2,3,2,0,3,3,Psi_Site_Chen_MathFeature_Latest_5_0_10_5_1
N455,1,0,3,3,0,3,0,3,0,1,0,3,2,2,2,2,1,2,3,1,0,Psi_Site_Chen_MathFeature_Latest_5_0_10_5_1
N456,3,3,3,2,2,2,0,0,3,1,0,2,2,2,2,1,2,2,0,1,2,Psi_Site_Chen_MathFeature_Latest_5_0_10_5_1
N457,1,3,2,2,1,1,0,0,1,1,0,3,2,0,3,1,2,1,1,2,3,Psi_Site_Chen_MathFeature_Latest_5_0_10_5_1
N458,2,1,2,0,0,1,1,2,0,0,0,0,2,0,2,2,0,0,3,0,1,Psi_Site_Chen_MathFeature_Latest_5_0_10_5_1
N459,3,1,1,2,1,2,1,2,1,3,0,3,1,2,1,1,0,0,0,1,0,Psi_Site_Chen_MathFeature_Latest_5_0_10_5_1
N460,0,2,1,3,3,3,1,2,2,0,0,0,0,0,0,1,2,1,2,2,1,Psi_Site_Chen_MathFeature_Latest_5_0_10_5_1
N461,2,1,0,2,2,2,3,0,0,3,0,3,2,2,3,2,2,1,3,0,0,Psi_Site_Chen_MathFeature_Latest_5_0_10_5_1
N462,0,1,1,1,2,3,1,1,2,2,0,1,3,0,0,3,3,1,1,1,2,Psi_Site_Chen_MathFeature_Latest_5_0_10_5_1
N463,0,0,0,1,1,3,3,1,0,1,0,3,1,1,0,1,3,1,1,0,1,Psi_Site_Chen_MathFeature_Latest_5_0_10_5_1
N464,1,2,0,3,0,3,0,3,3,3,0,0,0,0,2,0,1,2,2,0,2,Psi_Site_Chen_MathFeature_Latest_5_0_10_5_1
N465,2,3,2,0,3,0,2,3,0,1,0,1,1,1,1,0,1,1,1,1,0,Psi_Site_Chen_MathFeature_Latest_5_0_10_5_1
N466,1,0,0,0,3,0,3,1,2,3,0,1,2,3,3,1,0,0,3,0,1,Psi_Site_Chen_MathFeature_Latest_5_0_10_5_1
N467,3,1,2,2,2,2,2,1,2,2,0,1,1,2,2,1,0,2,2,0,3,Psi_Site_Chen_MathFeature_Latest_5_0_10_5_1
N468,3,3,3,2,2,0,0,2,1,0,0,3,0,2,3,3,3,2,0,2,2,Psi_Site_Chen_MathFeature_Latest_5_0_10_5_1
N469,1,0,1,0,3,1,0,1,1,1,0,3,1,3,1,0,2,2,0,0,0,Psi_Site_Chen_MathFeature_Latest_5_0_10_5_1
N470,3,1,0,3,0,1,1,0,0,0,0,2,2,0,2,2,1,0,2,3,3,Psi_Site_Chen_MathFeature_Latest_5_0_10_5_1
N471,0,0,3,0,2,0,2,2,1,2,0,2,3,2,1,2,3,1,0,0,0,Psi_Site_Chen_MathFeature_Latest_5_0_10_5_1
N472,0,3,2,3,2,3,3,2,3,0,0,1,2,0,0,2,2,3,3,3,3,Psi_Site_Chen_MathFeature_Latest_5_0_10_5_1
N473,1,0,3,2,2,2,3,1,3,3,0,1,1,2,0,3,3,3,0,1,1,Psi_Site_Chen_MathFeature_Latest_5_0_10_5_1
N474,2,2,0,3,3,3,2,0,0,2,0,2,2,0,2,1,3,3,1,2,1,Psi_Site_Chen_MathFeature_Latest_5_0_10_5_1
N475,1,1,1,1,1,1,0,0,3,3,0,3,2,1,0,2,2,2,1,0,0,Psi_Site_Chen_MathFeature_Latest_5_0_10_5_1
N476,2,1,1,1,2,3,3,0,0,0,0,3,3,3,2,1,1,2,0,3,3,Psi_Site_Chen_MathFeature_Latest_5_0_10_5_1
N477,1,2,1,2,3,2,3,1,2,2,0,2,0,2,0,1,3,2,1,2,1,Psi_Site_Chen_MathFeature_Latest_5_0_10_5_1
N478,2,2,0,2,1,0,2,2,2,2,0,0,3,3,0,0,2,3,0,2,2,Psi_Site_Chen_MathFeature_Latest_5_0_10_5_1
N479,1,1,3,0,2,3,3,3,3,2,0,2,2,3,2,2,0,1,3,1,1,Psi_Site_Chen_MathFeature_Latest_5_0_10_5_1
N480,3,0,3,3,0,0,2,1,0,1,0,2,2,1,1,2,2,2,3,3,3,Psi_Site_Chen_MathFeature_Latest_5_0_10_5_1
N481,3,3,3,2,2,1,3,2,3,2,0,3,1,0,1,2,2,1,3,3,3,Psi_Site_Chen_MathFeature_Latest_5_0_10_5_1
N482,3,1,1,1,0,0,2,0,3,2,0,2,1,0,2,2,0,3,2,2,2,Psi_Site_Chen_MathFeature_Latest_5_0_10_5_1
N483,0,3,2,3,1,2,3,2,1,1,0,3,2,0,2,2,2,2,0,0,0,Psi_Site_Chen_MathFeature_Latest_5_0_10_5_1
N484,0,1,1,1,2,2,0,3,2,1,0,0,2,2,1,1,2,1,1,2,2,Psi_Site_Chen_MathFeature_Latest_5_0_10_5_1
N485,0,2,3,1,0,2,3,2,2,2,0,2,0,2,0,1,2,3,2,3,3,Psi_Site_Chen_MathFeature_Latest_5_0_10_5_1
N486,3,1,1,0,0,0,0,0,0,0,0,0,0,0,0,0,0,0,0,0,0,Psi_Site_Chen_MathFeature_Latest_5_0_10_5_1
N487,0,1,3,2,0,0,0,0,2,0,0,1,2,2,0,2,0,0,2,0,0,Psi_Site_Chen_MathFeature_Latest_5_0_10_5_1
N488,3,3,3,0,1,0,2,3,1,0,0,0,0,1,3,3,3,0,3,0,3,Psi_Site_Chen_MathFeature_Latest_5_0_10_5_1
N489,2,2,2,1,3,0,3,2,0,0,0,2,2,2,0,2,2,0,3,0,3,Psi_Site_Chen_MathFeature_Latest_5_0_10_5_1
N490,3,2,1,2,1,2,3,1,2,1,0,0,3,2,2,0,2,1,1,1,2,Psi_Site_Chen_MathFeature_Latest_5_0_10_5_1
N491,0,3,3,3,3,2,2,3,3,3,0,0,3,0,0,0,1,0,1,2,3,Psi_Site_Chen_MathFeature_Latest_5_0_10_5_1
N492,0,1,2,2,3,3,3,3,3,3,0,0,2,3,0,2,3,2,2,2,0,Psi_Site_Chen_MathFeature_Latest_5_0_10_5_1
N493,1,0,2,0,3,2,1,2,2,2,0,0,2,3,0,0,3,3,2,1,2,Psi_Site_Chen_MathFeature_Latest_5_0_10_5_1
N494,0,3,0,1,2,3,3,3,2,1,0,0,2,2,3,0,0,0,0,2,1,Psi_Site_Chen_MathFeature_Latest_5_0_10_5_1
N495,2,1,2,3,3,2,2,3,2,2,0,0,3,2,3,0,1,2,1,2,1,Psi_Site_Chen_MathFeature_Latest_5_0_10_5_1
