nameseq,A_A,A_C,A_G,A_U,C_A,C_C,C_G,C_U,G_A,G_C,G_G,G_U,U_A,U_C,U_G,U_U,label
P1,0,0,1,3,1,0,1,1,2,0,1,1,2,1,1,3,Psi_Site_Chen_MathFeature_Latest_5_0_10_5_1
P2,0,1,1,0,0,0,1,0,1,0,0,2,1,1,2,8,Psi_Site_Chen_MathFeature_Latest_5_0_10_5_1
P3,1,4,0,0,2,2,1,1,2,0,0,0,1,1,1,2,Psi_Site_Chen_MathFeature_Latest_5_0_10_5_1
P4,2,2,0,2,2,0,0,1,1,0,1,1,2,2,1,1,Psi_Site_Chen_MathFeature_Latest_5_0_10_5_1
P5,0,0,2,1,0,0,1,0,1,0,1,3,2,0,1,6,Psi_Site_Chen_MathFeature_Latest_5_0_10_5_1
P6,1,2,2,2,1,0,1,0,1,0,0,3,4,0,0,1,Psi_Site_Chen_MathFeature_Latest_5_0_10_5_1
P7,5,0,1,1,0,4,0,1,1,0,0,0,1,2,0,2,Psi_Site_Chen_MathFeature_Latest_5_0_10_5_1
P8,3,0,2,1,0,0,0,0,2,0,1,3,2,0,3,1,Psi_Site_Chen_MathFeature_Latest_5_0_10_5_1
P9,2,0,2,1,0,0,1,0,0,0,0,2,1,1,0,8,Psi_Site_Chen_MathFeature_Latest_5_0_10_5_1
P10,3,1,2,2,2,0,2,0,3,0,0,0,1,1,0,1,Psi_Site_Chen_MathFeature_Latest_5_0_10_5_1
P11,0,0,1,1,1,1,0,3,0,0,0,2,1,3,1,4,Psi_Site_Chen_MathFeature_Latest_5_0_10_5_1
P12,4,1,3,0,1,0,0,1,2,0,0,2,2,2,0,0,Psi_Site_Chen_MathFeature_Latest_5_0_10_5_1
P13,0,1,1,0,0,1,4,0,2,2,2,1,0,1,0,3,Psi_Site_Chen_MathFeature_Latest_5_0_10_5_1
P14,0,0,0,2,0,0,0,0,0,0,0,1,2,1,1,11,Psi_Site_Chen_MathFeature_Latest_5_0_10_5_1
P15,2,1,1,3,1,0,0,0,3,0,0,1,1,0,2,3,Psi_Site_Chen_MathFeature_Latest_5_0_10_5_1
P16,0,1,0,2,1,1,3,0,0,1,0,4,1,2,2,0,Psi_Site_Chen_MathFeature_Latest_5_0_10_5_1
P17,0,1,0,4,0,0,0,1,0,0,0,0,4,0,0,8,Psi_Site_Chen_MathFeature_Latest_5_0_10_5_1
P18,0,0,1,1,0,1,1,1,1,2,0,2,1,0,2,5,Psi_Site_Chen_MathFeature_Latest_5_0_10_5_1
P19,3,1,1,0,0,1,2,3,0,0,0,1,2,2,0,2,Psi_Site_Chen_MathFeature_Latest_5_0_10_5_1
P20,3,0,1,2,0,0,0,2,2,0,1,0,3,1,1,2,Psi_Site_Chen_MathFeature_Latest_5_0_10_5_1
P21,0,1,1,0,0,0,1,3,1,2,2,2,1,1,1,2,Psi_Site_Chen_MathFeature_Latest_5_0_10_5_1
P22,2,2,0,4,2,0,0,0,0,0,0,0,4,2,0,2,Psi_Site_Chen_MathFeature_Latest_5_0_10_5_1
P23,0,1,0,3,0,0,1,1,3,0,0,2,1,0,4,2,Psi_Site_Chen_MathFeature_Latest_5_0_10_5_1
P24,0,1,0,0,0,1,2,2,0,3,5,1,0,1,2,0,Psi_Site_Chen_MathFeature_Latest_5_0_10_5_1
P25,0,0,0,1,0,3,1,4,0,1,0,0,2,4,0,2,Psi_Site_Chen_MathFeature_Latest_5_0_10_5_1
P26,1,1,1,1,0,1,0,2,0,1,0,2,2,2,2,2,Psi_Site_Chen_MathFeature_Latest_5_0_10_5_1
P27,0,1,0,0,1,5,3,0,0,2,0,3,0,2,1,0,Psi_Site_Chen_MathFeature_Latest_5_0_10_5_1
P28,0,1,3,1,1,1,3,1,3,2,0,0,0,2,0,0,Psi_Site_Chen_MathFeature_Latest_5_0_10_5_1
P29,4,1,1,3,0,0,0,0,2,0,0,0,3,0,0,4,Psi_Site_Chen_MathFeature_Latest_5_0_10_5_1
P30,4,1,2,0,0,1,1,0,1,0,1,2,1,1,0,3,Psi_Site_Chen_MathFeature_Latest_5_0_10_5_1
P31,0,1,0,0,1,2,0,4,1,0,0,1,0,3,2,3,Psi_Site_Chen_MathFeature_Latest_5_0_10_5_1
P32,1,0,0,3,1,1,0,0,0,0,0,1,3,0,0,8,Psi_Site_Chen_MathFeature_Latest_5_0_10_5_1
P33,0,0,0,1,0,0,0,1,0,0,0,2,1,0,2,11,Psi_Site_Chen_MathFeature_Latest_5_0_10_5_1
P34,0,1,1,0,0,0,1,1,2,0,1,3,1,1,1,5,Psi_Site_Chen_MathFeature_Latest_5_0_10_5_1
P35,5,1,1,1,2,1,1,1,1,1,0,0,1,1,0,1,Psi_Site_Chen_MathFeature_Latest_5_0_10_5_1
P36,5,0,1,2,0,1,1,0,1,0,0,1,1,1,0,4,Psi_Site_Chen_MathFeature_Latest_5_0_10_5_1
P37,2,1,1,0,2,2,1,2,0,1,1,1,0,2,0,2,Psi_Site_Chen_MathFeature_Latest_5_0_10_5_1
P38,0,0,0,3,1,0,1,0,0,1,0,2,4,0,2,4,Psi_Site_Chen_MathFeature_Latest_5_0_10_5_1
P39,2,2,0,1,0,0,0,1,2,0,3,1,2,0,2,2,Psi_Site_Chen_MathFeature_Latest_5_0_10_5_1
P40,0,3,0,1,1,3,3,1,1,0,0,1,2,2,0,0,Psi_Site_Chen_MathFeature_Latest_5_0_10_5_1
P41,1,3,0,0,1,3,1,2,0,0,2,1,2,0,0,2,Psi_Site_Chen_MathFeature_Latest_5_0_10_5_1
P42,1,0,2,3,0,0,0,1,1,1,0,2,3,0,3,1,Psi_Site_Chen_MathFeature_Latest_5_0_10_5_1
P43,1,3,1,2,2,0,2,0,1,1,0,1,2,0,1,1,Psi_Site_Chen_MathFeature_Latest_5_0_10_5_1
P44,1,1,0,1,2,1,0,3,0,0,0,0,0,4,0,5,Psi_Site_Chen_MathFeature_Latest_5_0_10_5_1
P45,2,0,2,1,1,0,0,0,1,0,3,2,1,1,1,3,Psi_Site_Chen_MathFeature_Latest_5_0_10_5_1
P46,1,0,0,5,1,0,0,0,0,0,1,1,4,1,2,2,Psi_Site_Chen_MathFeature_Latest_5_0_10_5_1
P47,2,0,2,4,1,0,0,1,2,0,0,0,4,1,0,1,Psi_Site_Chen_MathFeature_Latest_5_0_10_5_1
P48,2,0,1,2,1,1,1,0,2,0,2,1,2,1,1,1,Psi_Site_Chen_MathFeature_Latest_5_0_10_5_1
P49,0,0,0,1,0,0,0,2,1,1,1,1,2,1,2,6,Psi_Site_Chen_MathFeature_Latest_5_0_10_5_1
P50,1,0,2,2,2,1,1,0,1,1,0,3,1,0,3,0,Psi_Site_Chen_MathFeature_Latest_5_0_10_5_1
P51,1,1,2,1,0,1,2,1,3,0,1,2,2,1,0,0,Psi_Site_Chen_MathFeature_Latest_5_0_10_5_1
P52,0,0,3,3,0,0,0,1,4,1,1,1,0,0,3,1,Psi_Site_Chen_MathFeature_Latest_5_0_10_5_1
P53,1,1,1,3,3,1,0,1,0,1,0,0,0,3,0,3,Psi_Site_Chen_MathFeature_Latest_5_0_10_5_1
P54,1,1,2,1,1,0,1,1,1,2,0,1,2,1,0,3,Psi_Site_Chen_MathFeature_Latest_5_0_10_5_1
P55,4,1,0,4,1,0,0,2,0,0,0,0,4,1,0,1,Psi_Site_Chen_MathFeature_Latest_5_0_10_5_1
P56,3,1,0,0,1,1,0,2,0,1,0,0,1,2,1,5,Psi_Site_Chen_MathFeature_Latest_5_0_10_5_1
P57,0,0,2,1,2,0,1,1,0,3,0,2,2,1,2,1,Psi_Site_Chen_MathFeature_Latest_5_0_10_5_1
P58,0,1,0,0,0,0,2,2,0,0,1,2,1,3,1,5,Psi_Site_Chen_MathFeature_Latest_5_0_10_5_1
P59,0,0,1,1,0,4,0,3,1,1,3,1,1,2,0,0,Psi_Site_Chen_MathFeature_Latest_5_0_10_5_1
P60,1,3,0,0,1,0,0,4,0,2,4,0,1,1,1,0,Psi_Site_Chen_MathFeature_Latest_5_0_10_5_1
P61,0,0,3,1,0,1,1,0,0,1,0,4,3,1,1,2,Psi_Site_Chen_MathFeature_Latest_5_0_10_5_1
P62,1,2,2,1,3,0,1,0,0,1,1,1,2,1,0,2,Psi_Site_Chen_MathFeature_Latest_5_0_10_5_1
P63,0,1,2,1,3,0,0,1,1,0,0,2,1,1,1,4,Psi_Site_Chen_MathFeature_Latest_5_0_10_5_1
P64,3,0,2,3,1,0,1,1,1,1,1,0,3,1,0,0,Psi_Site_Chen_MathFeature_Latest_5_0_10_5_1
P65,1,1,1,2,1,0,1,1,0,2,0,1,4,0,0,3,Psi_Site_Chen_MathFeature_Latest_5_0_10_5_1
P66,1,4,0,1,1,0,1,3,2,0,0,0,2,1,0,2,Psi_Site_Chen_MathFeature_Latest_5_0_10_5_1
P67,0,1,3,0,1,2,2,0,1,1,0,3,2,1,0,1,Psi_Site_Chen_MathFeature_Latest_5_0_10_5_1
P68,1,0,1,1,0,0,0,3,1,1,0,1,1,1,2,5,Psi_Site_Chen_MathFeature_Latest_5_0_10_5_1
P69,0,2,1,1,1,1,2,1,1,1,2,1,3,0,0,1,Psi_Site_Chen_MathFeature_Latest_5_0_10_5_1
P70,1,0,1,0,1,2,0,3,0,1,1,2,0,2,2,2,Psi_Site_Chen_MathFeature_Latest_5_0_10_5_1
P71,1,1,0,2,1,0,1,1,0,0,3,2,2,1,2,1,Psi_Site_Chen_MathFeature_Latest_5_0_10_5_1
P72,0,0,1,0,1,2,0,3,0,0,0,1,0,5,0,5,Psi_Site_Chen_MathFeature_Latest_5_0_10_5_1
P73,0,2,1,1,2,1,1,2,0,1,1,1,1,2,0,2,Psi_Site_Chen_MathFeature_Latest_5_0_10_5_1
P74,0,0,0,3,0,1,0,2,0,0,2,2,2,1,3,2,Psi_Site_Chen_MathFeature_Latest_5_0_10_5_1
P75,2,3,1,0,2,1,0,3,1,1,1,0,2,1,0,0,Psi_Site_Chen_MathFeature_Latest_5_0_10_5_1
P76,2,1,1,0,1,1,3,1,0,1,1,2,1,1,1,1,Psi_Site_Chen_MathFeature_Latest_5_0_10_5_1
P77,0,2,2,1,2,2,0,1,2,0,1,1,1,1,0,2,Psi_Site_Chen_MathFeature_Latest_5_0_10_5_1
P78,0,0,1,1,1,1,2,1,0,1,0,3,2,3,1,1,Psi_Site_Chen_MathFeature_Latest_5_0_10_5_1
P79,1,1,2,2,0,0,1,0,2,0,0,1,2,0,1,5,Psi_Site_Chen_MathFeature_Latest_5_0_10_5_1
P80,1,1,0,1,0,0,1,2,0,0,1,2,2,1,1,5,Psi_Site_Chen_MathFeature_Latest_5_0_10_5_1
P81,0,0,0,1,0,0,0,1,0,0,0,2,1,2,3,8,Psi_Site_Chen_MathFeature_Latest_5_0_10_5_1
P82,1,1,1,1,0,0,2,2,1,2,1,1,2,1,1,1,Psi_Site_Chen_MathFeature_Latest_5_0_10_5_1
P83,5,0,1,2,0,0,1,0,3,0,2,0,1,0,1,2,Psi_Site_Chen_MathFeature_Latest_5_0_10_5_1
P84,1,2,1,1,1,0,1,2,1,2,1,0,1,1,0,3,Psi_Site_Chen_MathFeature_Latest_5_0_10_5_1
P85,2,2,0,2,1,0,1,2,0,0,0,0,2,2,0,4,Psi_Site_Chen_MathFeature_Latest_5_0_10_5_1
P86,2,1,4,2,3,0,0,0,1,1,1,0,2,1,0,0,Psi_Site_Chen_MathFeature_Latest_5_0_10_5_1
P87,0,0,0,1,1,1,3,1,0,4,4,1,0,1,1,0,Psi_Site_Chen_MathFeature_Latest_5_0_10_5_1
P88,0,1,2,1,0,1,1,2,1,2,0,0,3,1,0,3,Psi_Site_Chen_MathFeature_Latest_5_0_10_5_1
P89,6,1,1,1,2,0,1,0,1,0,0,1,0,2,0,2,Psi_Site_Chen_MathFeature_Latest_5_0_10_5_1
P90,1,0,2,2,0,0,1,0,1,1,0,1,4,0,1,4,Psi_Site_Chen_MathFeature_Latest_5_0_10_5_1
P91,2,2,2,0,0,0,1,2,3,0,0,2,1,1,2,0,Psi_Site_Chen_MathFeature_Latest_5_0_10_5_1
P92,2,0,0,4,0,0,0,2,0,1,0,0,3,1,1,4,Psi_Site_Chen_MathFeature_Latest_5_0_10_5_1
P93,2,1,2,4,1,0,0,0,2,0,0,0,5,0,0,1,Psi_Site_Chen_MathFeature_Latest_5_0_10_5_1
P94,1,0,0,3,0,0,2,1,1,0,0,3,2,1,4,0,Psi_Site_Chen_MathFeature_Latest_5_0_10_5_1
P95,5,0,3,2,0,0,0,0,1,0,0,1,3,0,0,3,Psi_Site_Chen_MathFeature_Latest_5_0_10_5_1
P96,1,1,1,0,0,2,1,2,0,1,1,3,2,3,0,0,Psi_Site_Chen_MathFeature_Latest_5_0_10_5_1
P97,0,1,1,0,1,2,1,2,0,0,0,3,0,2,2,3,Psi_Site_Chen_MathFeature_Latest_5_0_10_5_1
P98,3,0,1,4,1,0,0,1,1,0,1,0,3,2,0,1,Psi_Site_Chen_MathFeature_Latest_5_0_10_5_1
P99,0,2,0,2,0,0,1,4,1,0,0,1,1,3,2,1,Psi_Site_Chen_MathFeature_Latest_5_0_10_5_1
P100,1,0,1,2,1,0,1,1,1,1,1,2,2,2,2,0,Psi_Site_Chen_MathFeature_Latest_5_0_10_5_1
P101,3,0,2,3,2,0,1,0,1,2,1,0,1,1,0,1,Psi_Site_Chen_MathFeature_Latest_5_0_10_5_1
P102,2,3,0,0,1,2,1,2,2,0,0,0,0,2,0,3,Psi_Site_Chen_MathFeature_Latest_5_0_10_5_1
P103,1,2,0,1,1,0,1,2,0,0,0,1,3,2,0,4,Psi_Site_Chen_MathFeature_Latest_5_0_10_5_1
P104,0,0,0,0,0,1,0,2,0,0,2,2,0,2,2,7,Psi_Site_Chen_MathFeature_Latest_5_0_10_5_1
P105,0,2,1,0,2,7,0,1,0,1,1,0,1,1,1,0,Psi_Site_Chen_MathFeature_Latest_5_0_10_5_1
P106,1,2,2,1,0,1,0,1,2,1,1,1,3,0,0,2,Psi_Site_Chen_MathFeature_Latest_5_0_10_5_1
P107,0,0,1,0,1,1,1,2,0,1,0,2,0,4,1,4,Psi_Site_Chen_MathFeature_Latest_5_0_10_5_1
P108,3,2,0,4,0,1,0,1,1,0,0,0,3,1,1,1,Psi_Site_Chen_MathFeature_Latest_5_0_10_5_1
P109,1,1,1,1,1,2,1,2,0,1,1,0,2,1,0,3,Psi_Site_Chen_MathFeature_Latest_5_0_10_5_1
P110,0,1,2,1,0,0,1,2,1,1,0,1,3,2,0,3,Psi_Site_Chen_MathFeature_Latest_5_0_10_5_1
P111,1,1,1,2,0,0,2,1,2,1,1,2,1,1,1,1,Psi_Site_Chen_MathFeature_Latest_5_0_10_5_1
P112,6,0,0,2,1,0,0,0,0,0,0,0,2,2,0,5,Psi_Site_Chen_MathFeature_Latest_5_0_10_5_1
P113,1,1,0,1,2,0,2,3,0,3,0,0,1,2,1,1,Psi_Site_Chen_MathFeature_Latest_5_0_10_5_1
P114,0,0,0,1,1,0,1,1,0,1,2,4,1,0,5,1,Psi_Site_Chen_MathFeature_Latest_5_0_10_5_1
P115,1,2,0,0,1,2,4,0,1,1,0,3,0,2,1,0,Psi_Site_Chen_MathFeature_Latest_5_0_10_5_1
P116,1,1,2,0,1,0,2,3,1,2,2,0,0,3,0,0,Psi_Site_Chen_MathFeature_Latest_5_0_10_5_1
P117,0,1,0,2,3,1,0,2,0,1,0,1,0,4,1,2,Psi_Site_Chen_MathFeature_Latest_5_0_10_5_1
P118,1,2,0,1,1,5,1,1,0,1,2,1,1,1,0,0,Psi_Site_Chen_MathFeature_Latest_5_0_10_5_1
P119,0,3,0,1,3,1,2,2,0,1,0,0,0,3,0,2,Psi_Site_Chen_MathFeature_Latest_5_0_10_5_1
P120,2,0,1,4,1,0,0,0,0,0,3,1,4,0,0,2,Psi_Site_Chen_MathFeature_Latest_5_0_10_5_1
P121,1,2,0,2,2,0,0,1,2,1,0,1,0,2,3,1,Psi_Site_Chen_MathFeature_Latest_5_0_10_5_1
P122,1,1,0,2,0,1,0,2,2,0,1,1,1,2,3,1,Psi_Site_Chen_MathFeature_Latest_5_0_10_5_1
P123,3,0,2,2,0,0,0,0,1,0,0,3,1,2,2,2,Psi_Site_Chen_MathFeature_Latest_5_0_10_5_1
P124,1,1,1,1,1,0,0,1,2,0,2,2,1,1,2,2,Psi_Site_Chen_MathFeature_Latest_5_0_10_5_1
P125,0,2,1,0,2,2,2,2,1,1,0,1,1,2,0,1,Psi_Site_Chen_MathFeature_Latest_5_0_10_5_1
P126,1,0,1,1,1,1,0,2,0,0,2,2,2,1,2,2,Psi_Site_Chen_MathFeature_Latest_5_0_10_5_1
P127,3,1,1,0,2,0,1,1,0,1,1,2,1,3,0,1,Psi_Site_Chen_MathFeature_Latest_5_0_10_5_1
P128,0,2,2,1,1,0,1,0,1,0,0,2,2,0,2,4,Psi_Site_Chen_MathFeature_Latest_5_0_10_5_1
P129,2,0,0,4,0,0,0,1,1,0,1,0,2,1,1,5,Psi_Site_Chen_MathFeature_Latest_5_0_10_5_1
P130,0,0,3,0,1,1,1,2,0,3,0,2,1,1,2,1,Psi_Site_Chen_MathFeature_Latest_5_0_10_5_1
P131,1,3,0,1,0,0,2,2,3,0,1,0,1,2,1,1,Psi_Site_Chen_MathFeature_Latest_5_0_10_5_1
P132,0,0,1,0,0,2,2,0,0,1,3,4,1,1,3,0,Psi_Site_Chen_MathFeature_Latest_5_0_10_5_1
P133,0,0,0,0,0,1,1,5,0,1,0,1,0,6,1,2,Psi_Site_Chen_MathFeature_Latest_5_0_10_5_1
P134,3,2,3,1,2,0,0,0,1,0,2,1,1,0,1,1,Psi_Site_Chen_MathFeature_Latest_5_0_10_5_1
P135,4,1,0,2,2,0,0,1,0,0,0,0,1,2,0,5,Psi_Site_Chen_MathFeature_Latest_5_0_10_5_1
P136,1,2,2,1,0,0,3,0,2,1,0,1,1,0,0,4,Psi_Site_Chen_MathFeature_Latest_5_0_10_5_1
P137,1,0,2,1,3,1,1,1,0,0,0,3,0,3,1,1,Psi_Site_Chen_MathFeature_Latest_5_0_10_5_1
P138,4,0,1,1,2,0,0,1,1,1,2,1,1,2,0,1,Psi_Site_Chen_MathFeature_Latest_5_0_10_5_1
P139,3,3,1,1,2,1,1,0,0,0,0,1,2,1,0,2,Psi_Site_Chen_MathFeature_Latest_5_0_10_5_1
P140,4,0,2,2,0,1,0,1,1,1,0,1,2,1,0,2,Psi_Site_Chen_MathFeature_Latest_5_0_10_5_1
P141,2,1,0,3,1,0,2,1,1,1,0,0,2,1,0,3,Psi_Site_Chen_MathFeature_Latest_5_0_10_5_1
P142,2,0,0,1,0,0,1,0,1,1,2,1,0,1,1,7,Psi_Site_Chen_MathFeature_Latest_5_0_10_5_1
P143,1,1,1,2,2,0,1,1,1,0,0,2,2,2,2,0,Psi_Site_Chen_MathFeature_Latest_5_0_10_5_1
P144,0,2,2,0,1,2,2,0,2,1,1,2,1,0,1,1,Psi_Site_Chen_MathFeature_Latest_5_0_10_5_1
P145,0,0,0,1,0,3,2,2,1,2,1,0,0,2,1,3,Psi_Site_Chen_MathFeature_Latest_5_0_10_5_1
P146,0,1,0,4,4,2,1,0,0,0,1,0,1,2,0,2,Psi_Site_Chen_MathFeature_Latest_5_0_10_5_1
P147,3,2,1,1,1,1,0,1,2,0,2,1,1,0,1,1,Psi_Site_Chen_MathFeature_Latest_5_0_10_5_1
P148,0,1,0,1,0,0,0,2,0,0,3,3,1,1,3,3,Psi_Site_Chen_MathFeature_Latest_5_0_10_5_1
P149,4,1,3,2,1,0,0,1,1,0,0,0,2,1,0,2,Psi_Site_Chen_MathFeature_Latest_5_0_10_5_1
P150,2,0,2,1,0,2,1,2,2,2,1,0,0,1,1,1,Psi_Site_Chen_MathFeature_Latest_5_0_10_5_1
P151,0,2,1,1,1,0,2,1,2,1,3,1,1,2,0,0,Psi_Site_Chen_MathFeature_Latest_5_0_10_5_1
P152,1,0,1,1,1,1,1,0,0,3,1,3,2,0,3,0,Psi_Site_Chen_MathFeature_Latest_5_0_10_5_1
P153,0,2,1,0,0,0,2,2,1,2,2,2,2,1,1,0,Psi_Site_Chen_MathFeature_Latest_5_0_10_5_1
P154,0,0,1,0,1,3,1,4,1,0,0,2,0,4,1,0,Psi_Site_Chen_MathFeature_Latest_5_0_10_5_1
P155,0,0,2,2,0,0,3,1,3,1,2,0,1,2,0,1,Psi_Site_Chen_MathFeature_Latest_5_0_10_5_1
P156,1,0,0,3,1,0,1,3,1,1,0,0,2,4,1,0,Psi_Site_Chen_MathFeature_Latest_5_0_10_5_1
P157,1,2,1,0,2,2,0,4,0,1,0,0,1,3,0,1,Psi_Site_Chen_MathFeature_Latest_5_0_10_5_1
P158,1,2,0,0,2,3,3,1,0,3,1,0,0,1,0,1,Psi_Site_Chen_MathFeature_Latest_5_0_10_5_1
P159,0,0,1,2,0,2,0,0,0,1,4,2,1,1,2,2,Psi_Site_Chen_MathFeature_Latest_5_0_10_5_1
P160,1,0,1,2,0,0,1,2,1,2,2,1,1,1,2,1,Psi_Site_Chen_MathFeature_Latest_5_0_10_5_1
P161,6,0,1,4,1,0,0,0,1,0,0,0,3,1,0,1,Psi_Site_Chen_MathFeature_Latest_5_0_10_5_1
P162,4,1,4,2,1,0,0,0,3,0,0,1,1,1,0,0,Psi_Site_Chen_MathFeature_Latest_5_0_10_5_1
P163,1,1,0,1,0,0,0,2,1,1,1,2,1,2,2,3,Psi_Site_Chen_MathFeature_Latest_5_0_10_5_1
P164,3,3,2,0,0,2,1,1,2,0,0,2,2,0,0,0,Psi_Site_Chen_MathFeature_Latest_5_0_10_5_1
P165,1,3,0,1,1,3,0,4,0,0,0,0,2,2,0,1,Psi_Site_Chen_MathFeature_Latest_5_0_10_5_1
P166,1,2,1,4,3,0,1,0,2,0,0,0,1,3,0,0,Psi_Site_Chen_MathFeature_Latest_5_0_10_5_1
P167,0,2,1,2,1,0,0,1,1,0,1,1,2,0,1,5,Psi_Site_Chen_MathFeature_Latest_5_0_10_5_1
P168,0,0,3,0,1,0,1,2,2,1,0,2,0,2,2,2,Psi_Site_Chen_MathFeature_Latest_5_0_10_5_1
P169,1,3,2,1,1,2,1,1,1,0,0,1,2,0,1,1,Psi_Site_Chen_MathFeature_Latest_5_0_10_5_1
P170,1,2,1,1,4,2,1,0,0,2,2,0,1,1,0,0,Psi_Site_Chen_MathFeature_Latest_5_0_10_5_1
P171,0,2,1,1,2,1,0,2,1,0,0,0,2,1,1,4,Psi_Site_Chen_MathFeature_Latest_5_0_10_5_1
P172,4,1,0,1,1,0,0,0,2,0,1,1,1,0,2,4,Psi_Site_Chen_MathFeature_Latest_5_0_10_5_1
P173,0,3,1,0,1,0,4,0,2,1,4,1,0,1,0,0,Psi_Site_Chen_MathFeature_Latest_5_0_10_5_1
P174,0,0,0,1,0,0,3,0,0,2,2,3,1,2,1,3,Psi_Site_Chen_MathFeature_Latest_5_0_10_5_1
P175,1,1,1,2,0,0,0,0,0,0,0,1,4,0,1,7,Psi_Site_Chen_MathFeature_Latest_5_0_10_5_1
P176,3,1,1,1,0,0,1,1,3,1,2,0,1,0,2,1,Psi_Site_Chen_MathFeature_Latest_5_0_10_5_1
P177,4,0,2,2,1,0,0,1,2,0,1,0,0,1,1,3,Psi_Site_Chen_MathFeature_Latest_5_0_10_5_1
P178,1,1,2,1,2,1,0,2,0,2,0,0,2,1,0,3,Psi_Site_Chen_MathFeature_Latest_5_0_10_5_1
P179,3,1,5,1,0,0,1,0,5,0,1,0,1,0,0,0,Psi_Site_Chen_MathFeature_Latest_5_0_10_5_1
P180,1,1,3,1,0,0,2,1,4,1,0,1,1,1,1,0,Psi_Site_Chen_MathFeature_Latest_5_0_10_5_1
P181,0,1,0,3,0,2,1,0,3,0,1,1,0,1,2,3,Psi_Site_Chen_MathFeature_Latest_5_0_10_5_1
P182,1,1,2,3,2,1,1,0,2,1,0,0,0,1,1,2,Psi_Site_Chen_MathFeature_Latest_5_0_10_5_1
P183,3,0,2,0,1,0,2,1,0,2,1,1,2,1,0,2,Psi_Site_Chen_MathFeature_Latest_5_0_10_5_1
P184,1,3,0,1,1,1,3,1,1,1,0,1,3,0,0,1,Psi_Site_Chen_MathFeature_Latest_5_0_10_5_1
P185,0,0,0,1,1,0,0,0,1,1,4,3,0,1,4,2,Psi_Site_Chen_MathFeature_Latest_5_0_10_5_1
P186,0,2,3,1,1,0,1,1,3,0,0,2,2,1,1,0,Psi_Site_Chen_MathFeature_Latest_5_0_10_5_1
P187,4,1,1,2,0,1,1,0,1,0,0,1,2,2,0,2,Psi_Site_Chen_MathFeature_Latest_5_0_10_5_1
P188,1,0,1,3,2,0,0,2,1,0,1,1,0,6,0,0,Psi_Site_Chen_MathFeature_Latest_5_0_10_5_1
P189,0,0,0,2,0,2,1,3,0,1,0,1,2,1,3,2,Psi_Site_Chen_MathFeature_Latest_5_0_10_5_1
P190,2,2,2,1,2,0,0,1,2,0,1,2,1,1,1,0,Psi_Site_Chen_MathFeature_Latest_5_0_10_5_1
P191,1,0,1,1,0,0,1,2,2,2,1,0,1,1,2,3,Psi_Site_Chen_MathFeature_Latest_5_0_10_5_1
P192,0,1,2,1,2,1,2,1,1,3,1,0,1,1,0,1,Psi_Site_Chen_MathFeature_Latest_5_0_10_5_1
P193,1,0,2,1,0,0,1,1,0,1,2,2,3,0,1,3,Psi_Site_Chen_MathFeature_Latest_5_0_10_5_1
P194,5,0,3,1,2,1,0,0,0,2,1,1,2,0,0,0,Psi_Site_Chen_MathFeature_Latest_5_0_10_5_1
P195,1,0,3,1,1,0,1,1,3,1,1,0,1,0,1,3,Psi_Site_Chen_MathFeature_Latest_5_0_10_5_1
P196,1,2,0,2,2,1,1,1,2,1,0,0,0,1,2,2,Psi_Site_Chen_MathFeature_Latest_5_0_10_5_1
P197,1,0,1,2,1,0,1,0,0,1,0,3,2,2,1,3,Psi_Site_Chen_MathFeature_Latest_5_0_10_5_1
P198,0,2,2,0,1,1,1,1,2,1,0,1,1,1,1,3,Psi_Site_Chen_MathFeature_Latest_5_0_10_5_1
P199,1,1,0,1,1,0,0,1,0,0,4,4,2,1,2,0,Psi_Site_Chen_MathFeature_Latest_5_0_10_5_1
P200,0,1,0,2,0,3,2,0,2,1,0,1,2,0,2,2,Psi_Site_Chen_MathFeature_Latest_5_0_10_5_1
P201,0,1,0,2,0,2,1,1,2,0,2,1,1,1,2,2,Psi_Site_Chen_MathFeature_Latest_5_0_10_5_1
P202,0,0,3,0,2,1,1,0,1,1,2,2,1,1,1,2,Psi_Site_Chen_MathFeature_Latest_5_0_10_5_1
P203,0,0,0,2,0,5,3,0,2,1,0,0,0,1,0,4,Psi_Site_Chen_MathFeature_Latest_5_0_10_5_1
P204,0,0,0,1,0,5,0,4,0,1,0,0,1,4,0,2,Psi_Site_Chen_MathFeature_Latest_5_0_10_5_1
P205,2,2,1,2,1,1,0,1,1,0,0,1,2,1,1,2,Psi_Site_Chen_MathFeature_Latest_5_0_10_5_1
P206,3,1,3,2,1,0,0,0,2,0,1,2,2,0,1,0,Psi_Site_Chen_MathFeature_Latest_5_0_10_5_1
P207,1,2,1,1,2,1,0,3,1,0,0,0,0,3,0,3,Psi_Site_Chen_MathFeature_Latest_5_0_10_5_1
P208,0,1,1,0,1,0,2,0,0,1,2,4,1,1,2,2,Psi_Site_Chen_MathFeature_Latest_5_0_10_5_1
P209,2,1,0,2,1,1,2,1,1,2,1,1,0,1,2,0,Psi_Site_Chen_MathFeature_Latest_5_0_10_5_1
P210,0,1,4,1,1,0,0,1,3,1,1,0,2,0,1,2,Psi_Site_Chen_MathFeature_Latest_5_0_10_5_1
P211,5,0,1,1,0,1,0,1,2,1,0,1,0,1,2,2,Psi_Site_Chen_MathFeature_Latest_5_0_10_5_1
P212,2,2,1,1,2,0,2,0,2,1,0,1,0,0,2,2,Psi_Site_Chen_MathFeature_Latest_5_0_10_5_1
P213,5,0,2,1,1,1,1,1,1,0,0,2,1,1,0,1,Psi_Site_Chen_MathFeature_Latest_5_0_10_5_1
P214,0,1,0,4,1,1,1,0,1,1,0,0,3,1,1,3,Psi_Site_Chen_MathFeature_Latest_5_0_10_5_1
P215,5,3,1,1,2,0,0,1,2,0,0,0,1,0,1,1,Psi_Site_Chen_MathFeature_Latest_5_0_10_5_1
P216,1,0,1,2,0,0,1,1,2,0,1,3,1,1,3,1,Psi_Site_Chen_MathFeature_Latest_5_0_10_5_1
P217,1,1,2,1,0,1,1,0,2,0,3,2,1,1,1,1,Psi_Site_Chen_MathFeature_Latest_5_0_10_5_1
P218,3,0,3,0,0,0,0,0,0,1,2,2,2,0,1,4,Psi_Site_Chen_MathFeature_Latest_5_0_10_5_1
P219,1,2,0,2,3,1,1,0,0,0,1,2,1,2,1,1,Psi_Site_Chen_MathFeature_Latest_5_0_10_5_1
P220,2,2,0,0,0,0,0,4,1,0,0,0,0,3,1,5,Psi_Site_Chen_MathFeature_Latest_5_0_10_5_1
P221,0,0,3,0,1,1,1,0,1,0,0,5,2,2,2,0,Psi_Site_Chen_MathFeature_Latest_5_0_10_5_1
P222,1,1,0,3,0,0,0,1,0,0,1,2,3,1,1,4,Psi_Site_Chen_MathFeature_Latest_5_0_10_5_1
P223,1,1,1,0,0,4,1,3,1,2,0,0,1,2,1,0,Psi_Site_Chen_MathFeature_Latest_5_0_10_5_1
P224,3,2,1,1,3,1,2,0,0,2,0,1,2,0,0,0,Psi_Site_Chen_MathFeature_Latest_5_0_10_5_1
P225,0,1,1,2,2,0,0,2,1,1,1,0,2,2,1,2,Psi_Site_Chen_MathFeature_Latest_5_0_10_5_1
P226,3,0,0,2,0,0,3,0,3,0,1,2,0,2,2,0,Psi_Site_Chen_MathFeature_Latest_5_0_10_5_1
P227,2,0,3,1,1,0,2,0,2,2,1,1,2,1,0,0,Psi_Site_Chen_MathFeature_Latest_5_0_10_5_1
P228,3,1,2,1,2,0,0,1,1,1,1,1,2,0,1,1,Psi_Site_Chen_MathFeature_Latest_5_0_10_5_1
P229,0,2,3,0,3,1,0,1,1,2,0,2,2,0,0,1,Psi_Site_Chen_MathFeature_Latest_5_0_10_5_1
P230,2,1,0,1,0,3,1,1,0,1,1,2,1,2,1,1,Psi_Site_Chen_MathFeature_Latest_5_0_10_5_1
P231,4,1,2,0,1,0,2,1,1,2,0,1,1,1,0,1,Psi_Site_Chen_MathFeature_Latest_5_0_10_5_1
P232,1,3,0,1,3,2,0,2,0,2,0,0,2,1,1,0,Psi_Site_Chen_MathFeature_Latest_5_0_10_5_1
P233,0,2,0,0,2,1,0,3,0,1,0,1,0,2,2,4,Psi_Site_Chen_MathFeature_Latest_5_0_10_5_1
P234,1,0,2,0,1,0,0,0,0,0,3,4,1,0,3,3,Psi_Site_Chen_MathFeature_Latest_5_0_10_5_1
P235,1,0,1,3,0,0,0,1,2,1,1,0,0,0,3,5,Psi_Site_Chen_MathFeature_Latest_5_0_10_5_1
P236,5,0,1,0,0,4,0,1,0,0,3,0,0,0,0,4,Psi_Site_Chen_MathFeature_Latest_5_0_10_5_1
P237,0,1,0,1,2,0,1,1,1,1,3,2,0,2,2,1,Psi_Site_Chen_MathFeature_Latest_5_0_10_5_1
P238,0,1,1,2,1,2,1,1,1,2,1,1,2,1,0,1,Psi_Site_Chen_MathFeature_Latest_5_0_10_5_1
P239,1,0,0,2,1,1,1,1,1,0,2,2,1,3,1,1,Psi_Site_Chen_MathFeature_Latest_5_0_10_5_1
P240,0,0,0,0,0,1,1,1,0,2,1,3,1,1,3,4,Psi_Site_Chen_MathFeature_Latest_5_0_10_5_1
P241,2,1,1,1,1,1,1,1,2,1,0,0,2,1,1,2,Psi_Site_Chen_MathFeature_Latest_5_0_10_5_1
P242,2,1,2,2,1,1,0,1,1,1,1,0,2,0,1,2,Psi_Site_Chen_MathFeature_Latest_5_0_10_5_1
P243,1,1,1,1,0,0,1,3,2,1,0,1,1,2,1,2,Psi_Site_Chen_MathFeature_Latest_5_0_10_5_1
P244,3,1,1,2,1,1,1,1,1,2,0,1,2,0,1,0,Psi_Site_Chen_MathFeature_Latest_5_0_10_5_1
P245,0,1,2,3,1,1,1,1,0,1,0,1,4,1,1,0,Psi_Site_Chen_MathFeature_Latest_5_0_10_5_1
P246,1,2,2,1,2,0,1,2,0,1,1,1,2,1,1,0,Psi_Site_Chen_MathFeature_Latest_5_0_10_5_1
P247,2,1,1,0,1,2,0,2,2,0,1,0,0,0,2,4,Psi_Site_Chen_MathFeature_Latest_5_0_10_5_1
P248,0,0,1,2,2,1,1,1,1,2,0,2,1,1,2,1,Psi_Site_Chen_MathFeature_Latest_5_0_10_5_1
P249,0,1,0,1,0,1,2,3,0,0,0,1,2,3,0,4,Psi_Site_Chen_MathFeature_Latest_5_0_10_5_1
P250,2,1,2,0,1,1,1,1,1,2,1,2,1,0,1,1,Psi_Site_Chen_MathFeature_Latest_5_0_10_5_1
P251,0,2,1,0,1,3,2,0,2,0,1,2,1,1,1,1,Psi_Site_Chen_MathFeature_Latest_5_0_10_5_1
P252,1,1,1,0,1,0,4,0,2,0,1,2,0,3,0,2,Psi_Site_Chen_MathFeature_Latest_5_0_10_5_1
P253,0,1,1,1,1,2,1,1,2,0,1,2,1,0,2,2,Psi_Site_Chen_MathFeature_Latest_5_0_10_5_1
P254,1,3,0,2,2,2,1,1,0,0,0,1,2,2,0,1,Psi_Site_Chen_MathFeature_Latest_5_0_10_5_1
P255,1,1,2,0,1,0,0,1,1,0,0,2,2,0,1,6,Psi_Site_Chen_MathFeature_Latest_5_0_10_5_1
P256,1,0,1,2,1,0,0,4,0,0,0,1,2,4,1,1,Psi_Site_Chen_MathFeature_Latest_5_0_10_5_1
P257,1,2,1,2,1,0,0,1,2,1,1,1,2,0,2,1,Psi_Site_Chen_MathFeature_Latest_5_0_10_5_1
P258,2,1,2,2,1,0,2,0,2,1,0,2,2,1,0,0,Psi_Site_Chen_MathFeature_Latest_5_0_10_5_1
P259,0,0,1,2,2,1,2,1,0,1,0,3,0,4,1,0,Psi_Site_Chen_MathFeature_Latest_5_0_10_5_1
P260,3,1,1,1,1,2,2,0,2,0,2,0,1,1,0,1,Psi_Site_Chen_MathFeature_Latest_5_0_10_5_1
P261,1,1,0,2,1,0,1,3,1,0,0,1,1,2,2,2,Psi_Site_Chen_MathFeature_Latest_5_0_10_5_1
P262,6,0,3,0,0,0,0,0,4,0,1,2,0,1,1,0,Psi_Site_Chen_MathFeature_Latest_5_0_10_5_1
P263,4,2,0,4,0,1,0,2,1,0,0,0,4,0,0,0,Psi_Site_Chen_MathFeature_Latest_5_0_10_5_1
P264,0,1,2,1,1,1,1,1,2,1,1,2,0,2,1,1,Psi_Site_Chen_MathFeature_Latest_5_0_10_5_1
P265,0,1,1,2,2,0,1,0,1,0,0,2,0,1,2,5,Psi_Site_Chen_MathFeature_Latest_5_0_10_5_1
P266,1,2,1,1,1,1,2,1,1,0,1,2,2,1,1,0,Psi_Site_Chen_MathFeature_Latest_5_0_10_5_1
P267,1,1,1,1,1,0,0,3,3,0,1,1,1,2,2,0,Psi_Site_Chen_MathFeature_Latest_5_0_10_5_1
P268,0,2,1,0,0,0,4,0,3,1,3,2,0,1,1,0,Psi_Site_Chen_MathFeature_Latest_5_0_10_5_1
P269,2,2,0,1,2,1,1,1,1,1,0,1,0,2,2,1,Psi_Site_Chen_MathFeature_Latest_5_0_10_5_1
P270,0,2,1,1,1,1,2,2,1,1,0,1,2,0,0,3,Psi_Site_Chen_MathFeature_Latest_5_0_10_5_1
P271,1,2,2,2,1,0,1,1,2,1,0,0,3,2,0,0,Psi_Site_Chen_MathFeature_Latest_5_0_10_5_1
P272,2,2,1,0,1,1,1,2,0,1,0,1,2,2,0,2,Psi_Site_Chen_MathFeature_Latest_5_0_10_5_1
P273,1,2,0,0,3,2,2,1,0,0,0,2,0,4,0,1,Psi_Site_Chen_MathFeature_Latest_5_0_10_5_1
P274,2,0,0,4,0,0,0,0,0,0,0,2,4,0,2,4,Psi_Site_Chen_MathFeature_Latest_5_0_10_5_1
P275,2,1,2,1,1,0,0,0,0,0,1,3,3,0,1,3,Psi_Site_Chen_MathFeature_Latest_5_0_10_5_1
P276,1,2,2,1,1,1,1,1,2,1,3,0,1,0,1,0,Psi_Site_Chen_MathFeature_Latest_5_0_10_5_1
P277,0,1,2,1,1,1,1,1,1,0,2,2,2,1,1,1,Psi_Site_Chen_MathFeature_Latest_5_0_10_5_1
P278,1,3,0,3,3,1,1,0,1,0,0,0,3,0,1,1,Psi_Site_Chen_MathFeature_Latest_5_0_10_5_1
P279,3,1,3,0,0,0,1,1,1,1,0,3,1,0,1,2,Psi_Site_Chen_MathFeature_Latest_5_0_10_5_1
P280,0,0,0,0,0,1,0,1,1,0,2,4,1,0,5,3,Psi_Site_Chen_MathFeature_Latest_5_0_10_5_1
P281,2,1,3,0,2,0,1,0,0,1,2,3,2,1,0,0,Psi_Site_Chen_MathFeature_Latest_5_0_10_5_1
P282,2,0,1,2,1,3,2,0,0,2,1,1,1,1,0,1,Psi_Site_Chen_MathFeature_Latest_5_0_10_5_1
P283,1,2,1,1,1,2,1,2,2,1,1,0,0,1,1,1,Psi_Site_Chen_MathFeature_Latest_5_0_10_5_1
P284,1,2,1,2,0,0,1,1,3,0,2,1,2,0,2,0,Psi_Site_Chen_MathFeature_Latest_5_0_10_5_1
P285,1,0,1,0,1,1,2,0,1,1,1,3,0,1,2,3,Psi_Site_Chen_MathFeature_Latest_5_0_10_5_1
P286,0,0,4,0,0,0,0,1,2,2,2,2,1,0,2,2,Psi_Site_Chen_MathFeature_Latest_5_0_10_5_1
P287,1,0,2,1,1,0,0,1,2,1,2,0,0,2,1,4,Psi_Site_Chen_MathFeature_Latest_5_0_10_5_1
P288,2,2,0,2,2,0,0,2,0,0,0,1,2,1,1,3,Psi_Site_Chen_MathFeature_Latest_5_0_10_5_1
P289,0,4,1,0,2,1,3,0,2,1,2,1,1,0,0,0,Psi_Site_Chen_MathFeature_Latest_5_0_10_5_1
P290,2,0,3,1,0,0,0,1,2,2,0,1,2,0,1,3,Psi_Site_Chen_MathFeature_Latest_5_0_10_5_1
P291,0,0,2,2,0,0,1,1,0,0,0,3,5,1,0,3,Psi_Site_Chen_MathFeature_Latest_5_0_10_5_1
P292,1,1,1,0,1,0,1,3,1,1,1,2,0,2,3,0,Psi_Site_Chen_MathFeature_Latest_5_0_10_5_1
P293,4,3,1,1,1,1,1,0,1,0,0,2,1,0,1,1,Psi_Site_Chen_MathFeature_Latest_5_0_10_5_1
P294,3,3,3,0,3,0,1,1,3,0,0,0,0,1,0,0,Psi_Site_Chen_MathFeature_Latest_5_0_10_5_1
P295,4,1,2,0,2,0,1,1,1,1,1,1,0,2,0,1,Psi_Site_Chen_MathFeature_Latest_5_0_10_5_1
P296,1,0,1,3,2,0,1,1,1,1,0,2,1,3,1,0,Psi_Site_Chen_MathFeature_Latest_5_0_10_5_1
P297,1,0,1,1,1,2,2,1,0,2,1,2,1,2,0,1,Psi_Site_Chen_MathFeature_Latest_5_0_10_5_1
P298,0,2,0,0,1,2,1,3,1,0,0,1,1,3,0,3,Psi_Site_Chen_MathFeature_Latest_5_0_10_5_1
P299,0,1,1,0,1,1,2,1,0,0,0,4,2,4,0,1,Psi_Site_Chen_MathFeature_Latest_5_0_10_5_1
P300,1,1,1,0,1,1,3,1,0,3,0,1,1,2,0,2,Psi_Site_Chen_MathFeature_Latest_5_0_10_5_1
P301,0,1,1,3,0,0,0,3,1,0,0,1,3,2,2,1,Psi_Site_Chen_MathFeature_Latest_5_0_10_5_1
P302,0,2,2,1,3,1,0,1,1,2,3,0,0,2,0,0,Psi_Site_Chen_MathFeature_Latest_5_0_10_5_1
P303,0,2,1,0,0,4,3,1,1,1,0,2,1,1,0,1,Psi_Site_Chen_MathFeature_Latest_5_0_10_5_1
P304,0,1,1,1,2,0,1,1,1,1,1,2,1,1,2,2,Psi_Site_Chen_MathFeature_Latest_5_0_10_5_1
P305,1,0,3,0,0,0,2,2,1,1,2,1,0,3,0,2,Psi_Site_Chen_MathFeature_Latest_5_0_10_5_1
P306,0,2,1,0,2,6,0,2,0,1,0,0,1,2,0,1,Psi_Site_Chen_MathFeature_Latest_5_0_10_5_1
P307,1,2,0,3,0,0,0,2,2,0,0,0,2,2,2,2,Psi_Site_Chen_MathFeature_Latest_5_0_10_5_1
P308,0,0,3,0,2,1,1,1,1,2,2,1,0,1,1,2,Psi_Site_Chen_MathFeature_Latest_5_0_10_5_1
P309,1,1,1,1,0,2,1,1,3,0,2,0,1,1,2,1,Psi_Site_Chen_MathFeature_Latest_5_0_10_5_1
P310,0,1,1,2,0,1,1,1,1,0,1,2,1,2,1,3,Psi_Site_Chen_MathFeature_Latest_5_0_10_5_1
P311,2,0,3,2,0,0,1,0,0,2,1,2,4,0,0,1,Psi_Site_Chen_MathFeature_Latest_5_0_10_5_1
P312,1,2,0,1,1,1,1,3,0,0,0,1,3,4,0,0,Psi_Site_Chen_MathFeature_Latest_5_0_10_5_1
P313,1,2,2,0,2,0,1,1,1,1,1,2,0,0,2,2,Psi_Site_Chen_MathFeature_Latest_5_0_10_5_1
P314,1,1,0,0,0,1,0,2,1,1,6,1,0,1,3,0,Psi_Site_Chen_MathFeature_Latest_5_0_10_5_1
P315,4,2,0,0,0,1,2,2,1,3,0,0,0,1,1,1,Psi_Site_Chen_MathFeature_Latest_5_0_10_5_1
P316,1,2,0,1,1,0,1,2,2,1,1,0,1,1,2,2,Psi_Site_Chen_MathFeature_Latest_5_0_10_5_1
P317,5,1,1,3,2,0,0,0,2,0,0,0,2,1,0,1,Psi_Site_Chen_MathFeature_Latest_5_0_10_5_1
P318,3,0,1,1,0,2,0,4,0,0,0,0,2,4,0,1,Psi_Site_Chen_MathFeature_Latest_5_0_10_5_1
P319,0,5,0,0,1,1,1,3,0,0,1,0,3,1,0,2,Psi_Site_Chen_MathFeature_Latest_5_0_10_5_1
P320,5,1,0,1,0,0,0,2,1,1,1,0,1,1,2,2,Psi_Site_Chen_MathFeature_Latest_5_0_10_5_1
P321,1,0,1,2,2,0,0,2,1,0,0,1,0,5,0,3,Psi_Site_Chen_MathFeature_Latest_5_0_10_5_1
P322,1,1,0,1,1,1,2,2,0,3,0,1,0,2,2,1,Psi_Site_Chen_MathFeature_Latest_5_0_10_5_1
P323,3,3,2,0,2,0,1,1,0,1,0,0,2,0,0,3,Psi_Site_Chen_MathFeature_Latest_5_0_10_5_1
P324,0,0,0,2,0,0,0,1,1,0,3,1,1,2,1,6,Psi_Site_Chen_MathFeature_Latest_5_0_10_5_1
P325,1,0,0,1,1,1,2,2,0,0,1,2,0,5,0,2,Psi_Site_Chen_MathFeature_Latest_5_0_10_5_1
P326,0,0,2,1,0,0,1,0,4,0,3,1,0,1,3,2,Psi_Site_Chen_MathFeature_Latest_5_0_10_5_1
P327,1,2,0,2,0,1,0,3,1,0,0,2,2,1,2,1,Psi_Site_Chen_MathFeature_Latest_5_0_10_5_1
P328,2,0,3,1,1,0,2,0,1,2,1,2,2,1,0,0,Psi_Site_Chen_MathFeature_Latest_5_0_10_5_1
P329,2,0,1,2,0,0,1,1,0,2,1,1,1,1,1,4,Psi_Site_Chen_MathFeature_Latest_5_0_10_5_1
P330,0,0,1,1,1,0,1,1,1,1,1,3,1,1,3,2,Psi_Site_Chen_MathFeature_Latest_5_0_10_5_1
P331,0,0,3,0,0,3,2,2,3,2,0,0,1,0,1,1,Psi_Site_Chen_MathFeature_Latest_5_0_10_5_1
P332,1,3,0,2,3,1,1,0,1,2,2,0,0,1,1,0,Psi_Site_Chen_MathFeature_Latest_5_0_10_5_1
P333,3,0,1,0,1,0,1,2,1,2,1,1,1,1,2,1,Psi_Site_Chen_MathFeature_Latest_5_0_10_5_1
P334,3,1,3,0,1,1,0,1,1,0,2,2,1,1,1,0,Psi_Site_Chen_MathFeature_Latest_5_0_10_5_1
P335,2,0,0,1,0,2,3,1,0,2,0,1,1,1,1,3,Psi_Site_Chen_MathFeature_Latest_5_0_10_5_1
P336,0,0,2,1,1,2,1,2,1,2,0,0,1,1,1,3,Psi_Site_Chen_MathFeature_Latest_5_0_10_5_1
P337,4,1,0,2,0,1,0,2,2,0,0,0,1,2,1,2,Psi_Site_Chen_MathFeature_Latest_5_0_10_5_1
P338,0,0,1,2,1,1,0,1,0,0,1,1,3,2,1,4,Psi_Site_Chen_MathFeature_Latest_5_0_10_5_1
P339,5,2,2,0,1,0,1,1,1,0,2,1,2,0,0,0,Psi_Site_Chen_MathFeature_Latest_5_0_10_5_1
P340,4,3,1,1,1,0,1,1,1,0,0,1,3,0,0,1,Psi_Site_Chen_MathFeature_Latest_5_0_10_5_1
P341,5,0,1,0,0,1,1,1,0,1,1,2,2,1,0,2,Psi_Site_Chen_MathFeature_Latest_5_0_10_5_1
P342,1,0,0,2,0,0,1,1,2,0,1,1,0,2,3,4,Psi_Site_Chen_MathFeature_Latest_5_0_10_5_1
P343,2,2,2,1,2,0,1,0,2,0,2,1,1,1,0,1,Psi_Site_Chen_MathFeature_Latest_5_0_10_5_1
P344,0,0,0,2,1,4,1,1,0,1,1,0,1,3,0,3,Psi_Site_Chen_MathFeature_Latest_5_0_10_5_1
P345,3,1,1,0,1,1,1,1,1,2,4,0,0,1,1,0,Psi_Site_Chen_MathFeature_Latest_5_0_10_5_1
P346,0,1,2,2,0,0,3,0,2,2,2,0,3,0,0,1,Psi_Site_Chen_MathFeature_Latest_5_0_10_5_1
P347,0,2,0,1,2,3,1,2,1,0,0,1,0,3,0,2,Psi_Site_Chen_MathFeature_Latest_5_0_10_5_1
P348,1,1,1,0,1,0,1,1,0,1,1,3,0,1,2,4,Psi_Site_Chen_MathFeature_Latest_5_0_10_5_1
P349,0,1,0,1,0,0,1,1,1,1,2,1,1,0,4,4,Psi_Site_Chen_MathFeature_Latest_5_0_10_5_1
P350,0,2,0,1,2,5,2,0,0,1,3,1,0,1,0,0,Psi_Site_Chen_MathFeature_Latest_5_0_10_5_1
P351,0,1,1,1,2,2,2,1,1,1,2,0,0,1,0,3,Psi_Site_Chen_MathFeature_Latest_5_0_10_5_1
P352,0,0,0,0,0,6,0,2,0,0,0,0,0,1,0,9,Psi_Site_Chen_MathFeature_Latest_5_0_10_5_1
P353,0,1,2,2,3,2,0,1,1,0,0,1,1,3,0,1,Psi_Site_Chen_MathFeature_Latest_5_0_10_5_1
P354,0,0,0,1,0,2,0,3,0,2,0,0,1,1,2,6,Psi_Site_Chen_MathFeature_Latest_5_0_10_5_1
P355,2,2,1,1,2,0,0,1,0,0,1,2,2,1,1,2,Psi_Site_Chen_MathFeature_Latest_5_0_10_5_1
P356,0,0,0,3,0,0,0,1,2,0,0,1,2,1,2,6,Psi_Site_Chen_MathFeature_Latest_5_0_10_5_1
P357,2,4,1,0,3,1,1,2,1,2,0,0,0,1,0,0,Psi_Site_Chen_MathFeature_Latest_5_0_10_5_1
P358,1,1,0,3,1,0,2,1,1,2,0,1,2,1,1,1,Psi_Site_Chen_MathFeature_Latest_5_0_10_5_1
P359,0,1,1,2,2,0,1,0,1,1,3,1,0,3,1,1,Psi_Site_Chen_MathFeature_Latest_5_0_10_5_1
P360,2,4,1,0,1,0,1,3,1,1,0,1,2,0,0,1,Psi_Site_Chen_MathFeature_Latest_5_0_10_5_1
P361,3,1,2,1,2,1,0,1,1,1,1,1,0,1,1,1,Psi_Site_Chen_MathFeature_Latest_5_0_10_5_1
P362,1,1,0,2,1,0,1,0,0,1,2,2,2,0,3,2,Psi_Site_Chen_MathFeature_Latest_5_0_10_5_1
P363,5,1,1,1,2,1,1,0,0,1,1,1,3,0,0,0,Psi_Site_Chen_MathFeature_Latest_5_0_10_5_1
P364,3,0,1,1,0,0,1,2,1,0,0,1,1,2,1,4,Psi_Site_Chen_MathFeature_Latest_5_0_10_5_1
P365,1,0,2,2,2,0,0,1,1,1,3,1,0,2,1,1,Psi_Site_Chen_MathFeature_Latest_5_0_10_5_1
P366,2,0,1,1,1,1,2,1,0,2,1,1,1,2,0,2,Psi_Site_Chen_MathFeature_Latest_5_0_10_5_1
P367,3,0,1,2,1,0,1,0,1,0,1,3,2,1,2,0,Psi_Site_Chen_MathFeature_Latest_5_0_10_5_1
P368,0,1,1,1,1,0,2,1,1,2,2,2,1,1,2,0,Psi_Site_Chen_MathFeature_Latest_5_0_10_5_1
P369,0,2,0,1,0,0,2,0,1,1,2,2,2,1,1,3,Psi_Site_Chen_MathFeature_Latest_5_0_10_5_1
P370,0,0,0,1,1,2,3,1,0,2,0,2,0,1,2,3,Psi_Site_Chen_MathFeature_Latest_5_0_10_5_1
P371,1,1,0,2,0,0,0,3,0,1,0,1,3,1,0,5,Psi_Site_Chen_MathFeature_Latest_5_0_10_5_1
P372,3,0,1,2,2,0,0,1,0,1,0,1,2,2,1,2,Psi_Site_Chen_MathFeature_Latest_5_0_10_5_1
P373,6,2,0,1,1,0,1,1,1,0,1,1,1,1,0,1,Psi_Site_Chen_MathFeature_Latest_5_0_10_5_1
P374,1,1,0,2,0,2,3,0,1,0,0,3,2,2,0,1,Psi_Site_Chen_MathFeature_Latest_5_0_10_5_1
P375,1,1,0,5,1,0,0,0,1,0,0,0,3,0,2,4,Psi_Site_Chen_MathFeature_Latest_5_0_10_5_1
P376,1,0,0,2,1,1,2,2,0,1,1,1,1,4,0,1,Psi_Site_Chen_MathFeature_Latest_5_0_10_5_1
P377,2,1,2,0,1,0,0,2,2,0,0,1,1,2,2,2,Psi_Site_Chen_MathFeature_Latest_5_0_10_5_1
P378,1,2,0,1,1,0,3,1,1,2,0,2,1,1,2,0,Psi_Site_Chen_MathFeature_Latest_5_0_10_5_1
P379,3,0,0,2,0,0,1,3,1,0,0,0,2,3,1,2,Psi_Site_Chen_MathFeature_Latest_5_0_10_5_1
P380,0,1,0,1,1,1,3,1,0,2,0,2,1,3,1,1,Psi_Site_Chen_MathFeature_Latest_5_0_10_5_1
P381,2,0,1,1,1,0,1,0,2,2,3,0,0,0,3,2,Psi_Site_Chen_MathFeature_Latest_5_0_10_5_1
P382,2,2,0,3,1,1,2,0,1,0,0,1,2,1,0,2,Psi_Site_Chen_MathFeature_Latest_5_0_10_5_1
P383,1,2,0,0,2,0,2,0,0,2,3,3,1,1,1,0,Psi_Site_Chen_MathFeature_Latest_5_0_10_5_1
P384,3,0,0,2,1,2,0,2,1,2,0,0,1,2,2,0,Psi_Site_Chen_MathFeature_Latest_5_0_10_5_1
P385,1,2,0,1,0,1,0,3,0,0,0,0,2,1,1,6,Psi_Site_Chen_MathFeature_Latest_5_0_10_5_1
P386,1,2,1,2,2,0,1,0,1,0,1,2,1,0,2,2,Psi_Site_Chen_MathFeature_Latest_5_0_10_5_1
P387,4,0,1,2,2,0,0,1,2,0,1,0,1,3,0,1,Psi_Site_Chen_MathFeature_Latest_5_0_10_5_1
P388,0,0,3,0,1,1,0,0,2,0,6,2,1,1,1,0,Psi_Site_Chen_MathFeature_Latest_5_0_10_5_1
P389,0,0,0,2,0,0,0,1,3,0,3,2,0,1,4,2,Psi_Site_Chen_MathFeature_Latest_5_0_10_5_1
P390,2,0,3,0,1,0,1,0,3,1,3,1,0,1,1,1,Psi_Site_Chen_MathFeature_Latest_5_0_10_5_1
P391,5,1,2,1,2,0,2,0,2,1,1,0,0,1,0,0,Psi_Site_Chen_MathFeature_Latest_5_0_10_5_1
P392,0,1,1,2,2,0,0,2,1,1,0,1,0,3,1,3,Psi_Site_Chen_MathFeature_Latest_5_0_10_5_1
P393,0,2,0,2,2,0,0,2,0,0,1,2,1,2,2,2,Psi_Site_Chen_MathFeature_Latest_5_0_10_5_1
P394,1,1,0,2,4,2,0,0,1,1,0,1,0,2,1,2,Psi_Site_Chen_MathFeature_Latest_5_0_10_5_1
P395,2,0,3,0,0,1,0,1,0,2,1,2,2,0,1,3,Psi_Site_Chen_MathFeature_Latest_5_0_10_5_1
P396,0,0,2,1,0,1,1,1,1,1,2,2,3,1,1,1,Psi_Site_Chen_MathFeature_Latest_5_0_10_5_1
P397,1,2,2,2,2,0,1,1,1,0,0,1,3,2,0,0,Psi_Site_Chen_MathFeature_Latest_5_0_10_5_1
P398,2,0,0,2,3,1,1,1,0,1,0,0,0,3,1,3,Psi_Site_Chen_MathFeature_Latest_5_0_10_5_1
P399,1,1,1,2,0,2,1,1,3,1,0,0,0,0,1,4,Psi_Site_Chen_MathFeature_Latest_5_0_10_5_1
P400,1,0,2,2,2,2,0,1,0,2,0,1,1,0,1,3,Psi_Site_Chen_MathFeature_Latest_5_0_10_5_1
P401,3,2,2,1,1,0,0,1,3,0,2,0,2,0,1,0,Psi_Site_Chen_MathFeature_Latest_5_0_10_5_1
P402,2,0,2,2,0,0,1,0,2,1,1,2,2,0,2,1,Psi_Site_Chen_MathFeature_Latest_5_0_10_5_1
P403,2,1,2,1,1,0,0,0,2,0,1,2,3,0,1,2,Psi_Site_Chen_MathFeature_Latest_5_0_10_5_1
P404,2,0,0,3,0,0,0,2,3,1,1,0,0,1,2,3,Psi_Site_Chen_MathFeature_Latest_5_0_10_5_1
P405,2,2,2,1,2,0,0,2,1,0,0,1,2,2,0,1,Psi_Site_Chen_MathFeature_Latest_5_0_10_5_1
P406,2,2,1,0,1,1,1,1,2,0,0,2,1,0,2,2,Psi_Site_Chen_MathFeature_Latest_5_0_10_5_1
P407,0,0,0,0,0,3,1,3,0,1,0,0,0,4,0,6,Psi_Site_Chen_MathFeature_Latest_5_0_10_5_1
P408,0,0,0,3,0,2,1,2,0,1,0,0,2,2,0,5,Psi_Site_Chen_MathFeature_Latest_5_0_10_5_1
P409,2,2,1,2,1,0,3,1,2,2,0,0,1,1,0,0,Psi_Site_Chen_MathFeature_Latest_5_0_10_5_1
P410,1,0,1,2,0,0,0,1,0,0,0,0,3,1,0,9,Psi_Site_Chen_MathFeature_Latest_5_0_10_5_1
P411,1,0,2,2,3,0,0,2,1,0,0,1,0,5,0,1,Psi_Site_Chen_MathFeature_Latest_5_0_10_5_1
P412,0,3,1,0,1,0,2,1,2,0,2,2,1,1,0,2,Psi_Site_Chen_MathFeature_Latest_5_0_10_5_1
P413,3,0,3,2,1,0,1,0,2,3,1,0,1,0,1,0,Psi_Site_Chen_MathFeature_Latest_5_0_10_5_1
P414,1,2,2,1,3,0,1,2,0,2,0,1,1,1,0,1,Psi_Site_Chen_MathFeature_Latest_5_0_10_5_1
P415,7,0,2,1,1,1,0,0,1,1,0,1,1,1,0,1,Psi_Site_Chen_MathFeature_Latest_5_0_10_5_1
P416,0,0,0,0,0,0,1,0,0,0,0,4,0,1,2,10,Psi_Site_Chen_MathFeature_Latest_5_0_10_5_1
P417,0,4,1,0,3,4,1,0,1,0,0,2,0,2,0,0,Psi_Site_Chen_MathFeature_Latest_5_0_10_5_1
P418,0,1,0,2,0,1,0,2,1,0,1,1,3,0,2,4,Psi_Site_Chen_MathFeature_Latest_5_0_10_5_1
P419,1,0,2,2,0,0,0,0,2,0,3,2,2,0,3,1,Psi_Site_Chen_MathFeature_Latest_5_0_10_5_1
P420,1,1,2,1,2,2,1,1,2,1,1,0,1,1,0,1,Psi_Site_Chen_MathFeature_Latest_5_0_10_5_1
P421,0,0,1,1,1,1,1,0,0,0,3,2,1,1,2,4,Psi_Site_Chen_MathFeature_Latest_5_0_10_5_1
P422,3,2,1,3,2,0,1,0,2,0,1,0,1,0,2,0,Psi_Site_Chen_MathFeature_Latest_5_0_10_5_1
P423,1,2,0,1,2,1,2,3,1,2,0,0,0,2,0,1,Psi_Site_Chen_MathFeature_Latest_5_0_10_5_1
P424,1,1,3,1,2,0,1,0,2,1,0,2,3,1,0,0,Psi_Site_Chen_MathFeature_Latest_5_0_10_5_1
P425,0,1,2,1,3,3,1,0,0,2,2,1,0,1,1,0,Psi_Site_Chen_MathFeature_Latest_5_0_10_5_1
P426,0,2,1,1,1,2,2,1,1,0,1,2,1,2,1,0,Psi_Site_Chen_MathFeature_Latest_5_0_10_5_1
P427,0,0,2,1,0,0,0,0,0,0,3,3,3,0,1,5,Psi_Site_Chen_MathFeature_Latest_5_0_10_5_1
P428,2,1,0,2,0,0,2,2,0,0,3,1,1,3,1,0,Psi_Site_Chen_MathFeature_Latest_5_0_10_5_1
P429,0,0,1,0,0,2,1,1,0,3,3,2,1,0,2,2,Psi_Site_Chen_MathFeature_Latest_5_0_10_5_1
P430,3,0,1,2,0,0,1,0,5,0,2,1,0,1,2,0,Psi_Site_Chen_MathFeature_Latest_5_0_10_5_1
P431,2,2,2,1,3,0,1,0,2,2,0,0,1,1,1,0,Psi_Site_Chen_MathFeature_Latest_5_0_10_5_1
P432,1,0,3,1,2,1,0,1,1,0,3,1,1,2,0,1,Psi_Site_Chen_MathFeature_Latest_5_0_10_5_1
P433,0,1,2,0,1,3,0,1,2,1,1,0,1,1,1,3,Psi_Site_Chen_MathFeature_Latest_5_0_10_5_1
P434,7,1,0,3,2,0,0,1,0,0,0,0,0,3,0,1,Psi_Site_Chen_MathFeature_Latest_5_0_10_5_1
P435,2,2,0,1,0,1,3,0,3,0,1,1,1,1,0,2,Psi_Site_Chen_MathFeature_Latest_5_0_10_5_1
P436,1,0,0,3,0,0,1,2,1,0,0,0,2,2,0,6,Psi_Site_Chen_MathFeature_Latest_5_0_10_5_1
P437,2,0,2,0,1,2,1,1,2,1,1,1,0,1,2,1,Psi_Site_Chen_MathFeature_Latest_5_0_10_5_1
P438,0,0,1,2,0,1,1,1,1,0,1,2,2,0,1,5,Psi_Site_Chen_MathFeature_Latest_5_0_10_5_1
P439,0,0,2,3,1,0,0,1,0,0,1,2,4,2,0,2,Psi_Site_Chen_MathFeature_Latest_5_0_10_5_1
P440,2,0,1,1,1,0,0,1,1,1,2,3,1,1,2,1,Psi_Site_Chen_MathFeature_Latest_5_0_10_5_1
P441,0,0,0,0,0,1,3,2,0,5,2,1,0,1,2,1,Psi_Site_Chen_MathFeature_Latest_5_0_10_5_1
P442,5,0,1,2,1,0,0,0,1,1,2,1,1,0,0,3,Psi_Site_Chen_MathFeature_Latest_5_0_10_5_1
P443,3,0,1,3,0,0,0,1,0,0,1,2,4,1,1,1,Psi_Site_Chen_MathFeature_Latest_5_0_10_5_1
P444,1,0,3,0,1,1,0,2,1,1,1,2,2,0,1,2,Psi_Site_Chen_MathFeature_Latest_5_0_10_5_1
P445,2,0,1,3,1,0,1,0,1,3,1,1,1,0,3,0,Psi_Site_Chen_MathFeature_Latest_5_0_10_5_1
P446,0,0,0,0,0,0,2,2,0,2,3,3,1,2,2,1,Psi_Site_Chen_MathFeature_Latest_5_0_10_5_1
P447,2,0,1,1,0,0,0,1,0,0,1,2,2,0,2,6,Psi_Site_Chen_MathFeature_Latest_5_0_10_5_1
P448,0,0,0,0,0,1,0,2,0,0,1,3,0,1,4,6,Psi_Site_Chen_MathFeature_Latest_5_0_10_5_1
P449,0,0,0,0,0,0,1,2,0,0,0,3,1,2,2,7,Psi_Site_Chen_MathFeature_Latest_5_0_10_5_1
P450,3,2,1,0,1,1,2,2,1,0,0,1,0,3,0,1,Psi_Site_Chen_MathFeature_Latest_5_0_10_5_1
P451,3,4,0,2,4,0,1,0,1,0,0,0,1,1,0,1,Psi_Site_Chen_MathFeature_Latest_5_0_10_5_1
P452,3,2,0,2,0,1,0,1,0,0,0,0,3,0,0,6,Psi_Site_Chen_MathFeature_Latest_5_0_10_5_1
P453,0,1,0,1,1,0,0,2,0,0,2,2,1,2,1,5,Psi_Site_Chen_MathFeature_Latest_5_0_10_5_1
P454,1,1,1,1,1,0,0,1,0,0,1,2,1,1,1,6,Psi_Site_Chen_MathFeature_Latest_5_0_10_5_1
P455,0,2,1,2,1,0,3,0,3,0,2,1,1,2,0,0,Psi_Site_Chen_MathFeature_Latest_5_0_10_5_1
P456,3,0,2,0,0,0,0,0,0,0,2,3,3,0,1,4,Psi_Site_Chen_MathFeature_Latest_5_0_10_5_1
P457,0,0,1,0,0,0,0,2,1,2,3,2,0,0,4,3,Psi_Site_Chen_MathFeature_Latest_5_0_10_5_1
P458,2,1,0,2,0,0,2,1,2,1,1,1,1,1,2,1,Psi_Site_Chen_MathFeature_Latest_5_0_10_5_1
P459,7,0,0,3,1,0,1,0,2,1,1,0,0,1,1,0,Psi_Site_Chen_MathFeature_Latest_5_0_10_5_1
P460,1,0,1,1,0,0,0,0,1,0,1,4,2,0,2,5,Psi_Site_Chen_MathFeature_Latest_5_0_10_5_1
P461,1,0,4,0,0,0,1,0,2,0,1,3,2,0,0,4,Psi_Site_Chen_MathFeature_Latest_5_0_10_5_1
P462,0,1,2,1,1,0,2,1,0,1,0,3,2,2,0,2,Psi_Site_Chen_MathFeature_Latest_5_0_10_5_1
P463,3,1,1,0,2,2,1,0,1,1,1,1,0,2,1,1,Psi_Site_Chen_MathFeature_Latest_5_0_10_5_1
P464,0,0,3,0,0,0,2,0,4,0,1,3,0,2,2,1,Psi_Site_Chen_MathFeature_Latest_5_0_10_5_1
P465,0,1,1,2,1,0,2,0,1,1,3,1,1,1,1,2,Psi_Site_Chen_MathFeature_Latest_5_0_10_5_1
P466,0,2,0,1,1,4,0,3,1,0,0,1,1,1,2,1,Psi_Site_Chen_MathFeature_Latest_5_0_10_5_1
P467,1,0,0,5,0,0,0,3,0,0,0,1,4,3,0,1,Psi_Site_Chen_MathFeature_Latest_5_0_10_5_1
P468,2,3,1,2,1,0,0,1,1,0,1,0,3,0,0,3,Psi_Site_Chen_MathFeature_Latest_5_0_10_5_1
P469,0,1,0,1,1,1,1,2,2,1,2,1,0,2,2,1,Psi_Site_Chen_MathFeature_Latest_5_0_10_5_1
P470,1,0,2,1,1,0,0,1,0,0,1,1,2,3,0,5,Psi_Site_Chen_MathFeature_Latest_5_0_10_5_1
P471,1,0,1,2,2,1,0,2,1,3,1,0,0,1,2,1,Psi_Site_Chen_MathFeature_Latest_5_0_10_5_1
P472,2,1,2,2,3,1,0,1,1,1,0,1,1,1,0,1,Psi_Site_Chen_MathFeature_Latest_5_0_10_5_1
N1,1,1,1,1,2,1,2,1,1,2,0,1,0,2,2,0,Psi_Site_Chen_MathFeature_Latest_5_0_10_5_1
N2,7,0,1,3,0,0,0,0,1,0,0,1,3,0,1,1,Psi_Site_Chen_MathFeature_Latest_5_0_10_5_1
N3,1,0,2,2,1,0,0,1,2,0,1,1,2,2,2,1,Psi_Site_Chen_MathFeature_Latest_5_0_10_5_1
N4,2,0,1,2,1,0,0,1,0,1,3,2,2,1,2,0,Psi_Site_Chen_MathFeature_Latest_5_0_10_5_1
N5,3,2,0,1,1,2,1,1,2,0,0,0,1,1,1,2,Psi_Site_Chen_MathFeature_Latest_5_0_10_5_1
N6,4,1,1,1,1,4,1,1,1,0,0,0,1,1,0,1,Psi_Site_Chen_MathFeature_Latest_5_0_10_5_1
N7,2,0,1,2,3,2,0,1,0,2,0,1,2,1,1,0,Psi_Site_Chen_MathFeature_Latest_5_0_10_5_1
N8,0,0,0,4,1,5,0,1,0,0,0,1,2,3,1,0,Psi_Site_Chen_MathFeature_Latest_5_0_10_5_1
N9,3,0,3,2,2,1,0,0,1,1,1,1,1,0,2,0,Psi_Site_Chen_MathFeature_Latest_5_0_10_5_1
N10,0,1,0,0,0,4,2,1,0,2,2,1,1,2,1,1,Psi_Site_Chen_MathFeature_Latest_5_0_10_5_1
N11,0,1,2,0,0,1,3,0,2,1,2,2,1,0,1,2,Psi_Site_Chen_MathFeature_Latest_5_0_10_5_1
N12,2,2,1,3,0,0,2,0,3,0,0,0,2,1,1,1,Psi_Site_Chen_MathFeature_Latest_5_0_10_5_1
N13,1,1,2,1,1,3,0,2,1,0,0,1,3,0,0,2,Psi_Site_Chen_MathFeature_Latest_5_0_10_5_1
N14,3,2,1,1,1,0,1,0,1,1,0,2,1,1,2,1,Psi_Site_Chen_MathFeature_Latest_5_0_10_5_1
N15,1,2,2,0,0,3,1,2,1,1,0,2,3,0,0,0,Psi_Site_Chen_MathFeature_Latest_5_0_10_5_1
N16,0,0,0,1,0,1,1,4,0,2,0,1,1,2,1,4,Psi_Site_Chen_MathFeature_Latest_5_0_10_5_1
N17,1,0,1,1,2,0,0,2,0,1,0,3,1,2,3,1,Psi_Site_Chen_MathFeature_Latest_5_0_10_5_1
N18,4,1,2,3,1,1,0,0,2,0,0,0,2,0,0,2,Psi_Site_Chen_MathFeature_Latest_5_0_10_5_1
N19,0,2,0,1,1,1,0,2,1,0,0,1,1,2,2,4,Psi_Site_Chen_MathFeature_Latest_5_0_10_5_1
N20,0,2,0,0,3,6,2,1,0,2,0,0,0,2,0,0,Psi_Site_Chen_MathFeature_Latest_5_0_10_5_1
N21,2,0,2,0,1,1,0,2,0,2,2,1,1,1,1,2,Psi_Site_Chen_MathFeature_Latest_5_0_10_5_1
N22,1,1,2,2,3,1,1,0,2,0,0,1,0,2,0,2,Psi_Site_Chen_MathFeature_Latest_5_0_10_5_1
N23,3,0,1,0,0,0,0,2,2,1,2,2,0,1,3,1,Psi_Site_Chen_MathFeature_Latest_5_0_10_5_1
N24,2,1,1,1,0,0,3,0,3,0,0,2,1,1,1,2,Psi_Site_Chen_MathFeature_Latest_5_0_10_5_1
N25,3,2,1,1,1,0,0,1,1,1,2,1,2,0,1,1,Psi_Site_Chen_MathFeature_Latest_5_0_10_5_1
N26,0,2,0,3,0,1,1,1,0,0,1,0,5,0,1,3,Psi_Site_Chen_MathFeature_Latest_5_0_10_5_1
N27,0,0,0,2,0,2,2,1,1,1,0,2,1,2,2,2,Psi_Site_Chen_MathFeature_Latest_5_0_10_5_1
N28,1,0,0,2,0,1,0,1,0,1,4,2,2,0,1,3,Psi_Site_Chen_MathFeature_Latest_5_0_10_5_1
N29,0,0,2,2,0,1,0,2,2,0,0,0,3,1,0,5,Psi_Site_Chen_MathFeature_Latest_5_0_10_5_1
N30,0,0,1,2,0,0,0,2,1,0,3,0,2,2,2,3,Psi_Site_Chen_MathFeature_Latest_5_0_10_5_1
N31,4,2,0,1,1,2,1,0,0,1,2,1,2,1,0,0,Psi_Site_Chen_MathFeature_Latest_5_0_10_5_1
N32,2,2,1,1,0,2,0,1,2,0,0,0,1,1,1,4,Psi_Site_Chen_MathFeature_Latest_5_0_10_5_1
N33,1,1,0,2,0,0,1,1,2,0,0,1,1,1,2,5,Psi_Site_Chen_MathFeature_Latest_5_0_10_5_1
N34,5,1,2,1,1,0,1,0,1,0,3,0,1,1,0,1,Psi_Site_Chen_MathFeature_Latest_5_0_10_5_1
N35,2,0,1,2,0,0,0,0,4,0,2,1,0,0,2,4,Psi_Site_Chen_MathFeature_Latest_5_0_10_5_1
N36,1,0,2,0,1,4,0,2,1,1,1,1,0,2,0,2,Psi_Site_Chen_MathFeature_Latest_5_0_10_5_1
N37,3,2,0,1,0,1,0,1,0,0,0,1,3,0,1,5,Psi_Site_Chen_MathFeature_Latest_5_0_10_5_1
N38,0,1,1,2,0,2,1,4,0,2,0,0,2,2,0,1,Psi_Site_Chen_MathFeature_Latest_5_0_10_5_1
N39,5,0,2,1,0,1,0,0,0,0,0,3,2,1,2,1,Psi_Site_Chen_MathFeature_Latest_5_0_10_5_1
N40,1,1,2,2,0,1,1,1,3,0,1,0,3,0,1,1,Psi_Site_Chen_MathFeature_Latest_5_0_10_5_1
N41,3,3,1,1,2,1,0,1,2,0,1,0,1,0,1,1,Psi_Site_Chen_MathFeature_Latest_5_0_10_5_1
N42,4,1,2,1,0,0,1,1,2,1,2,0,2,0,1,0,Psi_Site_Chen_MathFeature_Latest_5_0_10_5_1
N43,1,2,3,1,2,1,1,0,1,0,0,2,2,1,0,1,Psi_Site_Chen_MathFeature_Latest_5_0_10_5_1
N44,2,1,2,0,1,1,0,2,0,2,0,2,2,1,1,1,Psi_Site_Chen_MathFeature_Latest_5_0_10_5_1
N45,0,1,1,1,3,1,1,0,1,0,3,2,1,2,1,0,Psi_Site_Chen_MathFeature_Latest_5_0_10_5_1
N46,0,1,1,1,0,0,1,0,2,1,5,2,1,0,2,1,Psi_Site_Chen_MathFeature_Latest_5_0_10_5_1
N47,0,1,1,3,2,3,0,1,1,0,0,0,2,2,0,2,Psi_Site_Chen_MathFeature_Latest_5_0_10_5_1
N48,0,0,1,4,1,1,2,1,3,0,0,0,0,3,1,1,Psi_Site_Chen_MathFeature_Latest_5_0_10_5_1
N49,2,0,1,0,0,4,0,3,1,1,0,0,2,1,0,3,Psi_Site_Chen_MathFeature_Latest_5_0_10_5_1
N50,4,0,1,2,1,1,1,0,0,0,2,2,0,2,1,1,Psi_Site_Chen_MathFeature_Latest_5_0_10_5_1
N51,3,0,1,2,2,0,1,0,1,0,0,2,1,2,1,2,Psi_Site_Chen_MathFeature_Latest_5_0_10_5_1
N52,0,1,1,1,1,1,0,3,1,1,1,1,2,3,0,1,Psi_Site_Chen_MathFeature_Latest_5_0_10_5_1
N53,1,0,1,0,0,1,0,2,0,0,5,1,1,2,0,4,Psi_Site_Chen_MathFeature_Latest_5_0_10_5_1
N54,2,1,1,1,0,1,0,2,0,1,0,0,1,1,1,6,Psi_Site_Chen_MathFeature_Latest_5_0_10_5_1
N55,4,2,0,2,3,2,0,2,0,0,0,0,0,3,0,0,Psi_Site_Chen_MathFeature_Latest_5_0_10_5_1
N56,0,0,0,0,0,4,1,5,0,1,1,1,0,5,0,0,Psi_Site_Chen_MathFeature_Latest_5_0_10_5_1
N57,5,1,0,3,1,0,0,1,0,0,0,0,3,2,0,2,Psi_Site_Chen_MathFeature_Latest_5_0_10_5_1
N58,1,2,0,1,3,3,0,1,1,1,2,0,0,1,0,2,Psi_Site_Chen_MathFeature_Latest_5_0_10_5_1
N59,2,2,1,0,0,0,2,0,1,0,1,4,2,0,2,1,Psi_Site_Chen_MathFeature_Latest_5_0_10_5_1
N60,1,2,1,2,3,1,0,2,1,0,0,0,0,2,1,2,Psi_Site_Chen_MathFeature_Latest_5_0_10_5_1
N61,1,0,3,1,1,0,2,0,2,1,2,1,1,2,0,1,Psi_Site_Chen_MathFeature_Latest_5_0_10_5_1
N62,2,1,1,1,0,0,1,1,4,0,5,0,0,0,2,0,Psi_Site_Chen_MathFeature_Latest_5_0_10_5_1
N63,1,2,1,0,2,0,1,1,1,2,2,1,1,1,2,0,Psi_Site_Chen_MathFeature_Latest_5_0_10_5_1
N64,0,2,1,0,0,0,1,1,1,0,4,2,2,0,2,2,Psi_Site_Chen_MathFeature_Latest_5_0_10_5_1
N65,1,2,1,1,1,0,0,1,0,0,1,2,3,0,1,4,Psi_Site_Chen_MathFeature_Latest_5_0_10_5_1
N66,2,2,1,0,0,2,3,0,1,2,1,1,1,0,1,1,Psi_Site_Chen_MathFeature_Latest_5_0_10_5_1
N67,4,2,0,0,1,1,2,2,0,2,2,0,0,2,0,0,Psi_Site_Chen_MathFeature_Latest_5_0_10_5_1
N68,6,2,0,2,2,0,1,0,0,0,0,1,2,1,0,1,Psi_Site_Chen_MathFeature_Latest_5_0_10_5_1
N69,1,2,1,0,1,2,2,0,1,2,0,2,0,0,1,3,Psi_Site_Chen_MathFeature_Latest_5_0_10_5_1
N70,4,1,2,2,1,0,0,1,1,0,0,0,2,1,0,3,Psi_Site_Chen_MathFeature_Latest_5_0_10_5_1
N71,0,1,2,0,1,2,3,0,0,2,2,3,1,0,0,1,Psi_Site_Chen_MathFeature_Latest_5_0_10_5_1
N72,3,2,1,1,0,1,2,0,1,0,4,1,1,0,1,0,Psi_Site_Chen_MathFeature_Latest_5_0_10_5_1
N73,4,1,1,2,0,0,1,0,2,0,3,0,2,0,0,2,Psi_Site_Chen_MathFeature_Latest_5_0_10_5_1
N74,0,0,2,0,1,0,0,1,1,1,4,3,1,1,1,2,Psi_Site_Chen_MathFeature_Latest_5_0_10_5_1
N75,0,0,2,0,1,0,1,1,1,0,0,4,1,3,2,2,Psi_Site_Chen_MathFeature_Latest_5_0_10_5_1
N76,1,0,2,3,2,1,1,1,2,0,0,1,1,3,0,0,Psi_Site_Chen_MathFeature_Latest_5_0_10_5_1
N77,2,1,1,2,2,1,0,0,1,0,1,2,3,1,0,1,Psi_Site_Chen_MathFeature_Latest_5_0_10_5_1
N78,0,0,0,4,1,1,0,1,0,0,0,1,4,0,1,5,Psi_Site_Chen_MathFeature_Latest_5_0_10_5_1
N79,1,1,0,1,0,5,1,2,1,2,1,0,1,1,1,0,Psi_Site_Chen_MathFeature_Latest_5_0_10_5_1
N80,0,0,1,0,0,4,1,4,0,3,0,0,1,2,1,1,Psi_Site_Chen_MathFeature_Latest_5_0_10_5_1
N81,0,0,3,2,2,1,0,1,1,1,1,2,1,2,1,0,Psi_Site_Chen_MathFeature_Latest_5_0_10_5_1
N82,2,1,1,5,2,0,0,0,0,0,0,0,4,1,0,2,Psi_Site_Chen_MathFeature_Latest_5_0_10_5_1
N83,1,1,2,2,0,2,1,1,3,0,0,1,2,1,0,1,Psi_Site_Chen_MathFeature_Latest_5_0_10_5_1
N84,0,0,1,1,2,3,1,1,0,4,1,2,0,0,2,0,Psi_Site_Chen_MathFeature_Latest_5_0_10_5_1
N85,1,0,1,1,0,1,2,0,2,0,2,2,0,3,1,2,Psi_Site_Chen_MathFeature_Latest_5_0_10_5_1
N86,0,1,1,0,0,1,2,1,3,0,0,1,1,2,1,4,Psi_Site_Chen_MathFeature_Latest_5_0_10_5_1
N87,0,0,1,1,2,5,1,1,0,1,0,1,1,3,0,1,Psi_Site_Chen_MathFeature_Latest_5_0_10_5_1
N88,1,2,0,0,1,0,0,4,1,0,1,1,0,3,2,2,Psi_Site_Chen_MathFeature_Latest_5_0_10_5_1
N89,1,2,1,0,2,0,3,0,1,2,1,1,1,1,0,2,Psi_Site_Chen_MathFeature_Latest_5_0_10_5_1
N90,1,1,1,2,0,0,1,2,0,3,1,0,4,0,1,1,Psi_Site_Chen_MathFeature_Latest_5_0_10_5_1
N91,0,1,1,1,1,0,5,0,2,4,0,1,1,0,1,0,Psi_Site_Chen_MathFeature_Latest_5_0_10_5_1
N92,1,0,1,0,1,3,1,3,1,0,1,1,0,4,1,0,Psi_Site_Chen_MathFeature_Latest_5_0_10_5_1
N93,0,0,4,0,2,1,0,0,2,2,2,2,1,1,0,1,Psi_Site_Chen_MathFeature_Latest_5_0_10_5_1
N94,0,1,0,0,1,1,4,1,1,1,2,2,0,3,1,0,Psi_Site_Chen_MathFeature_Latest_5_0_10_5_1
N95,0,2,0,2,3,1,2,1,0,2,1,1,1,1,1,0,Psi_Site_Chen_MathFeature_Latest_5_0_10_5_1
N96,0,1,1,1,1,1,1,1,1,0,1,2,2,2,2,1,Psi_Site_Chen_MathFeature_Latest_5_0_10_5_1
N97,1,0,2,2,1,0,0,0,2,0,1,2,3,1,1,2,Psi_Site_Chen_MathFeature_Latest_5_0_10_5_1
N98,1,0,0,3,0,1,1,1,3,1,1,0,1,2,1,2,Psi_Site_Chen_MathFeature_Latest_5_0_10_5_1
N99,1,1,1,0,1,1,3,1,2,2,2,1,0,1,1,0,Psi_Site_Chen_MathFeature_Latest_5_0_10_5_1
N100,3,2,0,3,0,1,1,0,2,0,0,1,3,0,2,0,Psi_Site_Chen_MathFeature_Latest_5_0_10_5_1
N101,1,0,1,1,1,1,2,0,2,3,2,1,0,1,2,0,Psi_Site_Chen_MathFeature_Latest_5_0_10_5_1
N102,1,0,0,2,0,1,1,1,1,1,1,1,1,2,0,5,Psi_Site_Chen_MathFeature_Latest_5_0_10_5_1
N103,4,1,4,1,1,0,0,0,3,0,0,1,2,0,1,0,Psi_Site_Chen_MathFeature_Latest_5_0_10_5_1
N104,1,1,1,2,1,0,2,0,0,1,0,1,2,1,0,5,Psi_Site_Chen_MathFeature_Latest_5_0_10_5_1
N105,4,1,1,1,0,0,1,2,1,1,0,1,1,1,2,1,Psi_Site_Chen_MathFeature_Latest_5_0_10_5_1
N106,2,1,2,0,1,1,2,0,1,0,2,3,1,1,1,0,Psi_Site_Chen_MathFeature_Latest_5_0_10_5_1
N107,1,0,1,1,1,8,1,1,0,1,0,0,1,1,0,1,Psi_Site_Chen_MathFeature_Latest_5_0_10_5_1
N108,0,0,2,1,1,0,0,0,1,0,1,3,0,1,3,5,Psi_Site_Chen_MathFeature_Latest_5_0_10_5_1
N109,0,0,0,2,0,0,1,0,0,0,3,3,3,1,2,3,Psi_Site_Chen_MathFeature_Latest_5_0_10_5_1
N110,1,1,2,1,2,1,1,2,1,2,0,1,1,1,1,0,Psi_Site_Chen_MathFeature_Latest_5_0_10_5_1
N111,1,0,3,0,0,0,0,0,1,0,3,2,2,0,0,6,Psi_Site_Chen_MathFeature_Latest_5_0_10_5_1
N112,2,2,0,2,1,2,0,1,2,0,0,1,0,2,2,1,Psi_Site_Chen_MathFeature_Latest_5_0_10_5_1
N113,1,0,2,1,1,1,1,0,2,0,2,2,1,2,1,1,Psi_Site_Chen_MathFeature_Latest_5_0_10_5_1
N114,0,4,0,1,2,1,2,1,3,1,0,0,0,1,2,0,Psi_Site_Chen_MathFeature_Latest_5_0_10_5_1
N115,2,1,1,3,3,0,0,0,0,1,1,1,2,1,1,1,Psi_Site_Chen_MathFeature_Latest_5_0_10_5_1
N116,1,0,3,2,1,0,0,0,4,0,1,1,1,1,1,2,Psi_Site_Chen_MathFeature_Latest_5_0_10_5_1
N117,1,0,2,0,1,0,1,0,0,1,1,3,0,0,1,7,Psi_Site_Chen_MathFeature_Latest_5_0_10_5_1
N118,3,2,1,1,0,1,2,1,2,1,0,1,2,0,0,1,Psi_Site_Chen_MathFeature_Latest_5_0_10_5_1
N119,6,0,2,3,0,0,0,0,1,0,1,1,3,0,0,1,Psi_Site_Chen_MathFeature_Latest_5_0_10_5_1
N120,1,1,1,2,1,0,0,1,1,1,0,2,2,0,1,4,Psi_Site_Chen_MathFeature_Latest_5_0_10_5_1
N121,1,1,2,1,1,2,2,0,0,3,2,1,2,0,0,0,Psi_Site_Chen_MathFeature_Latest_5_0_10_5_1
N122,3,0,0,1,1,0,0,1,0,0,0,2,1,2,1,6,Psi_Site_Chen_MathFeature_Latest_5_0_10_5_1
N123,1,1,1,2,1,1,0,1,0,1,0,1,2,1,1,4,Psi_Site_Chen_MathFeature_Latest_5_0_10_5_1
N124,2,0,4,2,0,0,1,0,2,0,0,2,2,1,0,2,Psi_Site_Chen_MathFeature_Latest_5_0_10_5_1
N125,1,0,1,1,1,0,2,1,0,2,1,1,0,2,1,4,Psi_Site_Chen_MathFeature_Latest_5_0_10_5_1
N126,5,0,1,4,0,0,0,0,0,0,0,0,5,0,0,3,Psi_Site_Chen_MathFeature_Latest_5_0_10_5_1
N127,2,0,1,2,1,2,0,1,1,1,1,0,2,1,1,2,Psi_Site_Chen_MathFeature_Latest_5_0_10_5_1
N128,0,0,2,3,0,0,0,0,2,0,2,2,2,0,3,2,Psi_Site_Chen_MathFeature_Latest_5_0_10_5_1
N129,2,0,1,1,2,1,0,3,0,1,1,1,0,3,1,1,Psi_Site_Chen_MathFeature_Latest_5_0_10_5_1
N130,3,0,2,1,1,0,0,0,1,0,0,3,1,1,1,4,Psi_Site_Chen_MathFeature_Latest_5_0_10_5_1
N131,0,1,1,1,0,1,0,2,0,1,0,2,3,0,3,3,Psi_Site_Chen_MathFeature_Latest_5_0_10_5_1
N132,1,1,1,0,1,0,0,2,0,1,1,2,2,1,1,4,Psi_Site_Chen_MathFeature_Latest_5_0_10_5_1
N133,0,0,0,3,1,0,1,1,0,0,0,3,2,2,1,4,Psi_Site_Chen_MathFeature_Latest_5_0_10_5_1
N134,0,0,1,1,0,0,0,1,2,0,1,2,0,1,3,6,Psi_Site_Chen_MathFeature_Latest_5_0_10_5_1
N135,2,1,2,2,0,1,0,0,2,0,0,2,4,0,2,0,Psi_Site_Chen_MathFeature_Latest_5_0_10_5_1
N136,0,1,2,2,2,2,0,0,0,1,4,2,1,0,1,0,Psi_Site_Chen_MathFeature_Latest_5_0_10_5_1
N137,1,0,1,2,1,2,0,1,1,1,0,1,1,1,1,4,Psi_Site_Chen_MathFeature_Latest_5_0_10_5_1
N138,1,0,3,1,0,1,1,0,3,0,1,2,1,1,2,1,Psi_Site_Chen_MathFeature_Latest_5_0_10_5_1
N139,0,1,1,2,1,0,2,0,0,1,2,2,2,1,2,1,Psi_Site_Chen_MathFeature_Latest_5_0_10_5_1
N140,2,0,4,0,1,1,1,0,2,3,0,2,0,0,2,0,Psi_Site_Chen_MathFeature_Latest_5_0_10_5_1
N141,3,2,0,1,0,1,1,0,1,0,0,3,2,0,2,2,Psi_Site_Chen_MathFeature_Latest_5_0_10_5_1
N142,0,0,1,0,0,0,1,1,1,1,5,3,0,1,2,2,Psi_Site_Chen_MathFeature_Latest_5_0_10_5_1
N143,0,0,2,1,0,2,0,1,1,1,1,2,1,1,1,4,Psi_Site_Chen_MathFeature_Latest_5_0_10_5_1
N144,0,0,0,0,0,2,2,4,0,3,1,0,0,3,1,2,Psi_Site_Chen_MathFeature_Latest_5_0_10_5_1
N145,2,1,0,1,1,2,1,3,0,1,0,0,2,2,0,2,Psi_Site_Chen_MathFeature_Latest_5_0_10_5_1
N146,0,1,0,2,0,1,2,2,1,1,2,1,1,3,1,0,Psi_Site_Chen_MathFeature_Latest_5_0_10_5_1
N147,3,1,1,2,0,2,1,1,1,0,0,1,3,1,0,1,Psi_Site_Chen_MathFeature_Latest_5_0_10_5_1
N148,2,1,1,1,2,2,0,1,0,1,0,1,1,0,1,4,Psi_Site_Chen_MathFeature_Latest_5_0_10_5_1
N149,2,1,1,3,3,1,0,0,1,2,1,0,1,1,1,0,Psi_Site_Chen_MathFeature_Latest_5_0_10_5_1
N150,1,2,2,1,0,0,1,2,3,1,2,0,1,1,1,0,Psi_Site_Chen_MathFeature_Latest_5_0_10_5_1
N151,3,1,0,2,0,0,0,2,1,0,0,0,3,0,1,5,Psi_Site_Chen_MathFeature_Latest_5_0_10_5_1
N152,0,2,0,1,1,0,0,2,1,0,3,1,0,0,4,3,Psi_Site_Chen_MathFeature_Latest_5_0_10_5_1
N153,1,0,2,3,1,1,0,1,4,0,1,0,1,2,1,0,Psi_Site_Chen_MathFeature_Latest_5_0_10_5_1
N154,1,0,1,1,2,0,2,0,0,2,1,2,0,2,3,1,Psi_Site_Chen_MathFeature_Latest_5_0_10_5_1
N155,6,0,1,3,0,1,0,1,0,1,0,0,4,1,0,0,Psi_Site_Chen_MathFeature_Latest_5_0_10_5_1
N156,1,0,0,1,0,0,1,1,1,1,1,2,0,0,3,6,Psi_Site_Chen_MathFeature_Latest_5_0_10_5_1
N157,0,0,1,2,0,0,0,1,1,1,2,0,1,0,1,8,Psi_Site_Chen_MathFeature_Latest_5_0_10_5_1
N158,3,1,0,1,0,2,2,2,1,1,1,0,0,2,1,1,Psi_Site_Chen_MathFeature_Latest_5_0_10_5_1
N159,0,0,0,1,1,1,2,1,0,3,4,1,1,1,1,1,Psi_Site_Chen_MathFeature_Latest_5_0_10_5_1
N160,0,0,3,1,0,0,1,0,3,1,4,2,0,0,3,0,Psi_Site_Chen_MathFeature_Latest_5_0_10_5_1
N161,2,2,1,1,1,3,1,1,2,0,0,1,1,1,1,0,Psi_Site_Chen_MathFeature_Latest_5_0_10_5_1
N162,3,0,1,3,1,0,0,1,2,0,1,0,1,2,1,2,Psi_Site_Chen_MathFeature_Latest_5_0_10_5_1
N163,5,0,3,1,0,0,0,0,1,0,1,2,3,0,0,2,Psi_Site_Chen_MathFeature_Latest_5_0_10_5_1
N164,1,2,1,0,0,1,2,1,1,0,0,3,2,1,1,2,Psi_Site_Chen_MathFeature_Latest_5_0_10_5_1
N165,1,0,2,2,2,1,0,0,0,1,1,2,1,2,2,1,Psi_Site_Chen_MathFeature_Latest_5_0_10_5_1
N166,1,0,3,2,0,1,0,2,2,1,0,1,4,0,1,0,Psi_Site_Chen_MathFeature_Latest_5_0_10_5_1
N167,0,2,0,0,2,1,1,1,0,1,0,1,0,3,0,6,Psi_Site_Chen_MathFeature_Latest_5_0_10_5_1
N168,7,0,2,1,0,0,0,1,1,1,0,1,1,1,0,2,Psi_Site_Chen_MathFeature_Latest_5_0_10_5_1
N169,2,0,2,2,0,0,0,1,0,1,2,1,2,0,0,5,Psi_Site_Chen_MathFeature_Latest_5_0_10_5_1
N170,2,0,1,3,0,0,0,0,1,0,0,2,3,0,3,3,Psi_Site_Chen_MathFeature_Latest_5_0_10_5_1
N171,5,1,0,1,1,1,1,1,1,2,1,0,1,0,2,0,Psi_Site_Chen_MathFeature_Latest_5_0_10_5_1
N172,1,1,0,1,0,0,2,0,0,0,1,5,1,2,3,1,Psi_Site_Chen_MathFeature_Latest_5_0_10_5_1
N173,2,1,2,0,2,0,0,0,2,0,1,3,1,1,3,0,Psi_Site_Chen_MathFeature_Latest_5_0_10_5_1
N174,5,2,1,1,3,3,0,0,0,1,1,0,1,0,0,0,Psi_Site_Chen_MathFeature_Latest_5_0_10_5_1
N175,0,1,2,1,0,0,1,0,2,0,2,2,2,0,3,2,Psi_Site_Chen_MathFeature_Latest_5_0_10_5_1
N176,0,1,1,1,2,0,0,3,0,1,0,1,1,3,3,1,Psi_Site_Chen_MathFeature_Latest_5_0_10_5_1
N177,2,2,0,0,0,2,0,5,0,0,0,0,2,3,0,2,Psi_Site_Chen_MathFeature_Latest_5_0_10_5_1
N178,2,0,1,2,0,0,0,0,1,0,1,1,2,0,2,6,Psi_Site_Chen_MathFeature_Latest_5_0_10_5_1
N179,0,2,0,2,2,2,2,0,1,0,0,1,0,2,1,3,Psi_Site_Chen_MathFeature_Latest_5_0_10_5_1
N180,0,0,2,1,2,3,0,2,0,1,1,1,2,2,0,1,Psi_Site_Chen_MathFeature_Latest_5_0_10_5_1
N181,0,0,1,2,0,0,0,1,1,1,1,1,2,0,3,5,Psi_Site_Chen_MathFeature_Latest_5_0_10_5_1
N182,1,0,0,3,1,1,1,1,0,2,0,1,1,1,3,2,Psi_Site_Chen_MathFeature_Latest_5_0_10_5_1
N183,0,0,1,4,2,2,0,0,0,0,0,1,3,3,0,2,Psi_Site_Chen_MathFeature_Latest_5_0_10_5_1
N184,3,1,1,2,0,0,0,1,2,0,0,0,2,1,0,5,Psi_Site_Chen_MathFeature_Latest_5_0_10_5_1
N185,0,0,2,2,0,1,2,0,3,1,1,1,2,1,1,1,Psi_Site_Chen_MathFeature_Latest_5_0_10_5_1
N186,0,1,0,1,1,4,1,2,0,2,1,1,0,2,2,0,Psi_Site_Chen_MathFeature_Latest_5_0_10_5_1
N187,0,0,0,2,0,1,2,3,1,1,0,1,0,3,3,1,Psi_Site_Chen_MathFeature_Latest_5_0_10_5_1
N188,0,1,1,0,1,3,3,1,0,4,2,0,0,2,0,0,Psi_Site_Chen_MathFeature_Latest_5_0_10_5_1
N189,3,1,2,2,2,1,1,0,0,2,0,1,3,0,0,0,Psi_Site_Chen_MathFeature_Latest_5_0_10_5_1
N190,0,0,0,0,0,0,0,1,0,0,0,1,0,1,0,15,Psi_Site_Chen_MathFeature_Latest_5_0_10_5_1
N191,2,0,1,1,2,2,1,0,1,2,2,1,0,1,2,0,Psi_Site_Chen_MathFeature_Latest_5_0_10_5_1
N192,0,1,2,0,1,0,1,2,1,2,1,2,2,1,1,1,Psi_Site_Chen_MathFeature_Latest_5_0_10_5_1
N193,0,0,0,0,0,2,0,2,0,1,0,4,0,1,5,3,Psi_Site_Chen_MathFeature_Latest_5_0_10_5_1
N194,2,0,4,2,1,0,0,0,1,1,2,1,3,0,0,1,Psi_Site_Chen_MathFeature_Latest_5_0_10_5_1
N195,0,2,0,2,2,1,0,0,0,1,3,2,2,1,2,0,Psi_Site_Chen_MathFeature_Latest_5_0_10_5_1
N196,1,0,2,1,0,0,0,1,0,1,2,2,1,0,1,6,Psi_Site_Chen_MathFeature_Latest_5_0_10_5_1
N197,2,0,3,2,1,2,0,0,0,2,1,0,4,0,0,1,Psi_Site_Chen_MathFeature_Latest_5_0_10_5_1
N198,0,1,0,1,2,2,2,1,0,2,2,1,1,2,1,0,Psi_Site_Chen_MathFeature_Latest_5_0_10_5_1
N199,1,1,2,0,0,1,1,2,1,3,1,1,2,0,1,1,Psi_Site_Chen_MathFeature_Latest_5_0_10_5_1
N200,4,0,4,1,2,0,0,0,2,0,0,2,1,2,0,0,Psi_Site_Chen_MathFeature_Latest_5_0_10_5_1
N201,5,2,1,0,1,0,0,1,1,0,0,3,1,0,3,0,Psi_Site_Chen_MathFeature_Latest_5_0_10_5_1
N202,2,1,4,0,1,1,1,0,3,1,2,1,1,0,0,0,Psi_Site_Chen_MathFeature_Latest_5_0_10_5_1
N203,7,0,0,0,0,0,0,0,1,0,1,0,0,0,0,9,Psi_Site_Chen_MathFeature_Latest_5_0_10_5_1
N204,0,0,1,0,0,0,0,2,0,2,4,2,1,1,3,2,Psi_Site_Chen_MathFeature_Latest_5_0_10_5_1
N205,0,1,1,1,0,2,1,1,2,1,3,1,1,1,2,0,Psi_Site_Chen_MathFeature_Latest_5_0_10_5_1
N206,0,1,2,3,1,0,0,0,0,0,0,2,4,0,1,4,Psi_Site_Chen_MathFeature_Latest_5_0_10_5_1
N207,0,0,0,0,0,0,0,0,0,0,7,3,0,0,3,5,Psi_Site_Chen_MathFeature_Latest_5_0_10_5_1
N208,1,0,1,2,1,0,0,0,2,0,7,1,1,1,0,1,Psi_Site_Chen_MathFeature_Latest_5_0_10_5_1
N209,0,1,0,1,1,0,0,1,0,1,1,0,1,1,2,8,Psi_Site_Chen_MathFeature_Latest_5_0_10_5_1
N210,2,2,2,0,1,1,1,2,2,1,0,1,3,0,0,0,Psi_Site_Chen_MathFeature_Latest_5_0_10_5_1
N211,6,1,1,1,2,0,0,1,2,1,0,0,1,0,1,1,Psi_Site_Chen_MathFeature_Latest_5_0_10_5_1
N212,0,1,3,0,2,1,1,1,1,2,0,1,3,0,0,2,Psi_Site_Chen_MathFeature_Latest_5_0_10_5_1
N213,1,1,0,2,2,2,1,1,1,0,0,0,1,3,0,3,Psi_Site_Chen_MathFeature_Latest_5_0_10_5_1
N214,0,0,1,2,0,0,1,0,2,0,2,3,1,1,4,1,Psi_Site_Chen_MathFeature_Latest_5_0_10_5_1
N215,3,0,4,1,0,0,0,0,5,0,2,1,1,0,1,0,Psi_Site_Chen_MathFeature_Latest_5_0_10_5_1
N216,0,0,3,0,0,4,2,0,1,2,2,2,1,0,1,0,Psi_Site_Chen_MathFeature_Latest_5_0_10_5_1
N217,0,0,2,1,1,1,2,1,1,0,0,2,1,2,0,4,Psi_Site_Chen_MathFeature_Latest_5_0_10_5_1
N218,0,3,3,1,2,0,1,1,2,2,1,0,2,0,0,0,Psi_Site_Chen_MathFeature_Latest_5_0_10_5_1
N219,0,1,1,0,0,0,1,0,1,0,3,3,1,1,3,3,Psi_Site_Chen_MathFeature_Latest_5_0_10_5_1
N220,1,0,3,2,1,1,0,1,3,2,1,0,0,0,2,1,Psi_Site_Chen_MathFeature_Latest_5_0_10_5_1
N221,1,0,1,1,1,3,1,2,2,2,1,0,0,1,2,0,Psi_Site_Chen_MathFeature_Latest_5_0_10_5_1
N222,0,0,0,0,0,0,1,0,0,1,4,3,0,0,5,4,Psi_Site_Chen_MathFeature_Latest_5_0_10_5_1
N223,0,2,1,0,2,1,1,0,1,1,2,3,1,0,2,1,Psi_Site_Chen_MathFeature_Latest_5_0_10_5_1
N224,1,0,2,0,0,0,1,0,2,0,8,1,0,0,2,1,Psi_Site_Chen_MathFeature_Latest_5_0_10_5_1
N225,5,0,1,2,1,1,0,0,1,1,1,1,0,1,2,1,Psi_Site_Chen_MathFeature_Latest_5_0_10_5_1
N226,0,0,0,1,0,3,2,1,0,2,2,2,1,0,3,1,Psi_Site_Chen_MathFeature_Latest_5_0_10_5_1
N227,1,0,2,2,0,0,2,1,3,1,3,1,0,1,1,0,Psi_Site_Chen_MathFeature_Latest_5_0_10_5_1
N228,0,1,0,1,1,5,2,2,0,0,0,1,1,4,0,0,Psi_Site_Chen_MathFeature_Latest_5_0_10_5_1
N229,0,1,1,1,1,0,1,0,0,1,4,2,2,0,2,2,Psi_Site_Chen_MathFeature_Latest_5_0_10_5_1
N230,3,0,2,2,0,0,0,0,2,0,0,0,2,0,0,7,Psi_Site_Chen_MathFeature_Latest_5_0_10_5_1
N231,3,1,1,1,1,0,1,2,1,2,0,0,2,1,1,1,Psi_Site_Chen_MathFeature_Latest_5_0_10_5_1
N232,1,0,1,0,0,1,0,4,0,0,0,2,2,4,0,3,Psi_Site_Chen_MathFeature_Latest_5_0_10_5_1
N233,1,1,1,2,1,0,0,1,1,0,0,1,2,1,1,5,Psi_Site_Chen_MathFeature_Latest_5_0_10_5_1
N234,0,1,0,2,2,3,1,2,0,1,1,1,2,1,1,0,Psi_Site_Chen_MathFeature_Latest_5_0_10_5_1
N235,0,2,1,2,0,0,0,2,2,0,3,1,2,0,2,1,Psi_Site_Chen_MathFeature_Latest_5_0_10_5_1
N236,8,3,1,1,3,0,0,0,1,0,0,0,1,0,0,0,Psi_Site_Chen_MathFeature_Latest_5_0_10_5_1
N237,2,0,1,2,0,0,0,1,0,0,2,0,3,1,0,6,Psi_Site_Chen_MathFeature_Latest_5_0_10_5_1
N238,2,2,2,2,1,0,1,0,3,1,0,1,1,0,1,1,Psi_Site_Chen_MathFeature_Latest_5_0_10_5_1
N239,0,2,0,2,2,3,3,0,2,0,0,1,1,2,0,0,Psi_Site_Chen_MathFeature_Latest_5_0_10_5_1
N240,2,1,1,1,0,0,2,2,1,1,3,1,1,1,1,0,Psi_Site_Chen_MathFeature_Latest_5_0_10_5_1
N241,2,1,2,0,0,0,0,2,3,1,0,0,0,0,3,4,Psi_Site_Chen_MathFeature_Latest_5_0_10_5_1
N242,4,0,1,1,0,0,2,0,1,2,4,0,2,0,0,1,Psi_Site_Chen_MathFeature_Latest_5_0_10_5_1
N243,1,1,1,2,1,1,0,2,1,1,0,1,1,1,3,1,Psi_Site_Chen_MathFeature_Latest_5_0_10_5_1
N244,1,1,2,1,0,0,2,2,1,1,0,3,1,2,1,0,Psi_Site_Chen_MathFeature_Latest_5_0_10_5_1
N245,1,0,0,3,2,1,0,0,1,1,1,2,0,2,3,1,Psi_Site_Chen_MathFeature_Latest_5_0_10_5_1
N246,0,0,0,3,0,0,3,0,1,1,2,2,1,1,1,3,Psi_Site_Chen_MathFeature_Latest_5_0_10_5_1
N247,0,0,2,3,1,1,2,0,1,3,0,1,3,1,0,0,Psi_Site_Chen_MathFeature_Latest_5_0_10_5_1
N248,0,0,3,2,0,0,0,0,4,0,4,1,1,0,2,1,Psi_Site_Chen_MathFeature_Latest_5_0_10_5_1
N249,3,0,1,1,0,0,2,1,1,1,1,2,0,1,2,2,Psi_Site_Chen_MathFeature_Latest_5_0_10_5_1
N250,1,4,0,0,3,0,1,3,0,1,0,0,0,2,0,3,Psi_Site_Chen_MathFeature_Latest_5_0_10_5_1
N251,2,2,3,1,0,1,1,0,3,0,2,1,2,0,0,0,Psi_Site_Chen_MathFeature_Latest_5_0_10_5_1
N252,8,2,1,1,3,1,0,0,1,0,0,0,0,1,0,0,Psi_Site_Chen_MathFeature_Latest_5_0_10_5_1
N253,0,0,1,2,0,0,1,0,2,2,1,2,0,1,4,2,Psi_Site_Chen_MathFeature_Latest_5_0_10_5_1
N254,1,0,4,1,1,0,0,1,3,1,0,2,0,1,3,0,Psi_Site_Chen_MathFeature_Latest_5_0_10_5_1
N255,3,1,0,2,1,0,1,1,0,0,1,2,1,1,2,2,Psi_Site_Chen_MathFeature_Latest_5_0_10_5_1
N256,3,0,2,0,2,3,1,1,0,2,1,1,0,1,1,0,Psi_Site_Chen_MathFeature_Latest_5_0_10_5_1
N257,1,1,1,1,1,1,0,4,0,1,0,1,2,1,1,2,Psi_Site_Chen_MathFeature_Latest_5_0_10_5_1
N258,0,0,0,1,0,0,2,3,1,3,3,0,0,3,1,1,Psi_Site_Chen_MathFeature_Latest_5_0_10_5_1
N259,4,0,2,1,0,0,1,0,3,1,2,1,1,1,1,0,Psi_Site_Chen_MathFeature_Latest_5_0_10_5_1
N260,3,0,1,0,0,0,0,0,0,0,3,3,2,0,3,3,Psi_Site_Chen_MathFeature_Latest_5_0_10_5_1
N261,4,0,2,0,1,0,1,1,0,0,1,2,1,2,1,2,Psi_Site_Chen_MathFeature_Latest_5_0_10_5_1
N262,2,0,4,0,0,0,1,0,3,1,3,1,1,1,1,0,Psi_Site_Chen_MathFeature_Latest_5_0_10_5_1
N263,1,0,1,2,1,4,1,2,0,2,0,1,1,2,0,0,Psi_Site_Chen_MathFeature_Latest_5_0_10_5_1
N264,1,0,0,4,2,0,0,3,0,1,0,0,3,4,0,0,Psi_Site_Chen_MathFeature_Latest_5_0_10_5_1
N265,1,2,1,0,2,5,0,2,1,1,1,0,0,1,0,1,Psi_Site_Chen_MathFeature_Latest_5_0_10_5_1
N266,1,1,0,1,1,2,4,1,0,3,0,1,1,0,1,1,Psi_Site_Chen_MathFeature_Latest_5_0_10_5_1
N267,3,1,2,1,1,1,2,0,2,1,1,0,1,1,0,1,Psi_Site_Chen_MathFeature_Latest_5_0_10_5_1
N268,1,0,6,1,1,0,0,0,2,1,0,2,2,0,0,2,Psi_Site_Chen_MathFeature_Latest_5_0_10_5_1
N269,0,1,1,2,3,1,1,0,1,2,0,1,1,2,1,1,Psi_Site_Chen_MathFeature_Latest_5_0_10_5_1
N270,1,1,1,1,2,0,1,2,0,2,2,1,0,2,2,0,Psi_Site_Chen_MathFeature_Latest_5_0_10_5_1
N271,5,0,1,2,0,0,0,0,0,0,0,3,1,0,2,4,Psi_Site_Chen_MathFeature_Latest_5_0_10_5_1
N272,3,2,1,1,1,0,0,2,1,0,2,1,1,1,2,0,Psi_Site_Chen_MathFeature_Latest_5_0_10_5_1
N273,1,0,1,2,2,3,0,0,1,2,1,1,1,0,1,2,Psi_Site_Chen_MathFeature_Latest_5_0_10_5_1
N274,0,2,0,2,1,3,1,1,1,0,0,1,2,2,1,1,Psi_Site_Chen_MathFeature_Latest_5_0_10_5_1
N275,0,1,1,1,1,1,3,1,2,3,2,0,1,1,0,0,Psi_Site_Chen_MathFeature_Latest_5_0_10_5_1
N276,5,2,0,2,0,0,0,1,0,0,0,1,2,1,1,3,Psi_Site_Chen_MathFeature_Latest_5_0_10_5_1
N277,0,2,0,1,0,1,2,3,2,1,1,0,0,2,1,2,Psi_Site_Chen_MathFeature_Latest_5_0_10_5_1
N278,2,1,1,3,1,2,1,0,0,0,1,2,2,2,0,0,Psi_Site_Chen_MathFeature_Latest_5_0_10_5_1
N279,2,1,0,3,2,2,0,2,0,0,0,0,2,2,0,2,Psi_Site_Chen_MathFeature_Latest_5_0_10_5_1
N280,0,1,4,2,3,1,0,0,3,0,1,0,0,1,1,1,Psi_Site_Chen_MathFeature_Latest_5_0_10_5_1
N281,0,0,1,1,0,1,3,1,1,1,1,2,1,2,1,2,Psi_Site_Chen_MathFeature_Latest_5_0_10_5_1
N282,0,0,1,0,0,0,0,2,1,1,1,2,1,2,3,4,Psi_Site_Chen_MathFeature_Latest_5_0_10_5_1
N283,2,0,2,2,0,1,2,0,3,1,0,0,2,1,1,1,Psi_Site_Chen_MathFeature_Latest_5_0_10_5_1
N284,4,0,2,1,0,0,0,1,0,0,0,3,4,1,1,1,Psi_Site_Chen_MathFeature_Latest_5_0_10_5_1
N285,0,0,1,2,1,6,0,2,0,1,0,0,1,3,0,1,Psi_Site_Chen_MathFeature_Latest_5_0_10_5_1
N286,2,0,3,1,2,0,0,0,1,2,1,2,1,0,2,1,Psi_Site_Chen_MathFeature_Latest_5_0_10_5_1
N287,1,1,2,1,0,0,0,3,2,0,1,0,2,2,1,2,Psi_Site_Chen_MathFeature_Latest_5_0_10_5_1
N288,2,0,1,0,0,0,1,0,0,1,2,3,1,0,3,4,Psi_Site_Chen_MathFeature_Latest_5_0_10_5_1
N289,0,0,1,2,1,1,1,2,0,0,1,2,1,3,1,2,Psi_Site_Chen_MathFeature_Latest_5_0_10_5_1
N290,2,1,1,0,2,2,1,2,0,3,0,1,0,2,1,0,Psi_Site_Chen_MathFeature_Latest_5_0_10_5_1
N291,1,0,2,2,2,0,1,1,1,1,0,3,1,1,2,0,Psi_Site_Chen_MathFeature_Latest_5_0_10_5_1
N292,0,0,0,0,0,5,0,4,0,0,0,0,0,4,0,5,Psi_Site_Chen_MathFeature_Latest_5_0_10_5_1
N293,1,1,1,1,0,0,2,1,1,1,1,1,3,0,0,4,Psi_Site_Chen_MathFeature_Latest_5_0_10_5_1
N294,5,0,6,0,0,0,0,0,4,0,1,1,1,0,0,0,Psi_Site_Chen_MathFeature_Latest_5_0_10_5_1
N295,2,2,2,0,1,0,1,1,1,0,2,2,1,1,2,0,Psi_Site_Chen_MathFeature_Latest_5_0_10_5_1
N296,4,1,1,1,2,1,0,0,1,0,1,1,0,1,1,3,Psi_Site_Chen_MathFeature_Latest_5_0_10_5_1
N297,3,0,2,3,3,0,0,1,1,1,0,0,2,1,0,1,Psi_Site_Chen_MathFeature_Latest_5_0_10_5_1
N298,2,1,0,2,0,1,2,1,1,1,0,1,2,1,1,2,Psi_Site_Chen_MathFeature_Latest_5_0_10_5_1
N299,0,2,1,1,2,0,1,0,0,1,2,3,1,1,1,2,Psi_Site_Chen_MathFeature_Latest_5_0_10_5_1
N300,3,1,0,0,1,0,0,2,0,1,3,1,2,1,0,3,Psi_Site_Chen_MathFeature_Latest_5_0_10_5_1
N301,1,0,2,1,0,0,0,0,2,0,5,3,1,1,2,0,Psi_Site_Chen_MathFeature_Latest_5_0_10_5_1
N302,1,0,3,0,2,2,0,1,0,2,1,2,0,0,3,1,Psi_Site_Chen_MathFeature_Latest_5_0_10_5_1
N303,1,0,1,2,1,0,0,1,0,0,1,3,1,2,2,3,Psi_Site_Chen_MathFeature_Latest_5_0_10_5_1
N304,0,1,1,1,0,1,0,1,0,1,6,1,2,0,1,2,Psi_Site_Chen_MathFeature_Latest_5_0_10_5_1
N305,6,1,1,2,0,1,0,1,1,0,1,1,2,1,0,0,Psi_Site_Chen_MathFeature_Latest_5_0_10_5_1
N306,0,1,0,0,0,0,1,3,0,0,0,1,1,2,0,9,Psi_Site_Chen_MathFeature_Latest_5_0_10_5_1
N307,0,0,2,1,0,0,2,1,2,1,0,3,2,1,1,2,Psi_Site_Chen_MathFeature_Latest_5_0_10_5_1
N308,0,2,1,1,1,2,1,0,1,0,1,3,0,0,3,2,Psi_Site_Chen_MathFeature_Latest_5_0_10_5_1
N309,1,2,0,2,2,2,0,2,1,1,0,0,1,2,1,1,Psi_Site_Chen_MathFeature_Latest_5_0_10_5_1
N310,3,0,1,2,0,0,0,1,0,0,0,2,4,0,1,4,Psi_Site_Chen_MathFeature_Latest_5_0_10_5_1
N311,0,1,3,0,1,2,1,2,1,2,2,1,1,0,0,1,Psi_Site_Chen_MathFeature_Latest_5_0_10_5_1
N312,4,4,1,0,2,2,0,2,0,0,0,0,2,1,0,0,Psi_Site_Chen_MathFeature_Latest_5_0_10_5_1
N313,4,1,0,1,0,1,0,2,1,2,2,1,1,0,2,0,Psi_Site_Chen_MathFeature_Latest_5_0_10_5_1
N314,2,2,1,1,1,0,1,1,0,1,2,2,2,1,1,0,Psi_Site_Chen_MathFeature_Latest_5_0_10_5_1
N315,4,0,0,2,1,0,0,2,0,2,1,1,0,1,2,2,Psi_Site_Chen_MathFeature_Latest_5_0_10_5_1
N316,3,0,3,1,1,0,0,0,2,1,1,2,2,0,0,2,Psi_Site_Chen_MathFeature_Latest_5_0_10_5_1
N317,0,0,1,3,1,0,0,0,0,1,1,1,2,0,3,5,Psi_Site_Chen_MathFeature_Latest_5_0_10_5_1
N318,3,0,3,1,2,1,1,1,2,2,1,0,0,0,1,0,Psi_Site_Chen_MathFeature_Latest_5_0_10_5_1
N319,1,3,1,1,2,1,2,0,1,2,0,0,2,0,0,2,Psi_Site_Chen_MathFeature_Latest_5_0_10_5_1
N320,2,3,1,1,2,0,3,0,3,0,0,0,0,1,0,2,Psi_Site_Chen_MathFeature_Latest_5_0_10_5_1
N321,5,2,1,3,1,0,0,1,0,0,1,0,3,0,0,1,Psi_Site_Chen_MathFeature_Latest_5_0_10_5_1
N322,4,2,0,1,0,1,0,2,0,0,0,2,3,1,1,1,Psi_Site_Chen_MathFeature_Latest_5_0_10_5_1
N323,1,0,2,2,0,1,1,2,2,0,0,0,2,2,1,2,Psi_Site_Chen_MathFeature_Latest_5_0_10_5_1
N324,5,0,1,3,2,1,0,1,0,1,0,0,1,3,0,0,Psi_Site_Chen_MathFeature_Latest_5_0_10_5_1
N325,3,2,1,1,1,0,0,3,3,0,0,0,0,2,1,1,Psi_Site_Chen_MathFeature_Latest_5_0_10_5_1
N326,2,2,1,1,3,3,0,1,1,1,0,0,1,2,0,0,Psi_Site_Chen_MathFeature_Latest_5_0_10_5_1
N327,0,0,1,0,0,0,2,1,0,0,1,3,1,4,0,5,Psi_Site_Chen_MathFeature_Latest_5_0_10_5_1
N328,1,0,3,0,0,0,1,0,2,0,1,4,1,2,1,2,Psi_Site_Chen_MathFeature_Latest_5_0_10_5_1
N329,0,0,0,3,1,0,0,2,0,0,2,2,2,2,2,2,Psi_Site_Chen_MathFeature_Latest_5_0_10_5_1
N330,0,1,0,1,0,2,0,2,1,0,0,2,1,2,2,4,Psi_Site_Chen_MathFeature_Latest_5_0_10_5_1
N331,2,2,1,1,1,1,0,4,0,1,0,0,2,1,0,2,Psi_Site_Chen_MathFeature_Latest_5_0_10_5_1
N332,0,2,1,1,0,0,1,1,2,0,0,3,1,2,3,1,Psi_Site_Chen_MathFeature_Latest_5_0_10_5_1
N333,1,0,2,4,0,0,0,0,4,0,1,1,2,0,3,0,Psi_Site_Chen_MathFeature_Latest_5_0_10_5_1
N334,6,0,1,3,0,0,0,0,0,0,0,0,4,0,0,4,Psi_Site_Chen_MathFeature_Latest_5_0_10_5_1
N335,0,0,3,1,1,0,1,0,3,1,2,1,1,1,2,1,Psi_Site_Chen_MathFeature_Latest_5_0_10_5_1
N336,2,1,1,2,0,0,0,2,1,1,1,1,1,1,2,2,Psi_Site_Chen_MathFeature_Latest_5_0_10_5_1
N337,2,1,0,2,3,1,1,0,1,1,0,1,0,1,3,1,Psi_Site_Chen_MathFeature_Latest_5_0_10_5_1
N338,0,1,1,1,1,1,1,2,1,1,0,0,1,3,0,4,Psi_Site_Chen_MathFeature_Latest_5_0_10_5_1
N339,0,0,1,2,4,3,1,0,0,3,2,0,0,2,0,0,Psi_Site_Chen_MathFeature_Latest_5_0_10_5_1
N340,2,1,2,2,1,0,0,1,2,0,1,1,2,2,0,1,Psi_Site_Chen_MathFeature_Latest_5_0_10_5_1
N341,2,2,1,2,1,1,0,1,3,0,0,0,3,0,1,1,Psi_Site_Chen_MathFeature_Latest_5_0_10_5_1
N342,2,1,2,1,1,2,0,1,1,0,0,1,2,2,0,2,Psi_Site_Chen_MathFeature_Latest_5_0_10_5_1
N343,2,3,1,1,1,1,2,0,2,0,2,1,2,0,0,0,Psi_Site_Chen_MathFeature_Latest_5_0_10_5_1
N344,4,1,2,1,0,0,1,0,3,0,3,1,0,0,1,1,Psi_Site_Chen_MathFeature_Latest_5_0_10_5_1
N345,4,0,1,3,0,2,0,1,0,2,0,0,2,0,1,2,Psi_Site_Chen_MathFeature_Latest_5_0_10_5_1
N346,2,2,1,1,0,1,1,0,4,0,2,0,0,0,3,1,Psi_Site_Chen_MathFeature_Latest_5_0_10_5_1
N347,0,1,0,2,0,3,0,1,0,0,2,3,3,1,2,0,Psi_Site_Chen_MathFeature_Latest_5_0_10_5_1
N348,0,1,1,1,0,3,2,1,2,1,2,1,0,1,1,1,Psi_Site_Chen_MathFeature_Latest_5_0_10_5_1
N349,1,3,0,2,3,0,0,1,1,0,3,1,0,1,2,0,Psi_Site_Chen_MathFeature_Latest_5_0_10_5_1
N350,0,1,1,0,1,2,1,4,0,1,1,0,1,3,1,1,Psi_Site_Chen_MathFeature_Latest_5_0_10_5_1
N351,1,1,0,2,2,3,1,2,1,0,0,0,0,3,1,1,Psi_Site_Chen_MathFeature_Latest_5_0_10_5_1
N352,3,1,1,3,0,1,1,1,1,1,1,0,3,1,0,0,Psi_Site_Chen_MathFeature_Latest_5_0_10_5_1
N353,1,0,0,4,1,0,0,0,0,0,0,0,3,1,0,8,Psi_Site_Chen_MathFeature_Latest_5_0_10_5_1
N354,3,3,0,1,3,2,0,1,0,0,0,0,0,2,0,3,Psi_Site_Chen_MathFeature_Latest_5_0_10_5_1
N355,1,1,1,1,1,2,0,2,0,0,0,2,1,1,1,4,Psi_Site_Chen_MathFeature_Latest_5_0_10_5_1
N356,3,1,1,1,3,4,0,1,0,1,0,0,0,3,0,0,Psi_Site_Chen_MathFeature_Latest_5_0_10_5_1
N357,2,2,1,3,2,1,1,0,1,0,0,1,2,1,0,1,Psi_Site_Chen_MathFeature_Latest_5_0_10_5_1
N358,1,0,1,1,0,2,2,0,2,2,1,2,0,0,2,2,Psi_Site_Chen_MathFeature_Latest_5_0_10_5_1
N359,1,1,0,4,2,4,0,1,1,0,0,0,2,1,1,0,Psi_Site_Chen_MathFeature_Latest_5_0_10_5_1
N360,2,1,0,1,2,0,1,2,0,2,1,0,0,2,0,4,Psi_Site_Chen_MathFeature_Latest_5_0_10_5_1
N361,4,0,1,3,0,0,0,1,3,0,1,1,1,1,1,1,Psi_Site_Chen_MathFeature_Latest_5_0_10_5_1
N362,2,0,4,0,0,0,0,1,2,1,4,0,0,0,1,3,Psi_Site_Chen_MathFeature_Latest_5_0_10_5_1
N363,2,1,0,1,2,2,0,2,0,0,0,0,0,3,1,4,Psi_Site_Chen_MathFeature_Latest_5_0_10_5_1
N364,2,2,0,1,2,0,1,1,2,0,1,1,0,1,3,1,Psi_Site_Chen_MathFeature_Latest_5_0_10_5_1
N365,2,1,1,0,0,0,2,1,2,0,0,2,1,3,1,2,Psi_Site_Chen_MathFeature_Latest_5_0_10_5_1
N366,5,1,1,2,2,1,1,0,1,1,0,1,1,0,1,0,Psi_Site_Chen_MathFeature_Latest_5_0_10_5_1
N367,1,2,0,2,2,1,0,2,1,0,0,1,2,2,1,1,Psi_Site_Chen_MathFeature_Latest_5_0_10_5_1
N368,1,2,0,1,1,2,1,3,2,0,0,0,0,2,0,3,Psi_Site_Chen_MathFeature_Latest_5_0_10_5_1
N369,3,0,2,3,0,0,0,0,2,0,0,3,3,0,2,0,Psi_Site_Chen_MathFeature_Latest_5_0_10_5_1
N370,0,0,2,2,2,1,1,1,2,2,0,1,1,1,2,0,Psi_Site_Chen_MathFeature_Latest_5_0_10_5_1
N371,3,2,2,1,2,2,0,1,2,0,0,0,2,1,0,0,Psi_Site_Chen_MathFeature_Latest_5_0_10_5_1
N372,0,0,4,0,0,0,0,1,2,1,5,2,1,0,2,0,Psi_Site_Chen_MathFeature_Latest_5_0_10_5_1
N373,0,0,4,2,0,0,0,0,1,0,0,3,5,0,0,3,Psi_Site_Chen_MathFeature_Latest_5_0_10_5_1
N374,0,0,2,0,0,1,4,1,2,2,0,2,0,2,0,2,Psi_Site_Chen_MathFeature_Latest_5_0_10_5_1
N375,1,0,0,0,0,0,2,0,0,1,3,4,1,1,2,3,Psi_Site_Chen_MathFeature_Latest_5_0_10_5_1
N376,0,1,1,0,2,0,1,1,0,2,1,2,0,1,3,3,Psi_Site_Chen_MathFeature_Latest_5_0_10_5_1
N377,2,2,0,2,3,1,0,1,1,1,1,1,0,2,1,0,Psi_Site_Chen_MathFeature_Latest_5_0_10_5_1
N378,2,1,0,2,0,0,1,1,0,1,0,2,4,1,2,1,Psi_Site_Chen_MathFeature_Latest_5_0_10_5_1
N379,2,2,1,2,1,1,0,2,0,1,0,0,3,1,0,2,Psi_Site_Chen_MathFeature_Latest_5_0_10_5_1
N380,1,0,1,1,0,2,0,2,1,1,4,1,1,1,1,1,Psi_Site_Chen_MathFeature_Latest_5_0_10_5_1
N381,2,0,2,2,0,0,0,0,3,0,3,2,1,0,1,2,Psi_Site_Chen_MathFeature_Latest_5_0_10_5_1
N382,4,3,0,2,2,1,1,0,1,0,2,0,2,0,0,0,Psi_Site_Chen_MathFeature_Latest_5_0_10_5_1
N383,2,2,1,0,0,0,1,1,1,0,5,1,2,0,2,0,Psi_Site_Chen_MathFeature_Latest_5_0_10_5_1
N384,1,1,3,1,2,0,0,0,4,1,3,1,0,0,1,0,Psi_Site_Chen_MathFeature_Latest_5_0_10_5_1
N385,0,0,1,2,2,0,0,1,0,1,1,1,1,2,0,6,Psi_Site_Chen_MathFeature_Latest_5_0_10_5_1
N386,6,2,0,0,3,3,1,1,0,0,1,0,0,1,0,0,Psi_Site_Chen_MathFeature_Latest_5_0_10_5_1
N387,3,1,1,2,1,2,0,1,1,1,0,1,3,0,1,0,Psi_Site_Chen_MathFeature_Latest_5_0_10_5_1
N388,1,1,2,1,0,0,1,1,2,1,0,1,2,0,2,3,Psi_Site_Chen_MathFeature_Latest_5_0_10_5_1
N389,2,2,3,1,1,0,0,1,2,0,0,2,2,0,0,2,Psi_Site_Chen_MathFeature_Latest_5_0_10_5_1
N390,4,0,2,3,0,0,0,0,3,0,2,1,2,0,1,0,Psi_Site_Chen_MathFeature_Latest_5_0_10_5_1
N391,2,2,0,2,1,2,1,1,1,0,0,1,1,2,0,2,Psi_Site_Chen_MathFeature_Latest_5_0_10_5_1
N392,1,1,0,3,1,0,1,1,0,1,2,1,2,0,3,1,Psi_Site_Chen_MathFeature_Latest_5_0_10_5_1
N393,2,2,1,3,2,1,1,1,1,0,0,0,3,1,0,0,Psi_Site_Chen_MathFeature_Latest_5_0_10_5_1
N394,5,1,3,0,1,0,0,1,0,1,1,2,1,0,0,2,Psi_Site_Chen_MathFeature_Latest_5_0_10_5_1
N395,1,1,2,0,1,0,2,3,1,3,2,0,0,1,0,1,Psi_Site_Chen_MathFeature_Latest_5_0_10_5_1
N396,3,0,2,2,2,0,2,0,2,2,2,0,0,1,0,0,Psi_Site_Chen_MathFeature_Latest_5_0_10_5_1
N397,2,1,2,1,0,0,1,0,1,0,4,2,2,0,1,1,Psi_Site_Chen_MathFeature_Latest_5_0_10_5_1
N398,3,0,0,5,0,0,2,0,2,0,1,0,2,2,0,1,Psi_Site_Chen_MathFeature_Latest_5_0_10_5_1
N399,5,1,2,1,2,2,0,0,1,0,0,1,2,0,0,1,Psi_Site_Chen_MathFeature_Latest_5_0_10_5_1
N400,0,0,2,0,0,2,1,0,2,3,6,1,0,0,1,0,Psi_Site_Chen_MathFeature_Latest_5_0_10_5_1
N401,1,1,2,1,3,0,1,0,1,2,1,1,1,1,2,0,Psi_Site_Chen_MathFeature_Latest_5_0_10_5_1
N402,2,3,0,0,0,2,2,3,0,0,1,1,2,1,1,0,Psi_Site_Chen_MathFeature_Latest_5_0_10_5_1
N403,6,1,0,2,1,1,0,1,0,0,0,0,2,0,1,3,Psi_Site_Chen_MathFeature_Latest_5_0_10_5_1
N404,0,0,0,0,0,0,0,0,0,0,7,1,1,0,1,8,Psi_Site_Chen_MathFeature_Latest_5_0_10_5_1
N405,4,0,3,0,1,0,0,2,2,1,1,1,0,1,1,1,Psi_Site_Chen_MathFeature_Latest_5_0_10_5_1
N406,3,1,3,2,1,0,0,1,1,0,0,1,3,1,0,1,Psi_Site_Chen_MathFeature_Latest_5_0_10_5_1
N407,0,2,0,0,0,2,2,1,3,0,1,2,1,1,1,2,Psi_Site_Chen_MathFeature_Latest_5_0_10_5_1
N408,1,1,1,3,0,0,1,1,1,0,0,2,3,1,1,2,Psi_Site_Chen_MathFeature_Latest_5_0_10_5_1
N409,2,0,2,1,0,0,0,0,3,0,4,2,1,0,1,2,Psi_Site_Chen_MathFeature_Latest_5_0_10_5_1
N410,0,0,0,0,0,0,0,0,0,0,7,0,0,0,2,9,Psi_Site_Chen_MathFeature_Latest_5_0_10_5_1
N411,4,2,3,0,2,1,0,1,1,1,0,1,1,0,1,0,Psi_Site_Chen_MathFeature_Latest_5_0_10_5_1
N412,6,0,3,1,0,0,0,1,3,0,2,0,1,0,1,0,Psi_Site_Chen_MathFeature_Latest_5_0_10_5_1
N413,1,2,0,1,0,1,1,1,1,0,2,2,2,0,3,1,Psi_Site_Chen_MathFeature_Latest_5_0_10_5_1
N414,3,1,0,1,0,0,1,1,1,0,1,3,1,1,2,2,Psi_Site_Chen_MathFeature_Latest_5_0_10_5_1
N415,2,2,0,1,0,0,0,3,0,0,0,2,3,1,2,2,Psi_Site_Chen_MathFeature_Latest_5_0_10_5_1
N416,7,1,3,2,2,0,0,0,2,0,0,0,0,1,0,0,Psi_Site_Chen_MathFeature_Latest_5_0_10_5_1
N417,1,0,2,1,1,2,0,2,1,1,0,1,0,2,2,2,Psi_Site_Chen_MathFeature_Latest_5_0_10_5_1
N418,2,1,2,2,1,0,0,0,0,0,3,3,2,1,1,0,Psi_Site_Chen_MathFeature_Latest_5_0_10_5_1
N419,0,1,2,0,1,0,0,0,2,0,6,2,0,1,2,1,Psi_Site_Chen_MathFeature_Latest_5_0_10_5_1
N420,2,0,2,4,1,0,0,1,1,0,0,1,4,1,0,1,Psi_Site_Chen_MathFeature_Latest_5_0_10_5_1
N421,0,1,1,2,1,1,1,1,0,0,0,2,4,1,0,3,Psi_Site_Chen_MathFeature_Latest_5_0_10_5_1
N422,5,1,2,1,0,0,0,0,2,0,0,2,2,1,1,1,Psi_Site_Chen_MathFeature_Latest_5_0_10_5_1
N423,0,0,0,4,0,0,2,0,1,0,1,1,1,3,0,5,Psi_Site_Chen_MathFeature_Latest_5_0_10_5_1
N424,3,0,2,0,1,2,1,1,0,2,0,1,1,1,1,2,Psi_Site_Chen_MathFeature_Latest_5_0_10_5_1
N425,0,0,0,1,0,2,5,0,2,0,0,3,0,3,1,1,Psi_Site_Chen_MathFeature_Latest_5_0_10_5_1
N426,1,2,2,1,1,0,0,1,2,0,2,0,3,0,1,2,Psi_Site_Chen_MathFeature_Latest_5_0_10_5_1
N427,5,0,2,1,1,0,0,0,3,0,0,1,0,0,2,3,Psi_Site_Chen_MathFeature_Latest_5_0_10_5_1
N428,0,0,1,3,0,2,1,1,0,1,1,1,2,1,2,2,Psi_Site_Chen_MathFeature_Latest_5_0_10_5_1
N429,1,0,2,3,0,1,0,2,2,0,1,1,3,1,0,1,Psi_Site_Chen_MathFeature_Latest_5_0_10_5_1
N430,0,0,2,1,0,0,1,0,3,1,3,0,2,0,1,4,Psi_Site_Chen_MathFeature_Latest_5_0_10_5_1
N431,1,2,2,0,2,1,1,1,2,2,1,1,1,0,1,0,Psi_Site_Chen_MathFeature_Latest_5_0_10_5_1
N432,7,0,0,4,0,0,0,1,0,0,0,0,2,1,0,3,Psi_Site_Chen_MathFeature_Latest_5_0_10_5_1
N433,1,0,1,1,0,1,1,1,2,0,0,0,1,3,0,6,Psi_Site_Chen_MathFeature_Latest_5_0_10_5_1
N434,2,1,1,0,1,1,1,0,0,1,4,3,0,0,2,1,Psi_Site_Chen_MathFeature_Latest_5_0_10_5_1
N435,0,0,0,1,0,1,1,1,1,1,3,3,0,2,3,1,Psi_Site_Chen_MathFeature_Latest_5_0_10_5_1
N436,1,1,0,3,0,1,1,0,1,1,0,2,3,0,2,2,Psi_Site_Chen_MathFeature_Latest_5_0_10_5_1
N437,2,1,1,3,0,0,1,1,2,0,1,1,2,0,1,2,Psi_Site_Chen_MathFeature_Latest_5_0_10_5_1
N438,5,0,3,0,0,0,1,1,2,2,1,1,0,0,2,0,Psi_Site_Chen_MathFeature_Latest_5_0_10_5_1
N439,2,0,3,1,1,1,1,0,2,1,2,2,2,0,0,0,Psi_Site_Chen_MathFeature_Latest_5_0_10_5_1
N440,0,0,0,1,0,0,0,1,0,0,1,4,2,1,4,4,Psi_Site_Chen_MathFeature_Latest_5_0_10_5_1
N441,2,0,0,3,0,0,0,0,1,0,2,2,1,0,2,5,Psi_Site_Chen_MathFeature_Latest_5_0_10_5_1
N442,0,2,1,1,1,1,2,0,1,0,0,2,2,2,0,3,Psi_Site_Chen_MathFeature_Latest_5_0_10_5_1
N443,4,1,0,2,0,0,1,1,1,0,0,1,1,1,1,4,Psi_Site_Chen_MathFeature_Latest_5_0_10_5_1
N444,2,3,2,2,1,1,1,1,2,0,0,0,3,0,0,0,Psi_Site_Chen_MathFeature_Latest_5_0_10_5_1
N445,2,1,1,3,1,1,0,1,1,1,1,0,2,0,2,1,Psi_Site_Chen_MathFeature_Latest_5_0_10_5_1
N446,0,0,1,1,1,5,1,1,0,1,1,2,2,1,0,1,Psi_Site_Chen_MathFeature_Latest_5_0_10_5_1
N447,2,3,0,0,3,2,0,2,0,0,0,0,1,2,0,3,Psi_Site_Chen_MathFeature_Latest_5_0_10_5_1
N448,2,2,1,0,1,1,2,2,0,2,0,2,1,1,0,1,Psi_Site_Chen_MathFeature_Latest_5_0_10_5_1
N449,1,2,1,1,1,1,2,1,2,0,0,1,2,1,0,2,Psi_Site_Chen_MathFeature_Latest_5_0_10_5_1
N450,1,1,1,1,0,1,1,0,1,0,2,2,1,1,1,4,Psi_Site_Chen_MathFeature_Latest_5_0_10_5_1
N451,1,0,2,2,0,0,0,1,1,1,4,1,3,0,1,1,Psi_Site_Chen_MathFeature_Latest_5_0_10_5_1
N452,0,2,1,2,2,0,3,0,2,1,3,0,1,1,0,0,Psi_Site_Chen_MathFeature_Latest_5_0_10_5_1
N453,3,0,2,1,0,0,0,1,1,2,4,1,2,0,1,0,Psi_Site_Chen_MathFeature_Latest_5_0_10_5_1
N454,1,1,1,1,1,0,2,0,3,1,2,2,0,1,1,1,Psi_Site_Chen_MathFeature_Latest_5_0_10_5_1
N455,0,2,0,1,0,4,0,2,0,0,0,2,2,2,2,1,Psi_Site_Chen_MathFeature_Latest_5_0_10_5_1
N456,1,3,1,1,1,1,1,1,2,0,1,1,1,1,0,2,Psi_Site_Chen_MathFeature_Latest_5_0_10_5_1
N457,2,0,2,3,2,0,0,0,1,0,0,1,3,2,0,2,Psi_Site_Chen_MathFeature_Latest_5_0_10_5_1
N458,2,0,2,1,0,0,1,0,3,1,2,2,1,0,2,1,Psi_Site_Chen_MathFeature_Latest_5_0_10_5_1
N459,0,3,0,2,3,3,1,0,1,1,1,0,0,1,1,1,Psi_Site_Chen_MathFeature_Latest_5_0_10_5_1
N460,0,0,1,0,1,2,1,0,0,1,0,5,1,2,2,2,Psi_Site_Chen_MathFeature_Latest_5_0_10_5_1
N461,0,3,1,0,1,1,1,4,1,1,1,0,1,3,0,0,Psi_Site_Chen_MathFeature_Latest_5_0_10_5_1
N462,2,0,2,0,0,0,0,3,0,1,2,1,4,1,0,2,Psi_Site_Chen_MathFeature_Latest_5_0_10_5_1
N463,1,2,2,1,1,1,1,2,2,0,0,1,1,2,0,1,Psi_Site_Chen_MathFeature_Latest_5_0_10_5_1
N464,3,0,3,2,0,0,0,0,3,0,5,0,1,0,1,0,Psi_Site_Chen_MathFeature_Latest_5_0_10_5_1
N465,3,1,2,3,2,0,0,0,1,0,3,0,2,0,0,1,Psi_Site_Chen_MathFeature_Latest_5_0_10_5_1
N466,3,0,1,1,0,0,0,1,1,0,1,2,1,1,2,4,Psi_Site_Chen_MathFeature_Latest_5_0_10_5_1
N467,2,0,0,2,1,2,0,2,0,2,1,0,1,1,2,2,Psi_Site_Chen_MathFeature_Latest_5_0_10_5_1
N468,1,1,2,2,2,1,1,1,1,3,0,0,2,0,0,1,Psi_Site_Chen_MathFeature_Latest_5_0_10_5_1
N469,5,0,2,0,0,0,0,1,1,1,0,2,2,0,1,3,Psi_Site_Chen_MathFeature_Latest_5_0_10_5_1
N470,5,2,2,1,1,0,0,1,1,1,0,0,3,0,0,1,Psi_Site_Chen_MathFeature_Latest_5_0_10_5_1
N471,0,1,1,1,0,1,2,3,1,1,1,0,2,2,0,2,Psi_Site_Chen_MathFeature_Latest_5_0_10_5_1
N472,3,2,0,3,0,0,0,1,1,0,0,0,4,0,0,4,Psi_Site_Chen_MathFeature_Latest_5_0_10_5_1
