P1,3,3,0,3,1,0,2,2,1,2,0,3,3,3,0,0,1,0,2,1,2,1,1,1,3,2,3,3,1,0,2,Psi_Site_Chen_MathFeature_Latest_5_0_10_5_1
P2,1,3,2,3,3,1,0,2,0,0,0,1,0,3,0,0,0,0,1,3,2,2,2,1,2,3,1,3,1,3,0,Psi_Site_Chen_MathFeature_Latest_5_0_10_5_1
P3,3,3,3,1,0,2,3,0,2,2,2,2,0,0,3,0,2,3,0,3,0,1,0,3,2,2,2,0,0,3,1,Psi_Site_Chen_MathFeature_Latest_5_0_10_5_1
P4,0,1,3,0,1,0,1,0,0,0,3,2,0,0,0,0,1,0,0,0,2,2,3,3,1,3,1,0,2,0,0,Psi_Site_Chen_MathFeature_Latest_5_0_10_5_1
P5,3,3,1,3,0,0,3,0,3,3,2,2,3,0,0,0,1,2,3,3,1,1,0,0,1,3,2,2,1,0,0,Psi_Site_Chen_MathFeature_Latest_5_0_10_5_1
P6,2,2,2,3,2,1,2,1,0,3,3,0,0,1,2,0,3,2,0,3,2,1,0,3,2,2,1,2,2,2,3,Psi_Site_Chen_MathFeature_Latest_5_0_10_5_1
P7,2,1,3,2,3,0,3,3,3,3,2,1,2,3,0,0,1,2,2,0,0,1,0,3,0,3,3,0,2,2,1,Psi_Site_Chen_MathFeature_Latest_5_0_10_5_1
P8,3,2,1,2,2,3,2,1,0,0,1,3,2,2,0,0,0,3,2,2,1,0,0,1,2,2,1,1,2,1,2,Psi_Site_Chen_MathFeature_Latest_5_0_10_5_1
P9,2,3,0,2,1,0,0,3,3,2,0,2,2,0,3,0,0,3,0,1,2,0,0,3,2,3,2,1,1,3,1,Psi_Site_Chen_MathFeature_Latest_5_0_10_5_1
P10,3,2,2,2,2,2,0,3,2,3,1,2,3,0,0,0,2,2,3,3,1,2,2,3,2,1,2,0,1,2,1,Psi_Site_Chen_MathFeature_Latest_5_0_10_5_1
P11,3,3,2,2,2,1,1,3,3,3,1,3,0,2,0,0,3,2,3,1,1,1,0,1,3,0,3,1,0,1,3,Psi_Site_Chen_MathFeature_Latest_5_0_10_5_1
P12,3,2,1,3,0,1,1,0,0,2,1,1,0,0,3,0,0,1,2,1,1,1,2,2,3,2,1,0,0,1,0,Psi_Site_Chen_MathFeature_Latest_5_0_10_5_1
P13,3,1,0,1,0,2,0,3,2,0,3,0,1,1,0,0,0,0,1,0,2,1,1,2,0,2,0,1,3,0,1,Psi_Site_Chen_MathFeature_Latest_5_0_10_5_1
P14,3,3,2,3,1,0,3,1,1,1,2,2,1,0,2,0,2,2,1,0,1,0,0,1,3,1,0,0,2,1,0,Psi_Site_Chen_MathFeature_Latest_5_0_10_5_1
P15,3,3,0,0,0,0,2,2,2,3,0,2,0,0,1,0,0,0,2,1,2,0,0,3,2,3,0,0,0,1,3,Psi_Site_Chen_MathFeature_Latest_5_0_10_5_1
P16,3,3,2,3,0,2,1,2,1,0,1,2,0,0,3,0,2,2,2,3,3,2,2,2,2,1,1,2,0,3,2,Psi_Site_Chen_MathFeature_Latest_5_0_10_5_1
P17,0,2,1,3,3,3,1,3,0,3,0,3,3,0,1,0,2,3,0,3,3,0,2,0,3,2,0,0,1,0,1,Psi_Site_Chen_MathFeature_Latest_5_0_10_5_1
P18,0,3,3,0,2,0,3,2,0,0,1,0,1,3,1,0,0,0,3,3,3,1,3,2,1,0,0,1,1,0,3,Psi_Site_Chen_MathFeature_Latest_5_0_10_5_1
P19,1,2,3,3,2,2,3,2,1,2,2,2,3,1,2,0,3,1,3,2,3,2,3,3,1,1,1,0,3,3,3,Psi_Site_Chen_MathFeature_Latest_5_0_10_5_1
P20,1,3,2,3,2,3,3,1,1,1,0,3,3,3,0,0,1,2,2,0,0,1,1,1,2,3,1,0,1,3,1,Psi_Site_Chen_MathFeature_Latest_5_0_10_5_1
P21,0,1,3,2,0,1,3,0,1,3,0,3,2,1,2,0,1,2,1,2,2,0,0,3,0,0,3,2,1,3,2,Psi_Site_Chen_MathFeature_Latest_5_0_10_5_1
P22,2,2,0,2,2,0,0,0,2,0,2,1,3,0,2,0,2,1,0,2,1,2,0,1,3,2,3,2,1,1,2,Psi_Site_Chen_MathFeature_Latest_5_0_10_5_1
P23,0,2,1,0,1,2,2,1,0,3,1,2,2,0,3,0,2,3,0,3,3,0,0,0,2,1,1,3,2,2,1,Psi_Site_Chen_MathFeature_Latest_5_0_10_5_1
P24,0,2,0,0,2,2,2,2,2,1,1,2,3,0,0,0,1,2,3,3,1,1,2,3,0,3,0,1,0,0,3,Psi_Site_Chen_MathFeature_Latest_5_0_10_5_1
P25,0,2,0,2,2,2,0,0,0,0,0,2,1,3,1,0,2,1,2,1,2,1,3,0,1,2,0,1,3,2,1,Psi_Site_Chen_MathFeature_Latest_5_0_10_5_1
P26,2,2,2,2,2,0,3,1,2,2,0,1,0,3,2,0,2,1,1,1,2,2,3,2,3,3,1,2,2,2,1,Psi_Site_Chen_MathFeature_Latest_5_0_10_5_1
P27,0,0,1,0,0,0,1,1,2,2,2,2,3,0,2,0,0,3,2,2,2,2,2,2,0,3,1,2,2,0,1,Psi_Site_Chen_MathFeature_Latest_5_0_10_5_1
P28,3,0,0,2,3,2,1,3,0,0,0,1,2,3,1,0,0,1,1,2,2,2,2,1,2,3,2,2,3,2,2,Psi_Site_Chen_MathFeature_Latest_5_0_10_5_1
P29,3,0,1,0,2,2,3,3,1,3,1,1,0,3,2,0,0,1,2,2,3,2,2,2,0,2,0,1,0,0,3,Psi_Site_Chen_MathFeature_Latest_5_0_10_5_1
P30,3,2,2,1,0,3,0,3,3,3,2,2,0,2,1,0,1,2,3,3,0,2,0,1,3,0,2,2,3,2,0,Psi_Site_Chen_MathFeature_Latest_5_0_10_5_1
P31,0,0,0,3,1,1,1,3,1,3,1,2,3,3,0,0,1,3,2,3,0,1,1,0,3,1,2,3,0,0,3,Psi_Site_Chen_MathFeature_Latest_5_0_10_5_1
P32,0,1,2,0,2,2,0,0,2,2,3,1,0,0,0,0,2,3,0,2,3,2,2,3,0,1,2,0,0,2,1,Psi_Site_Chen_MathFeature_Latest_5_0_10_5_1
P33,3,3,1,2,3,2,1,0,0,2,2,3,2,0,1,0,3,0,0,3,3,2,1,3,3,0,0,3,0,1,1,Psi_Site_Chen_MathFeature_Latest_5_0_10_5_1
P34,0,3,0,1,1,3,1,3,1,3,2,3,0,0,1,0,2,2,1,1,0,1,3,1,2,0,1,1,0,0,1,Psi_Site_Chen_MathFeature_Latest_5_0_10_5_1
P35,2,1,0,0,1,3,3,0,1,2,2,3,0,1,2,0,1,0,3,3,2,3,3,0,1,1,0,3,0,3,0,Psi_Site_Chen_MathFeature_Latest_5_0_10_5_1
P36,2,1,3,3,2,0,1,1,2,0,1,2,2,2,0,0,0,3,2,3,0,3,0,0,2,0,2,0,2,0,2,Psi_Site_Chen_MathFeature_Latest_5_0_10_5_1
P37,0,0,0,2,1,0,2,0,0,2,0,0,3,3,2,0,3,0,0,3,1,3,1,1,2,0,0,3,0,1,1,Psi_Site_Chen_MathFeature_Latest_5_0_10_5_1
P38,2,2,1,0,3,0,0,1,1,0,3,1,2,0,2,0,0,0,1,2,2,0,3,2,0,0,1,0,1,2,2,Psi_Site_Chen_MathFeature_Latest_5_0_10_5_1
P39,0,1,1,3,0,3,0,1,2,0,2,0,0,0,3,0,0,1,2,1,1,1,2,0,3,1,0,1,1,2,3,Psi_Site_Chen_MathFeature_Latest_5_0_10_5_1
P40,1,0,2,2,1,3,3,0,2,0,2,3,0,0,3,0,2,3,1,1,2,1,0,3,2,3,1,2,0,2,2,Psi_Site_Chen_MathFeature_Latest_5_0_10_5_1
P41,2,0,0,2,0,2,2,1,2,2,3,2,2,2,2,0,0,3,2,1,2,0,3,0,2,1,0,0,0,2,3,Psi_Site_Chen_MathFeature_Latest_5_0_10_5_1
P42,0,0,2,1,1,1,2,2,0,0,2,2,3,3,3,0,2,0,0,1,1,2,3,3,1,3,2,0,3,1,1,Psi_Site_Chen_MathFeature_Latest_5_0_10_5_1
P43,1,0,2,1,1,3,1,0,0,2,1,2,0,0,3,0,2,3,0,3,1,0,2,0,0,2,1,2,2,3,3,Psi_Site_Chen_MathFeature_Latest_5_0_10_5_1
P44,2,2,0,1,0,2,0,0,1,0,2,2,3,2,2,0,0,3,1,2,3,2,2,0,1,0,0,0,0,3,1,Psi_Site_Chen_MathFeature_Latest_5_0_10_5_1
P45,3,1,3,3,3,3,2,0,1,2,3,1,3,3,0,0,1,3,2,0,1,1,1,3,1,0,2,3,2,3,2,Psi_Site_Chen_MathFeature_Latest_5_0_10_5_1
P46,2,2,0,1,1,2,2,1,3,0,0,3,1,1,2,0,1,3,0,0,3,3,3,1,1,1,1,1,3,3,0,Psi_Site_Chen_MathFeature_Latest_5_0_10_5_1
P47,1,0,2,0,2,2,0,0,3,1,0,3,2,0,1,0,0,1,1,2,1,0,0,1,1,1,3,2,0,1,0,Psi_Site_Chen_MathFeature_Latest_5_0_10_5_1
P48,2,2,2,1,3,3,2,2,3,2,2,2,2,1,0,0,3,3,0,3,1,1,1,1,2,3,3,1,1,2,2,Psi_Site_Chen_MathFeature_Latest_5_0_10_5_1
P49,3,1,3,1,1,2,1,2,1,0,2,3,0,2,2,0,3,0,3,3,2,3,2,0,1,2,0,1,3,3,0,Psi_Site_Chen_MathFeature_Latest_5_0_10_5_1
P50,2,1,0,2,1,2,2,3,2,1,1,2,3,2,0,0,3,2,2,2,2,2,3,0,1,2,1,0,3,3,0,Psi_Site_Chen_MathFeature_Latest_5_0_10_5_1
P51,1,0,2,0,1,1,3,0,1,1,2,3,2,1,2,0,0,3,0,1,1,2,1,2,1,0,3,0,0,0,0,Psi_Site_Chen_MathFeature_Latest_5_0_10_5_1
P52,2,1,1,0,1,1,3,1,0,3,2,2,0,1,1,0,3,3,3,3,0,2,1,1,3,3,0,1,3,0,3,Psi_Site_Chen_MathFeature_Latest_5_0_10_5_1
P53,2,0,0,3,2,2,1,1,3,1,0,0,2,2,3,0,0,1,1,3,0,0,3,0,3,2,2,3,0,0,0,Psi_Site_Chen_MathFeature_Latest_5_0_10_5_1
P54,1,1,0,3,1,0,3,1,0,1,0,0,0,0,1,0,0,0,0,1,1,2,2,2,3,2,2,0,0,0,1,Psi_Site_Chen_MathFeature_Latest_5_0_10_5_1
P55,2,0,3,1,0,3,3,0,3,0,1,2,3,0,3,0,2,3,2,0,3,1,0,0,3,0,3,0,3,0,3,Psi_Site_Chen_MathFeature_Latest_5_0_10_5_1
P56,2,1,2,3,1,0,2,2,0,0,3,0,0,0,2,0,0,2,3,1,2,2,2,3,0,0,0,3,1,2,1,Psi_Site_Chen_MathFeature_Latest_5_0_10_5_1
P57,0,0,0,0,1,2,2,3,2,0,3,3,0,0,0,0,0,0,0,2,3,3,0,2,0,1,0,2,0,0,2,Psi_Site_Chen_MathFeature_Latest_5_0_10_5_1
P58,2,1,3,2,2,2,2,0,0,1,0,3,1,0,3,0,2,3,0,1,0,0,3,3,0,0,2,2,3,1,2,Psi_Site_Chen_MathFeature_Latest_5_0_10_5_1
P59,0,3,2,1,1,0,0,0,2,0,3,0,2,0,0,0,0,3,1,0,0,1,3,0,3,3,1,0,3,1,0,Psi_Site_Chen_MathFeature_Latest_5_0_10_5_1
P60,3,1,1,2,1,1,2,2,3,1,3,1,2,2,3,0,3,3,3,0,2,0,0,1,0,0,0,2,0,2,2,Psi_Site_Chen_MathFeature_Latest_5_0_10_5_1
P61,3,1,3,2,2,3,2,0,1,1,1,3,2,3,0,0,1,3,2,2,1,1,0,1,3,3,0,0,3,3,2,Psi_Site_Chen_MathFeature_Latest_5_0_10_5_1
P62,3,0,0,1,2,2,3,2,1,3,0,1,3,1,1,0,0,0,2,1,2,1,3,3,1,3,2,2,3,2,0,Psi_Site_Chen_MathFeature_Latest_5_0_10_5_1
P63,2,0,0,3,2,3,2,2,2,2,3,0,0,0,2,0,3,2,3,0,0,2,3,1,1,2,2,2,1,1,0,Psi_Site_Chen_MathFeature_Latest_5_0_10_5_1
P64,2,0,3,0,2,0,0,0,0,1,0,1,2,0,3,0,2,3,1,0,2,3,0,0,3,3,3,3,0,0,3,Psi_Site_Chen_MathFeature_Latest_5_0_10_5_1
P65,1,3,0,2,2,0,3,3,1,2,2,1,3,1,3,0,1,0,3,2,1,0,0,1,0,2,2,0,1,2,3,Psi_Site_Chen_MathFeature_Latest_5_0_10_5_1
P66,1,2,3,2,2,3,2,0,0,2,0,3,3,3,0,0,1,3,2,1,1,1,1,1,2,0,1,3,0,3,2,Psi_Site_Chen_MathFeature_Latest_5_0_10_5_1
P67,3,3,0,1,2,3,2,2,0,3,3,3,1,3,1,0,0,3,0,1,3,1,3,0,3,1,1,2,3,2,0,Psi_Site_Chen_MathFeature_Latest_5_0_10_5_1
P68,1,2,2,3,1,0,2,0,3,1,3,0,0,0,2,0,0,2,3,2,2,0,1,1,2,0,1,2,3,3,2,Psi_Site_Chen_MathFeature_Latest_5_0_10_5_1
P69,2,0,2,0,0,0,3,3,3,0,2,0,2,0,1,0,3,2,1,3,2,0,3,2,0,2,0,0,2,1,0,Psi_Site_Chen_MathFeature_Latest_5_0_10_5_1
P70,0,0,2,1,2,2,1,1,1,2,2,2,3,2,1,0,3,0,0,1,1,2,0,0,1,3,0,1,1,1,2,Psi_Site_Chen_MathFeature_Latest_5_0_10_5_1
P71,0,3,1,0,1,2,1,2,0,0,3,1,0,0,3,0,2,3,2,0,0,1,3,2,1,3,2,2,0,0,3,Psi_Site_Chen_MathFeature_Latest_5_0_10_5_1
P72,0,2,2,3,3,2,0,0,2,0,2,0,0,0,3,0,2,2,0,0,3,3,1,0,3,3,3,2,2,2,1,Psi_Site_Chen_MathFeature_Latest_5_0_10_5_1
P73,1,3,3,0,0,3,1,0,3,0,1,0,1,0,0,0,0,3,2,2,0,0,3,2,0,0,3,3,3,2,0,Psi_Site_Chen_MathFeature_Latest_5_0_10_5_1
P74,3,2,2,0,0,3,0,3,0,3,1,3,1,2,3,0,0,2,1,1,2,2,0,1,2,1,1,3,0,0,0,Psi_Site_Chen_MathFeature_Latest_5_0_10_5_1
P75,2,2,3,2,2,1,0,3,2,2,0,1,0,0,3,0,2,3,2,2,0,0,3,2,2,3,3,2,1,2,3,Psi_Site_Chen_MathFeature_Latest_5_0_10_5_1
P76,1,2,2,3,1,2,1,0,1,1,2,2,3,0,3,0,2,3,2,1,2,2,3,2,2,0,0,0,0,0,3,Psi_Site_Chen_MathFeature_Latest_5_0_10_5_1
P77,0,3,3,0,2,3,1,3,1,2,3,1,2,3,2,0,0,3,1,2,2,2,0,1,0,3,0,0,3,3,0,Psi_Site_Chen_MathFeature_Latest_5_0_10_5_1
P78,3,0,2,2,1,3,3,1,0,2,0,1,2,1,2,0,1,2,1,3,1,0,0,0,1,2,1,1,3,0,3,Psi_Site_Chen_MathFeature_Latest_5_0_10_5_1
P79,0,3,0,0,2,2,3,0,2,1,2,2,1,0,3,0,2,2,0,0,3,3,0,0,1,2,3,0,0,3,1,Psi_Site_Chen_MathFeature_Latest_5_0_10_5_1
P80,3,2,1,0,2,3,2,0,1,3,0,1,2,0,2,0,3,2,3,2,2,0,3,2,0,2,2,0,2,2,3,Psi_Site_Chen_MathFeature_Latest_5_0_10_5_1
P81,2,0,2,1,0,3,1,0,3,2,3,2,3,2,3,0,0,1,0,3,3,2,2,3,2,3,2,2,2,2,2,Psi_Site_Chen_MathFeature_Latest_5_0_10_5_1
P82,3,2,2,3,2,2,2,0,3,3,0,3,1,0,2,0,2,3,0,2,3,3,0,0,3,3,3,2,3,2,0,Psi_Site_Chen_MathFeature_Latest_5_0_10_5_1
P83,3,3,1,0,0,2,3,2,0,1,2,2,3,0,3,0,2,3,0,2,0,1,0,3,0,0,1,0,0,0,0,Psi_Site_Chen_MathFeature_Latest_5_0_10_5_1
P84,1,3,3,0,2,0,1,1,2,2,2,1,1,3,3,0,3,1,0,3,3,0,3,0,0,3,0,1,3,2,1,Psi_Site_Chen_MathFeature_Latest_5_0_10_5_1
P85,1,1,1,2,3,2,0,1,3,0,0,3,0,0,3,0,2,3,2,1,0,1,0,1,0,3,3,2,2,3,2,Psi_Site_Chen_MathFeature_Latest_5_0_10_5_1
P86,2,2,2,2,0,0,0,3,2,2,2,2,1,0,0,0,3,3,2,2,1,1,2,2,1,2,2,1,3,2,2,Psi_Site_Chen_MathFeature_Latest_5_0_10_5_1
P87,3,2,3,2,2,0,2,2,0,3,2,3,1,0,0,0,2,0,3,0,3,3,2,0,0,0,3,0,0,2,3,Psi_Site_Chen_MathFeature_Latest_5_0_10_5_1
P88,3,2,3,1,2,0,0,3,2,1,2,3,3,1,2,0,2,3,3,2,3,3,0,3,3,0,3,3,1,0,0,Psi_Site_Chen_MathFeature_Latest_5_0_10_5_1
P89,2,3,3,1,1,2,2,2,2,0,3,0,0,0,2,0,2,3,2,0,2,2,0,2,2,2,2,3,0,0,3,Psi_Site_Chen_MathFeature_Latest_5_0_10_5_1
P90,0,1,0,1,0,0,0,2,1,2,3,2,1,3,2,0,2,1,0,2,1,2,0,0,1,1,3,1,1,2,0,Psi_Site_Chen_MathFeature_Latest_5_0_10_5_1
P91,0,2,2,2,1,2,2,2,0,0,1,1,1,0,3,0,2,2,0,1,1,1,0,3,2,2,1,2,1,2,1,Psi_Site_Chen_MathFeature_Latest_5_0_10_5_1
P92,1,3,1,1,2,1,0,2,1,0,1,1,2,2,2,0,3,1,0,2,1,3,1,2,3,1,1,2,2,2,0,Psi_Site_Chen_MathFeature_Latest_5_0_10_5_1
P93,0,2,2,2,2,2,0,1,2,3,0,3,2,0,3,0,2,2,0,3,3,2,3,2,3,1,0,0,1,2,0,Psi_Site_Chen_MathFeature_Latest_5_0_10_5_1
P94,3,2,2,3,2,3,2,3,1,0,0,3,0,1,0,0,1,0,0,2,0,1,2,3,1,1,3,0,1,1,2,Psi_Site_Chen_MathFeature_Latest_5_0_10_5_1
P95,2,3,3,1,1,0,0,0,3,3,0,0,1,0,3,0,2,2,0,1,0,0,1,0,0,1,2,1,1,3,2,Psi_Site_Chen_MathFeature_Latest_5_0_10_5_1
P96,0,2,2,1,2,2,3,2,2,2,1,3,0,3,2,0,3,3,0,2,1,2,1,2,1,2,2,2,3,1,0,Psi_Site_Chen_MathFeature_Latest_5_0_10_5_1
P97,3,3,0,3,3,1,0,1,1,2,1,3,1,1,3,0,0,1,2,3,2,0,0,0,3,2,3,2,1,1,0,Psi_Site_Chen_MathFeature_Latest_5_0_10_5_1
P98,3,0,0,0,2,1,2,1,2,0,0,0,0,3,2,0,2,1,2,2,1,1,3,0,2,3,2,1,3,3,1,Psi_Site_Chen_MathFeature_Latest_5_0_10_5_1
P99,0,3,3,2,3,1,3,0,3,1,2,3,1,0,2,0,3,1,2,0,3,3,3,2,3,0,3,2,0,0,0,Psi_Site_Chen_MathFeature_Latest_5_0_10_5_1
P100,2,0,0,0,2,1,2,0,2,0,3,3,1,0,3,0,0,1,1,2,0,1,0,1,0,2,2,0,0,0,2,Psi_Site_Chen_MathFeature_Latest_5_0_10_5_1
P101,3,3,0,1,2,2,1,0,2,2,2,1,2,0,2,0,0,0,2,0,1,2,3,3,3,1,2,0,0,0,1,Psi_Site_Chen_MathFeature_Latest_5_0_10_5_1
P102,2,2,3,2,0,1,1,2,2,0,2,2,1,0,2,0,0,2,1,0,1,3,1,1,2,1,0,0,3,1,2,Psi_Site_Chen_MathFeature_Latest_5_0_10_5_1
P103,0,1,2,3,1,0,1,3,0,0,1,3,1,0,1,0,3,3,2,2,2,3,3,2,0,1,2,0,0,0,0,Psi_Site_Chen_MathFeature_Latest_5_0_10_5_1
P104,3,2,3,2,0,3,2,2,3,2,2,3,2,0,3,0,2,3,2,3,3,3,2,2,1,2,3,2,0,3,3,Psi_Site_Chen_MathFeature_Latest_5_0_10_5_1
P105,3,1,3,0,2,0,3,2,1,0,1,0,0,2,2,0,1,2,0,2,2,3,3,0,0,2,3,3,3,3,0,Psi_Site_Chen_MathFeature_Latest_5_0_10_5_1
P106,3,2,2,2,3,1,2,0,0,1,2,2,2,1,0,0,0,2,0,3,2,0,0,2,1,2,3,0,3,0,0,Psi_Site_Chen_MathFeature_Latest_5_0_10_5_1
P107,0,2,3,3,3,3,2,0,0,0,3,0,3,2,1,0,0,0,1,2,2,3,3,1,2,2,1,3,0,1,1,Psi_Site_Chen_MathFeature_Latest_5_0_10_5_1
P108,2,2,3,3,2,1,1,3,3,0,2,0,0,2,0,0,3,0,2,3,3,3,3,2,0,0,0,3,0,3,2,Psi_Site_Chen_MathFeature_Latest_5_0_10_5_1
P109,2,2,1,3,1,0,3,0,1,1,1,0,3,2,2,0,3,3,1,2,3,2,2,0,1,2,0,0,2,1,1,Psi_Site_Chen_MathFeature_Latest_5_0_10_5_1
P110,3,2,2,2,0,0,2,2,2,1,0,2,2,0,0,0,0,2,1,2,2,1,2,2,0,0,2,3,0,2,2,Psi_Site_Chen_MathFeature_Latest_5_0_10_5_1
P111,3,2,3,1,2,2,0,2,0,0,0,1,2,2,2,0,1,0,1,0,3,2,0,0,3,2,0,0,1,0,3,Psi_Site_Chen_MathFeature_Latest_5_0_10_5_1
P112,0,3,2,1,3,0,3,0,2,2,0,2,3,0,0,0,0,2,0,0,0,1,0,0,0,3,2,2,2,2,2,Psi_Site_Chen_MathFeature_Latest_5_0_10_5_1
P113,2,2,3,1,2,2,0,0,3,3,2,2,2,2,2,0,1,0,2,0,0,2,2,1,1,1,2,3,2,0,3,Psi_Site_Chen_MathFeature_Latest_5_0_10_5_1
P114,2,2,1,0,1,2,3,1,2,2,2,1,0,2,0,0,2,0,1,2,2,1,2,0,1,2,0,3,0,1,3,Psi_Site_Chen_MathFeature_Latest_5_0_10_5_1
P115,0,2,2,3,0,3,1,0,0,0,3,0,0,0,2,0,2,1,3,2,0,2,0,2,3,1,2,1,0,0,0,Psi_Site_Chen_MathFeature_Latest_5_0_10_5_1
P116,3,0,0,0,0,3,0,0,1,0,0,2,0,2,0,0,0,1,1,2,3,1,0,2,3,3,3,2,3,1,1,Psi_Site_Chen_MathFeature_Latest_5_0_10_5_1
P117,1,2,0,0,1,2,0,3,3,0,0,1,0,0,3,0,3,3,3,1,0,3,3,2,0,3,2,0,1,3,2,Psi_Site_Chen_MathFeature_Latest_5_0_10_5_1
P118,0,0,2,1,2,1,0,1,2,1,2,1,1,2,2,0,3,2,0,3,3,1,3,2,0,2,3,0,1,0,1,Psi_Site_Chen_MathFeature_Latest_5_0_10_5_1
P119,1,3,2,3,2,2,3,2,0,2,3,2,3,0,3,0,2,3,1,2,2,0,3,2,0,0,2,2,3,1,3,Psi_Site_Chen_MathFeature_Latest_5_0_10_5_1
P120,2,3,3,0,3,3,1,1,2,0,0,0,3,3,1,0,0,0,0,2,3,2,3,1,3,1,0,1,1,0,3,Psi_Site_Chen_MathFeature_Latest_5_0_10_5_1
P121,2,1,0,0,1,2,2,2,2,1,0,2,1,0,0,0,0,0,2,2,3,2,1,1,2,0,1,1,0,0,0,Psi_Site_Chen_MathFeature_Latest_5_0_10_5_1
P122,0,1,0,1,1,3,2,2,3,2,2,1,0,1,2,0,1,1,0,0,3,0,0,2,3,1,0,1,2,3,0,Psi_Site_Chen_MathFeature_Latest_5_0_10_5_1
P123,0,1,2,3,0,0,3,3,0,2,3,2,3,1,3,0,0,1,3,3,1,0,0,0,0,2,2,3,1,3,1,Psi_Site_Chen_MathFeature_Latest_5_0_10_5_1
P124,3,3,0,0,1,3,2,3,1,1,1,1,1,0,2,0,3,2,3,3,2,3,0,0,1,0,0,0,1,0,0,Psi_Site_Chen_MathFeature_Latest_5_0_10_5_1
P125,0,0,0,3,1,1,1,1,3,0,2,0,1,0,3,0,2,3,1,1,2,2,0,0,3,2,2,2,3,3,0,Psi_Site_Chen_MathFeature_Latest_5_0_10_5_1
P126,1,3,1,3,1,1,1,2,0,2,0,1,1,0,3,0,2,2,2,0,3,0,2,3,2,3,3,1,2,3,0,Psi_Site_Chen_MathFeature_Latest_5_0_10_5_1
P127,0,3,1,2,2,2,2,2,0,3,3,0,3,1,2,0,1,2,0,1,1,2,1,2,0,1,0,3,0,0,2,Psi_Site_Chen_MathFeature_Latest_5_0_10_5_1
P128,0,0,3,3,0,2,0,0,1,2,1,0,1,0,3,0,2,3,0,2,2,0,1,2,2,3,1,1,2,3,2,Psi_Site_Chen_MathFeature_Latest_5_0_10_5_1
P129,1,1,2,1,0,3,2,1,0,2,1,2,1,0,3,0,2,3,0,1,2,1,0,3,2,2,0,2,0,2,1,Psi_Site_Chen_MathFeature_Latest_5_0_10_5_1
P130,1,2,3,1,1,2,2,1,1,1,2,2,3,0,1,0,2,2,1,1,3,0,1,0,1,1,2,1,2,3,0,Psi_Site_Chen_MathFeature_Latest_5_0_10_5_1
P131,1,0,0,1,2,2,3,2,2,2,0,1,0,0,3,0,0,1,1,0,1,3,0,3,3,1,1,1,2,2,0,Psi_Site_Chen_MathFeature_Latest_5_0_10_5_1
P132,3,1,0,0,1,1,2,1,1,0,0,2,1,0,0,0,3,2,2,1,0,2,3,1,1,2,2,2,2,3,3,Psi_Site_Chen_MathFeature_Latest_5_0_10_5_1
P133,0,0,1,2,0,0,0,0,0,1,1,1,2,3,0,0,0,3,0,3,3,2,2,3,2,2,1,1,0,3,1,Psi_Site_Chen_MathFeature_Latest_5_0_10_5_1
P134,3,0,3,2,2,2,3,2,2,2,2,2,1,0,0,0,0,3,3,2,1,3,3,2,2,2,1,2,2,3,2,Psi_Site_Chen_MathFeature_Latest_5_0_10_5_1
P135,2,0,1,1,3,1,1,0,2,0,2,2,3,0,0,0,3,2,3,3,1,1,0,0,2,0,0,0,3,3,2,Psi_Site_Chen_MathFeature_Latest_5_0_10_5_1
P136,2,3,3,2,0,3,2,1,3,1,3,2,3,0,3,0,2,3,2,0,3,2,1,3,0,2,3,1,1,2,2,Psi_Site_Chen_MathFeature_Latest_5_0_10_5_1
P137,1,2,1,3,2,1,2,3,2,1,1,2,3,3,0,0,0,3,0,0,3,0,1,1,2,0,3,3,1,1,2,Psi_Site_Chen_MathFeature_Latest_5_0_10_5_1
P138,1,1,2,2,1,1,2,2,0,0,3,3,1,1,3,0,3,0,1,3,0,0,0,0,1,2,2,3,0,0,3,Psi_Site_Chen_MathFeature_Latest_5_0_10_5_1
P139,2,1,2,1,2,1,3,0,1,2,2,2,1,0,2,0,0,3,2,1,0,1,1,2,3,2,2,3,2,2,2,Psi_Site_Chen_MathFeature_Latest_5_0_10_5_1
P140,2,1,2,2,2,1,0,1,3,0,0,2,1,0,2,0,0,2,1,0,1,0,2,1,0,3,0,1,0,0,0,Psi_Site_Chen_MathFeature_Latest_5_0_10_5_1
P141,3,0,1,2,2,2,2,2,3,3,1,2,2,0,3,0,2,3,2,3,3,2,3,0,1,0,3,2,0,0,0,Psi_Site_Chen_MathFeature_Latest_5_0_10_5_1
P142,2,2,0,0,0,3,2,1,2,0,2,0,1,0,2,0,2,0,0,0,2,2,3,3,2,3,2,1,0,2,3,Psi_Site_Chen_MathFeature_Latest_5_0_10_5_1
P143,2,0,0,2,2,1,0,0,3,2,1,2,3,3,0,0,1,3,0,0,0,0,2,0,0,0,3,1,1,1,2,Psi_Site_Chen_MathFeature_Latest_5_0_10_5_1
P144,1,0,3,1,0,0,0,2,0,0,0,0,0,1,0,0,0,3,2,0,2,0,3,3,3,1,2,2,0,3,3,Psi_Site_Chen_MathFeature_Latest_5_0_10_5_1
P145,1,0,3,3,0,3,1,0,2,0,0,2,2,1,0,0,1,0,2,1,0,2,1,3,3,0,0,2,1,3,0,Psi_Site_Chen_MathFeature_Latest_5_0_10_5_1
P146,2,2,3,2,2,1,2,1,2,2,2,1,0,3,0,0,0,2,2,3,3,1,2,1,2,3,0,2,1,3,1,Psi_Site_Chen_MathFeature_Latest_5_0_10_5_1
P147,0,0,3,1,0,1,1,2,0,0,0,0,3,3,0,0,1,3,2,0,1,1,1,0,0,2,2,0,3,1,1,Psi_Site_Chen_MathFeature_Latest_5_0_10_5_1
P148,1,2,3,3,0,3,2,0,1,1,0,3,2,0,3,0,2,3,2,1,0,0,2,2,2,1,1,1,0,3,0,Psi_Site_Chen_MathFeature_Latest_5_0_10_5_1
P149,0,0,1,1,3,2,0,2,1,3,3,2,3,2,1,0,3,0,0,0,0,3,3,0,1,0,1,0,2,1,3,Psi_Site_Chen_MathFeature_Latest_5_0_10_5_1
P150,3,2,2,1,2,2,2,2,2,3,2,3,1,1,2,0,3,2,0,1,2,3,1,0,1,0,0,2,1,2,2,Psi_Site_Chen_MathFeature_Latest_5_0_10_5_1
P151,0,0,3,3,2,3,2,2,0,0,1,0,0,3,0,0,3,3,2,0,0,3,0,1,2,1,0,2,2,0,0,Psi_Site_Chen_MathFeature_Latest_5_0_10_5_1
P152,0,3,3,0,2,3,3,2,2,2,1,3,0,0,3,0,0,0,2,2,0,3,3,3,0,0,1,3,2,2,0,Psi_Site_Chen_MathFeature_Latest_5_0_10_5_1
P153,0,3,2,2,0,2,2,1,2,1,1,0,1,0,3,0,2,3,3,1,3,2,2,3,2,2,2,2,3,2,1,Psi_Site_Chen_MathFeature_Latest_5_0_10_5_1
P154,0,3,0,2,2,0,2,3,2,0,0,0,0,0,2,0,1,2,3,2,0,2,2,2,3,3,2,0,2,3,3,Psi_Site_Chen_MathFeature_Latest_5_0_10_5_1
P155,0,3,2,2,1,3,0,3,3,0,0,3,3,3,2,0,2,0,3,3,2,3,2,0,0,3,3,3,2,3,2,Psi_Site_Chen_MathFeature_Latest_5_0_10_5_1
P156,0,0,1,0,1,0,1,1,0,1,0,2,1,2,0,0,0,2,2,0,2,0,3,0,0,1,0,2,0,2,0,Psi_Site_Chen_MathFeature_Latest_5_0_10_5_1
P157,2,0,0,3,2,3,3,0,0,3,1,3,2,1,0,0,0,0,0,1,3,0,0,0,0,0,3,1,0,0,0,Psi_Site_Chen_MathFeature_Latest_5_0_10_5_1
P158,3,2,2,3,3,3,1,0,1,0,3,1,1,2,1,0,1,2,3,3,3,1,3,0,3,3,0,2,2,3,2,Psi_Site_Chen_MathFeature_Latest_5_0_10_5_1
P159,1,2,0,0,0,2,3,0,2,3,3,0,1,3,0,0,0,2,3,1,0,0,1,1,3,0,0,3,0,0,3,Psi_Site_Chen_MathFeature_Latest_5_0_10_5_1
P160,0,0,2,0,3,2,2,2,1,1,2,0,3,3,3,0,0,0,1,0,0,3,2,1,1,1,0,2,1,1,2,Psi_Site_Chen_MathFeature_Latest_5_0_10_5_1
P161,1,2,3,2,0,3,0,3,1,1,2,2,1,0,3,0,3,0,1,2,2,3,3,2,2,2,3,2,2,0,1,Psi_Site_Chen_MathFeature_Latest_5_0_10_5_1
P162,0,2,0,0,1,1,3,0,3,2,0,2,3,0,0,0,2,2,0,3,3,0,1,2,3,2,2,0,3,3,3,Psi_Site_Chen_MathFeature_Latest_5_0_10_5_1
P163,1,0,2,1,0,0,0,2,2,2,0,3,0,0,3,0,1,1,2,1,1,1,2,0,1,1,3,1,0,1,0,Psi_Site_Chen_MathFeature_Latest_5_0_10_5_1
P164,2,0,2,2,3,1,0,2,3,1,2,1,1,0,3,0,0,3,2,1,2,2,3,2,2,2,3,3,1,1,2,Psi_Site_Chen_MathFeature_Latest_5_0_10_5_1
P165,2,3,3,0,1,2,3,3,1,3,1,0,0,0,1,0,0,0,3,3,3,2,3,2,2,2,3,2,1,1,0,Psi_Site_Chen_MathFeature_Latest_5_0_10_5_1
P166,2,2,2,3,2,1,1,0,2,3,0,0,2,3,0,0,1,3,2,3,0,1,0,2,0,1,1,0,2,0,1,Psi_Site_Chen_MathFeature_Latest_5_0_10_5_1
P167,0,3,3,0,2,2,2,2,1,2,3,0,0,3,2,0,0,0,1,2,2,2,0,1,2,2,0,1,2,0,0,Psi_Site_Chen_MathFeature_Latest_5_0_10_5_1
P168,2,0,2,2,2,2,2,0,2,2,2,2,0,0,2,0,0,2,2,0,2,2,0,2,2,0,2,2,0,2,1,Psi_Site_Chen_MathFeature_Latest_5_0_10_5_1
P169,3,2,3,0,3,3,0,0,0,2,2,2,3,0,3,0,3,2,0,2,0,0,0,3,2,3,1,0,2,0,1,Psi_Site_Chen_MathFeature_Latest_5_0_10_5_1
P170,0,0,1,2,2,0,3,3,0,2,3,2,2,2,2,0,2,1,3,1,0,0,3,0,3,3,0,3,1,3,0,Psi_Site_Chen_MathFeature_Latest_5_0_10_5_1
P171,0,0,2,1,2,3,0,2,0,3,2,2,3,3,0,0,1,2,2,3,0,1,1,0,0,0,2,2,2,0,2,Psi_Site_Chen_MathFeature_Latest_5_0_10_5_1
P172,3,3,0,2,2,3,0,0,2,1,1,2,2,2,2,0,0,0,3,2,3,0,0,0,3,3,2,3,0,0,0,Psi_Site_Chen_MathFeature_Latest_5_0_10_5_1
P173,2,1,2,0,0,3,2,2,0,3,1,3,2,3,0,0,1,3,2,0,0,1,0,1,3,1,0,2,0,1,0,Psi_Site_Chen_MathFeature_Latest_5_0_10_5_1
P174,0,1,0,2,2,0,0,2,0,2,0,2,3,3,0,0,1,2,2,2,0,1,1,0,2,0,2,2,3,2,0,Psi_Site_Chen_MathFeature_Latest_5_0_10_5_1
P175,3,3,0,2,1,2,2,2,0,2,0,2,3,3,0,0,1,2,2,0,1,1,1,0,3,0,0,2,3,0,0,Psi_Site_Chen_MathFeature_Latest_5_0_10_5_1
P176,0,3,0,0,3,3,0,2,3,0,0,3,3,2,3,0,0,3,2,3,1,0,3,0,2,2,2,1,0,1,2,Psi_Site_Chen_MathFeature_Latest_5_0_10_5_1
P177,1,2,2,2,0,1,2,2,3,2,2,3,3,0,2,0,0,0,0,2,3,2,2,0,0,2,1,2,0,3,2,Psi_Site_Chen_MathFeature_Latest_5_0_10_5_1
P178,0,3,3,0,2,2,2,3,1,3,2,0,2,2,2,0,0,3,2,2,3,2,0,0,0,2,0,0,0,2,1,Psi_Site_Chen_MathFeature_Latest_5_0_10_5_1
P179,2,0,3,0,2,0,3,0,0,0,0,0,2,3,3,0,3,1,2,0,2,0,0,2,0,1,0,2,2,3,0,Psi_Site_Chen_MathFeature_Latest_5_0_10_5_1
P180,3,2,1,2,3,2,0,2,2,3,3,0,0,1,0,0,0,2,1,2,2,3,2,3,2,2,2,1,3,3,2,Psi_Site_Chen_MathFeature_Latest_5_0_10_5_1
P181,3,2,3,2,2,3,1,2,3,3,2,0,3,2,2,0,0,3,2,0,0,2,2,2,2,3,2,1,3,0,1,Psi_Site_Chen_MathFeature_Latest_5_0_10_5_1
P182,2,1,2,0,1,1,0,0,0,1,3,2,1,0,3,0,2,2,1,3,3,2,1,1,0,2,1,1,1,2,3,Psi_Site_Chen_MathFeature_Latest_5_0_10_5_1
P183,1,2,2,3,2,3,0,2,3,2,1,1,2,0,3,0,2,2,3,2,0,0,3,0,1,3,2,1,2,0,3,Psi_Site_Chen_MathFeature_Latest_5_0_10_5_1
P184,3,3,1,2,2,2,0,1,1,3,3,1,3,1,0,0,1,1,1,1,1,0,1,2,2,2,2,2,2,2,2,Psi_Site_Chen_MathFeature_Latest_5_0_10_5_1
P185,1,3,3,3,0,3,0,2,0,2,1,2,3,2,2,0,2,3,1,2,3,2,2,0,3,3,3,1,2,3,2,Psi_Site_Chen_MathFeature_Latest_5_0_10_5_1
P186,1,1,0,2,0,3,3,3,1,3,3,3,0,0,2,0,1,2,3,2,0,2,0,0,2,0,1,2,3,3,0,Psi_Site_Chen_MathFeature_Latest_5_0_10_5_1
P187,1,2,1,0,0,0,1,3,3,0,0,0,0,3,2,0,1,1,3,2,2,1,2,2,1,1,1,1,3,3,0,Psi_Site_Chen_MathFeature_Latest_5_0_10_5_1
P188,0,0,0,2,1,2,2,3,0,2,0,1,1,0,2,0,2,2,0,1,1,1,2,2,2,3,0,3,2,0,2,Psi_Site_Chen_MathFeature_Latest_5_0_10_5_1
P189,0,0,2,1,3,3,0,3,2,1,3,2,3,0,0,0,3,2,3,3,1,0,1,0,2,0,2,0,2,1,1,Psi_Site_Chen_MathFeature_Latest_5_0_10_5_1
P190,3,0,1,3,1,1,2,0,1,0,0,2,3,0,2,0,2,3,0,3,3,0,0,2,3,0,2,1,2,1,2,Psi_Site_Chen_MathFeature_Latest_5_0_10_5_1
P191,0,2,3,0,1,3,3,0,0,2,0,3,3,1,2,0,1,0,3,1,0,0,2,2,1,2,1,3,1,2,3,Psi_Site_Chen_MathFeature_Latest_5_0_10_5_1
P192,2,2,0,0,2,1,0,1,2,2,1,2,0,3,2,0,2,2,3,2,2,0,2,1,1,2,2,0,3,0,0,Psi_Site_Chen_MathFeature_Latest_5_0_10_5_1
P193,0,0,0,2,0,2,1,3,2,2,2,0,3,2,2,0,3,3,2,0,0,2,2,1,2,3,1,2,2,3,1,Psi_Site_Chen_MathFeature_Latest_5_0_10_5_1
P194,0,3,3,3,0,0,2,1,2,3,2,2,3,0,0,0,0,2,3,3,1,2,2,0,3,2,0,2,0,2,1,Psi_Site_Chen_MathFeature_Latest_5_0_10_5_1
P195,0,0,3,2,3,1,2,0,2,0,1,2,2,0,3,0,2,3,2,0,3,0,0,2,2,3,2,1,3,2,0,Psi_Site_Chen_MathFeature_Latest_5_0_10_5_1
P196,3,3,1,0,2,2,3,3,2,0,3,2,1,3,1,0,3,0,0,2,2,3,1,2,2,0,0,2,2,1,0,Psi_Site_Chen_MathFeature_Latest_5_0_10_5_1
P197,3,1,2,0,2,2,3,3,0,1,2,3,0,0,3,0,2,3,1,2,1,0,0,3,0,1,2,1,3,3,2,Psi_Site_Chen_MathFeature_Latest_5_0_10_5_1
P198,0,3,1,3,1,0,3,3,2,1,1,1,0,0,3,0,2,3,0,2,1,1,0,3,0,0,1,2,3,3,3,Psi_Site_Chen_MathFeature_Latest_5_0_10_5_1
P199,0,3,0,0,3,2,0,1,1,2,2,2,3,0,0,0,2,3,2,2,3,2,2,2,1,1,2,1,2,2,3,Psi_Site_Chen_MathFeature_Latest_5_0_10_5_1
P200,2,2,0,2,2,0,2,3,1,2,3,0,0,0,0,0,0,2,3,2,0,2,0,0,3,2,1,3,2,0,3,Psi_Site_Chen_MathFeature_Latest_5_0_10_5_1
P201,1,2,0,2,3,3,0,3,2,0,2,2,3,1,2,0,3,1,3,1,2,0,2,0,2,0,2,0,2,1,2,Psi_Site_Chen_MathFeature_Latest_5_0_10_5_1
P202,2,3,1,0,1,0,2,1,2,2,2,2,3,0,0,0,3,2,3,3,1,3,0,0,3,1,0,2,2,2,3,Psi_Site_Chen_MathFeature_Latest_5_0_10_5_1
P203,0,0,1,3,0,2,1,0,0,3,2,3,0,0,2,0,0,3,3,2,0,2,0,2,0,3,2,2,3,1,2,Psi_Site_Chen_MathFeature_Latest_5_0_10_5_1
P204,2,1,3,0,1,3,0,0,1,3,2,2,3,2,2,0,0,0,3,0,1,3,2,2,3,2,0,2,2,2,1,Psi_Site_Chen_MathFeature_Latest_5_0_10_5_1
P205,2,1,1,3,0,3,3,2,3,1,0,2,2,2,3,0,2,1,0,3,3,0,2,1,2,2,1,0,0,3,3,Psi_Site_Chen_MathFeature_Latest_5_0_10_5_1
P206,2,1,3,2,2,2,2,2,3,2,2,0,1,0,0,0,2,3,0,1,3,0,0,2,2,3,0,0,1,3,0,Psi_Site_Chen_MathFeature_Latest_5_0_10_5_1
P207,1,3,3,2,1,3,2,2,2,2,1,2,1,0,3,0,2,2,0,0,3,1,2,2,0,2,3,0,0,2,3,Psi_Site_Chen_MathFeature_Latest_5_0_10_5_1
P208,2,0,0,2,2,1,0,0,3,1,2,1,1,1,2,0,1,1,2,2,3,1,0,0,3,0,0,2,0,1,2,Psi_Site_Chen_MathFeature_Latest_5_0_10_5_1
P209,3,3,1,3,0,1,2,3,3,0,1,3,2,3,3,0,1,1,0,3,2,0,1,0,1,0,0,1,3,3,2,Psi_Site_Chen_MathFeature_Latest_5_0_10_5_1
P210,2,1,1,1,1,0,2,1,1,3,3,3,3,3,2,0,2,2,0,1,3,2,3,0,1,2,1,0,0,2,2,Psi_Site_Chen_MathFeature_Latest_5_0_10_5_1
P211,0,2,1,2,0,0,0,2,0,0,2,0,0,0,2,0,0,1,3,2,0,2,2,0,2,1,1,1,0,3,1,Psi_Site_Chen_MathFeature_Latest_5_0_10_5_1
P212,1,1,1,3,3,3,1,3,3,0,0,2,3,0,3,0,2,3,0,3,3,0,0,2,0,1,2,0,1,1,1,Psi_Site_Chen_MathFeature_Latest_5_0_10_5_1
P213,1,0,0,0,2,3,0,3,1,1,1,1,0,0,3,0,2,3,3,2,3,0,2,0,3,3,0,2,2,2,2,Psi_Site_Chen_MathFeature_Latest_5_0_10_5_1
P214,3,3,3,2,2,0,2,3,2,1,2,1,1,0,3,0,2,3,0,0,0,2,2,0,0,3,2,1,0,1,0,Psi_Site_Chen_MathFeature_Latest_5_0_10_5_1
P215,3,3,0,1,2,1,0,3,3,0,2,0,3,3,0,0,1,0,2,1,1,1,1,2,2,2,2,0,1,1,2,Psi_Site_Chen_MathFeature_Latest_5_0_10_5_1
P216,3,1,0,0,0,2,1,3,3,0,0,3,3,2,2,0,0,3,1,2,3,2,2,0,2,2,0,3,2,2,1,Psi_Site_Chen_MathFeature_Latest_5_0_10_5_1
P217,2,0,1,0,3,0,1,3,0,1,2,2,3,2,2,0,1,3,1,2,3,2,2,2,0,2,3,1,2,3,2,Psi_Site_Chen_MathFeature_Latest_5_0_10_5_1
P218,0,0,2,1,3,3,0,1,0,3,2,0,0,2,0,0,3,1,1,2,0,0,3,0,1,0,0,0,0,1,0,Psi_Site_Chen_MathFeature_Latest_5_0_10_5_1
P219,0,0,2,0,0,0,3,1,2,0,2,2,3,2,2,0,0,3,1,2,3,2,2,1,3,2,2,2,3,1,0,Psi_Site_Chen_MathFeature_Latest_5_0_10_5_1
P220,3,1,1,2,0,2,2,0,3,2,2,3,0,2,0,0,0,3,0,0,1,2,1,3,1,2,2,3,1,2,1,Psi_Site_Chen_MathFeature_Latest_5_0_10_5_1
P221,0,0,2,3,3,3,1,1,2,1,2,0,1,0,3,0,2,3,0,1,0,0,2,1,1,0,1,1,2,2,3,Psi_Site_Chen_MathFeature_Latest_5_0_10_5_1
P222,2,3,0,1,2,2,2,0,3,2,2,2,3,0,0,0,2,3,2,1,3,2,0,2,2,0,3,2,2,3,2,Psi_Site_Chen_MathFeature_Latest_5_0_10_5_1
P223,0,0,2,2,3,2,2,2,1,2,2,2,1,0,3,0,2,2,2,2,3,1,1,1,1,2,2,2,3,2,2,Psi_Site_Chen_MathFeature_Latest_5_0_10_5_1
P224,1,1,1,2,2,0,2,2,3,0,3,2,0,0,1,0,1,3,2,3,2,1,3,2,2,0,0,3,2,0,1,Psi_Site_Chen_MathFeature_Latest_5_0_10_5_1
P225,1,3,2,0,1,3,0,1,0,2,3,0,2,2,1,0,1,0,3,2,1,1,3,3,2,0,1,3,2,0,3,Psi_Site_Chen_MathFeature_Latest_5_0_10_5_1
P226,0,2,2,2,0,1,2,0,0,0,1,2,0,1,2,0,2,2,1,1,1,2,0,2,3,1,0,3,2,2,0,Psi_Site_Chen_MathFeature_Latest_5_0_10_5_1
P227,0,3,2,3,0,3,2,0,3,2,3,3,2,3,1,0,0,3,1,0,1,0,0,0,0,2,2,3,1,0,1,Psi_Site_Chen_MathFeature_Latest_5_0_10_5_1
P228,3,0,3,0,1,2,1,3,3,3,1,0,1,0,3,0,0,0,2,1,0,2,1,0,2,1,2,1,2,0,2,Psi_Site_Chen_MathFeature_Latest_5_0_10_5_1
P229,2,3,0,1,2,2,0,1,2,1,3,2,0,0,3,0,2,3,2,1,3,0,0,2,1,0,2,2,0,2,2,Psi_Site_Chen_MathFeature_Latest_5_0_10_5_1
P230,1,2,3,1,2,2,0,0,2,2,2,2,2,1,2,0,0,1,1,2,2,0,2,3,1,1,3,3,0,2,3,Psi_Site_Chen_MathFeature_Latest_5_0_10_5_1
P231,3,0,1,1,0,2,1,1,0,1,1,3,0,0,3,0,2,3,3,1,2,3,2,2,3,1,3,0,1,3,0,Psi_Site_Chen_MathFeature_Latest_5_0_10_5_1
P232,3,2,2,3,2,0,1,3,2,3,1,0,2,0,0,0,2,0,0,0,3,2,2,1,2,1,0,1,3,3,0,Psi_Site_Chen_MathFeature_Latest_5_0_10_5_1
P233,0,3,3,1,1,1,1,2,2,0,3,3,2,1,0,0,0,3,1,0,2,0,0,3,0,0,3,0,1,3,3,Psi_Site_Chen_MathFeature_Latest_5_0_10_5_1
P234,1,0,2,1,1,2,1,0,0,2,1,1,2,0,3,0,2,3,0,2,0,1,2,0,0,0,0,0,1,3,1,Psi_Site_Chen_MathFeature_Latest_5_0_10_5_1
P235,0,1,3,2,3,2,2,3,2,3,1,0,3,3,1,0,2,1,1,0,0,2,0,0,3,2,2,2,1,0,0,Psi_Site_Chen_MathFeature_Latest_5_0_10_5_1
P236,3,3,3,2,2,2,2,2,1,2,3,2,3,2,0,0,0,1,2,1,2,3,2,0,3,0,0,2,1,0,2,Psi_Site_Chen_MathFeature_Latest_5_0_10_5_1
P237,0,1,0,0,1,3,2,0,0,1,3,0,0,0,0,0,2,2,0,3,2,2,2,3,3,3,2,3,2,2,3,Psi_Site_Chen_MathFeature_Latest_5_0_10_5_1
P238,3,2,3,2,3,1,3,0,2,3,2,3,1,0,0,0,1,2,3,0,3,3,2,1,0,3,1,1,1,0,0,Psi_Site_Chen_MathFeature_Latest_5_0_10_5_1
P239,2,0,0,2,0,2,3,3,0,0,0,0,3,2,0,0,3,2,1,3,3,0,1,1,2,2,2,2,3,1,0,Psi_Site_Chen_MathFeature_Latest_5_0_10_5_1
P240,0,0,0,2,0,1,0,3,1,1,1,1,2,3,0,0,3,1,0,3,0,3,2,1,0,3,0,1,2,1,3,Psi_Site_Chen_MathFeature_Latest_5_0_10_5_1
P241,3,2,2,1,0,0,3,1,1,1,2,0,1,3,0,0,0,3,1,3,2,1,2,1,3,2,0,1,2,1,0,Psi_Site_Chen_MathFeature_Latest_5_0_10_5_1
P242,1,3,3,0,0,1,1,3,2,2,0,2,3,0,3,0,2,2,1,0,3,0,0,3,3,0,3,1,0,3,2,Psi_Site_Chen_MathFeature_Latest_5_0_10_5_1
P243,3,0,1,0,0,0,0,0,3,2,1,0,2,2,0,0,0,0,1,2,2,1,1,0,2,0,0,1,0,0,2,Psi_Site_Chen_MathFeature_Latest_5_0_10_5_1
P244,0,3,1,3,0,2,1,1,0,3,0,0,3,2,2,0,0,3,2,2,3,2,3,3,0,1,3,3,2,2,2,Psi_Site_Chen_MathFeature_Latest_5_0_10_5_1
P245,1,2,3,0,3,3,1,3,3,1,1,3,1,0,0,0,3,0,0,3,0,3,2,2,3,3,2,1,1,0,2,Psi_Site_Chen_MathFeature_Latest_5_0_10_5_1
P246,1,2,2,2,3,2,2,0,3,3,0,2,0,3,3,0,0,3,0,3,3,3,3,1,0,0,3,3,3,3,1,Psi_Site_Chen_MathFeature_Latest_5_0_10_5_1
P247,0,3,2,0,3,3,3,0,1,0,2,0,2,1,1,0,2,1,1,2,3,2,0,3,3,0,3,3,0,1,2,Psi_Site_Chen_MathFeature_Latest_5_0_10_5_1
P248,0,0,1,1,0,0,1,0,0,1,0,2,3,0,3,0,2,2,1,1,0,0,0,2,1,3,2,2,2,3,2,Psi_Site_Chen_MathFeature_Latest_5_0_10_5_1
P249,1,3,0,1,3,0,3,2,3,2,1,2,3,3,0,0,2,3,0,0,0,0,2,1,1,1,0,2,1,0,3,Psi_Site_Chen_MathFeature_Latest_5_0_10_5_1
P250,1,2,1,0,2,2,0,2,3,3,3,2,2,1,3,0,3,2,3,1,0,3,3,3,0,0,0,2,3,2,1,Psi_Site_Chen_MathFeature_Latest_5_0_10_5_1
P251,2,2,3,2,1,1,1,0,3,0,0,3,2,3,1,0,0,3,2,1,0,1,0,2,3,0,0,0,3,2,1,Psi_Site_Chen_MathFeature_Latest_5_0_10_5_1
P252,0,3,0,1,1,1,0,2,0,1,0,2,1,0,2,0,1,0,2,3,1,3,2,2,2,1,1,2,1,2,3,Psi_Site_Chen_MathFeature_Latest_5_0_10_5_1
P253,3,2,3,0,2,2,1,0,2,0,3,2,1,0,1,0,1,0,0,2,2,3,3,0,2,3,1,1,2,2,2,Psi_Site_Chen_MathFeature_Latest_5_0_10_5_1
P254,1,2,2,3,3,3,3,2,2,0,1,0,3,2,1,0,3,0,1,0,2,2,0,0,2,2,2,2,1,2,0,Psi_Site_Chen_MathFeature_Latest_5_0_10_5_1
P255,1,1,0,2,0,0,1,0,1,2,2,2,1,0,0,0,2,2,2,0,2,0,3,0,2,2,3,2,2,3,0,Psi_Site_Chen_MathFeature_Latest_5_0_10_5_1
P256,2,0,3,2,3,3,0,2,2,2,3,1,3,2,2,0,3,2,0,0,2,3,2,3,3,0,0,1,1,3,3,Psi_Site_Chen_MathFeature_Latest_5_0_10_5_1
P257,2,0,3,0,1,0,0,1,3,3,2,0,3,3,2,0,0,0,3,2,3,0,2,2,3,2,3,1,2,0,2,Psi_Site_Chen_MathFeature_Latest_5_0_10_5_1
P258,0,1,0,0,0,3,2,2,1,3,1,2,1,2,0,0,3,1,3,1,1,1,1,0,0,3,3,0,2,0,0,Psi_Site_Chen_MathFeature_Latest_5_0_10_5_1
P259,3,1,3,3,1,0,0,2,2,0,0,0,3,2,1,0,1,2,2,1,2,1,3,3,3,3,2,2,2,1,0,Psi_Site_Chen_MathFeature_Latest_5_0_10_5_1
P260,2,3,2,0,0,2,3,3,1,0,1,3,2,3,1,0,1,1,1,2,2,2,3,1,0,0,0,2,2,3,0,Psi_Site_Chen_MathFeature_Latest_5_0_10_5_1
P261,0,0,2,2,1,1,0,1,0,2,2,2,2,0,1,0,1,0,3,2,0,2,0,1,0,0,1,3,3,2,0,Psi_Site_Chen_MathFeature_Latest_5_0_10_5_1
P262,0,3,0,1,3,1,1,3,1,0,3,3,0,0,3,0,2,2,1,1,1,0,2,0,3,3,2,0,0,0,3,Psi_Site_Chen_MathFeature_Latest_5_0_10_5_1
P263,0,0,2,0,2,0,2,1,1,0,0,2,3,0,0,0,1,2,1,2,2,1,2,2,1,2,0,2,2,3,3,Psi_Site_Chen_MathFeature_Latest_5_0_10_5_1
P264,3,3,1,0,2,1,0,1,1,2,3,0,0,0,1,0,2,2,3,2,0,3,2,2,3,3,2,2,3,0,0,Psi_Site_Chen_MathFeature_Latest_5_0_10_5_1
P265,3,3,2,1,3,3,0,2,0,1,1,2,1,0,3,0,2,2,0,0,0,3,2,1,0,1,0,2,0,0,2,Psi_Site_Chen_MathFeature_Latest_5_0_10_5_1
P266,0,3,0,3,3,2,2,2,0,3,1,0,0,1,0,0,2,1,2,1,3,3,0,0,2,0,3,3,2,0,0,Psi_Site_Chen_MathFeature_Latest_5_0_10_5_1
P267,3,0,2,0,0,0,0,1,1,2,2,3,2,1,2,0,3,3,2,0,1,3,2,2,2,0,1,0,1,1,3,Psi_Site_Chen_MathFeature_Latest_5_0_10_5_1
P268,1,2,0,0,3,0,0,1,1,1,2,2,3,0,0,0,2,2,3,3,1,3,1,2,0,3,0,2,2,0,0,Psi_Site_Chen_MathFeature_Latest_5_0_10_5_1
P269,0,0,0,1,2,0,0,1,0,2,0,3,3,0,3,0,2,3,1,3,0,3,2,3,2,0,1,3,2,3,3,Psi_Site_Chen_MathFeature_Latest_5_0_10_5_1
P270,1,1,0,0,0,3,3,0,3,2,0,2,2,0,3,0,2,3,0,1,3,3,0,3,0,0,3,2,0,0,2,Psi_Site_Chen_MathFeature_Latest_5_0_10_5_1
P271,2,1,1,2,0,0,0,3,2,2,0,3,2,0,0,0,0,3,1,0,1,2,0,2,0,0,3,2,2,3,2,Psi_Site_Chen_MathFeature_Latest_5_0_10_5_1
P272,2,3,2,3,2,0,0,3,2,0,2,0,3,1,0,0,3,1,3,2,1,3,2,2,2,1,0,0,1,2,2,Psi_Site_Chen_MathFeature_Latest_5_0_10_5_1
P273,0,2,1,0,3,0,1,0,0,3,1,1,2,0,3,0,2,2,1,0,3,3,2,1,0,1,1,2,3,3,0,Psi_Site_Chen_MathFeature_Latest_5_0_10_5_1
P274,0,3,2,0,0,0,1,0,0,3,3,3,1,0,3,0,3,0,0,3,3,0,0,3,1,3,1,1,2,0,0,Psi_Site_Chen_MathFeature_Latest_5_0_10_5_1
P275,3,2,2,2,3,0,3,2,3,0,3,3,2,0,1,0,0,1,1,1,0,3,3,2,2,3,0,2,1,3,2,Psi_Site_Chen_MathFeature_Latest_5_0_10_5_1
P276,3,3,2,0,0,1,1,2,0,3,0,2,0,3,0,0,3,1,1,2,0,0,1,3,3,3,0,0,0,0,0,Psi_Site_Chen_MathFeature_Latest_5_0_10_5_1
P277,1,1,2,2,3,3,1,0,1,1,2,1,0,0,1,0,0,1,1,2,0,0,3,2,0,3,2,2,3,1,2,Psi_Site_Chen_MathFeature_Latest_5_0_10_5_1
P278,2,3,3,2,1,0,3,1,2,1,1,3,2,2,2,0,2,0,0,0,1,2,2,0,1,2,2,2,2,0,1,Psi_Site_Chen_MathFeature_Latest_5_0_10_5_1
P279,1,3,0,0,2,0,3,3,3,2,0,0,2,0,3,0,2,3,2,0,3,2,3,2,2,1,2,1,0,2,0,Psi_Site_Chen_MathFeature_Latest_5_0_10_5_1
P280,0,1,3,2,1,0,3,0,2,3,1,3,3,0,2,0,0,0,1,2,3,1,2,2,2,1,3,3,0,2,1,Psi_Site_Chen_MathFeature_Latest_5_0_10_5_1
P281,1,1,2,2,1,0,3,1,2,2,3,3,1,1,2,0,0,2,1,1,3,2,0,3,1,1,3,1,0,1,1,Psi_Site_Chen_MathFeature_Latest_5_0_10_5_1
P282,3,0,0,2,0,0,3,2,2,1,2,0,2,2,1,0,3,3,0,3,0,3,3,1,1,3,3,0,0,0,1,Psi_Site_Chen_MathFeature_Latest_5_0_10_5_1
P283,0,0,3,2,0,0,2,2,0,3,1,0,3,1,2,0,0,0,2,1,3,0,2,1,1,2,2,3,3,0,2,Psi_Site_Chen_MathFeature_Latest_5_0_10_5_1
P284,0,2,2,2,2,0,1,1,0,1,2,0,2,1,0,0,2,1,1,0,0,2,2,3,2,0,2,0,1,2,3,Psi_Site_Chen_MathFeature_Latest_5_0_10_5_1
P285,2,2,3,3,2,3,0,0,3,3,0,2,2,0,3,0,2,3,2,3,3,1,1,1,2,3,2,3,3,2,0,Psi_Site_Chen_MathFeature_Latest_5_0_10_5_1
P286,2,2,1,1,1,0,3,3,2,3,3,2,3,0,0,0,1,2,3,3,1,2,2,3,2,2,2,3,3,2,2,Psi_Site_Chen_MathFeature_Latest_5_0_10_5_1
P287,2,0,2,0,2,2,3,3,2,2,2,2,3,0,0,0,1,2,3,3,1,0,0,0,2,2,2,2,2,0,2,Psi_Site_Chen_MathFeature_Latest_5_0_10_5_1
P288,3,0,2,3,0,1,1,1,0,2,3,2,2,1,2,0,0,1,3,0,0,3,3,0,3,1,0,3,0,3,2,Psi_Site_Chen_MathFeature_Latest_5_0_10_5_1
P289,2,2,1,3,3,2,3,3,1,1,0,0,0,3,3,0,2,2,1,2,2,1,1,1,2,2,2,2,0,0,1,Psi_Site_Chen_MathFeature_Latest_5_0_10_5_1
P290,3,3,3,3,3,2,1,2,2,2,2,2,3,3,0,0,0,3,0,0,3,2,1,2,3,2,1,2,2,3,1,Psi_Site_Chen_MathFeature_Latest_5_0_10_5_1
P291,1,0,3,2,0,2,2,0,3,2,2,0,3,0,3,0,2,3,1,2,3,1,1,0,3,3,3,3,0,3,0,Psi_Site_Chen_MathFeature_Latest_5_0_10_5_1
P292,3,2,0,3,3,2,2,0,0,1,0,0,3,0,2,0,0,2,3,2,2,1,2,0,2,2,2,0,1,0,3,Psi_Site_Chen_MathFeature_Latest_5_0_10_5_1
P293,0,2,1,0,2,3,1,3,0,2,2,2,0,3,1,0,1,2,2,2,2,1,3,1,2,0,1,1,2,2,1,Psi_Site_Chen_MathFeature_Latest_5_0_10_5_1
P294,0,0,2,3,2,1,1,2,0,0,0,3,3,0,3,0,3,0,1,3,2,1,3,1,0,3,2,0,0,3,1,Psi_Site_Chen_MathFeature_Latest_5_0_10_5_1
P295,3,1,2,3,2,0,0,0,0,0,1,3,0,3,2,0,0,3,2,2,0,1,2,2,2,1,2,2,2,3,2,Psi_Site_Chen_MathFeature_Latest_5_0_10_5_1
P296,3,3,3,3,1,2,3,1,2,2,1,0,3,2,2,0,2,3,1,2,3,2,2,3,2,2,2,0,0,0,3,Psi_Site_Chen_MathFeature_Latest_5_0_10_5_1
P297,2,0,0,3,1,1,1,1,0,3,3,0,0,0,2,0,0,2,3,2,0,2,2,2,2,3,0,1,1,1,2,Psi_Site_Chen_MathFeature_Latest_5_0_10_5_1
P298,3,3,2,1,1,2,2,2,2,1,1,2,0,3,3,0,0,3,3,3,2,3,1,3,1,2,3,2,1,2,3,Psi_Site_Chen_MathFeature_Latest_5_0_10_5_1
P299,0,1,2,1,2,3,3,0,3,1,0,0,1,0,0,0,0,2,3,0,3,0,1,0,1,1,1,2,0,0,3,Psi_Site_Chen_MathFeature_Latest_5_0_10_5_1
P300,0,0,0,2,1,0,3,2,2,3,0,2,0,0,0,0,3,2,2,0,1,0,1,1,3,1,2,0,2,0,2,Psi_Site_Chen_MathFeature_Latest_5_0_10_5_1
P301,3,3,2,1,2,1,0,0,1,0,3,2,0,3,0,0,0,1,2,2,2,2,3,2,0,2,0,1,1,1,2,Psi_Site_Chen_MathFeature_Latest_5_0_10_5_1
P302,1,1,1,2,2,0,3,3,3,0,0,3,3,2,2,0,2,0,3,2,3,1,2,2,1,1,2,2,1,3,3,Psi_Site_Chen_MathFeature_Latest_5_0_10_5_1
P303,1,2,0,1,2,2,1,2,1,1,3,0,1,0,2,0,0,1,0,2,2,1,2,2,3,3,2,2,2,0,0,Psi_Site_Chen_MathFeature_Latest_5_0_10_5_1
P304,3,0,3,3,3,3,2,0,2,1,1,3,0,0,2,0,0,2,3,2,0,2,1,0,2,2,2,3,2,0,3,Psi_Site_Chen_MathFeature_Latest_5_0_10_5_1
P305,3,2,0,3,2,0,1,0,0,3,2,1,1,1,2,0,1,1,0,2,0,3,0,3,1,0,0,1,1,2,0,Psi_Site_Chen_MathFeature_Latest_5_0_10_5_1
P306,0,0,1,0,1,3,3,0,2,2,2,1,0,3,0,0,0,3,1,1,3,1,2,1,2,3,3,3,0,2,0,Psi_Site_Chen_MathFeature_Latest_5_0_10_5_1
P307,2,0,3,3,2,3,3,0,3,3,3,3,2,0,0,0,0,0,1,1,1,0,3,2,3,1,0,3,3,0,2,Psi_Site_Chen_MathFeature_Latest_5_0_10_5_1
P308,0,1,0,0,2,0,1,1,3,3,1,2,0,0,3,0,0,1,2,1,1,1,2,2,2,0,2,3,3,3,0,Psi_Site_Chen_MathFeature_Latest_5_0_10_5_1
P309,3,3,0,0,0,3,0,0,1,3,2,3,2,1,1,0,0,1,2,2,1,2,1,0,3,2,3,3,2,1,0,Psi_Site_Chen_MathFeature_Latest_5_0_10_5_1
P310,0,3,0,1,0,0,3,3,1,1,3,1,2,0,3,0,0,2,1,2,2,1,2,2,0,3,2,1,3,3,0,Psi_Site_Chen_MathFeature_Latest_5_0_10_5_1
P311,0,1,0,0,0,0,3,0,3,0,2,1,2,2,2,0,0,0,0,0,0,2,2,2,3,3,2,3,1,3,2,Psi_Site_Chen_MathFeature_Latest_5_0_10_5_1
P312,0,1,0,0,2,2,2,1,2,0,0,0,1,0,3,0,0,3,3,0,3,2,2,0,1,0,3,3,0,3,2,Psi_Site_Chen_MathFeature_Latest_5_0_10_5_1
P313,3,0,1,3,1,1,3,1,1,3,2,2,1,0,2,0,0,2,1,0,1,1,2,1,1,0,3,0,0,0,2,Psi_Site_Chen_MathFeature_Latest_5_0_10_5_1
P314,2,0,3,3,3,2,2,0,3,2,2,1,0,2,0,0,2,0,1,0,3,2,1,0,1,1,1,2,1,2,0,Psi_Site_Chen_MathFeature_Latest_5_0_10_5_1
N1,1,2,1,1,2,0,2,0,0,3,2,2,2,1,3,0,1,0,2,1,2,2,2,0,3,2,0,1,3,0,2,Psi_Site_Chen_MathFeature_Latest_5_0_10_5_1
N2,1,1,2,1,0,1,1,2,0,1,2,1,1,1,2,0,1,0,1,0,1,2,1,1,2,0,1,2,3,0,2,Psi_Site_Chen_MathFeature_Latest_5_0_10_5_1
N3,2,1,0,1,1,3,1,0,1,0,3,1,2,2,1,0,1,2,2,2,3,1,1,0,1,0,0,0,0,1,3,Psi_Site_Chen_MathFeature_Latest_5_0_10_5_1
N4,1,3,3,1,3,3,3,0,0,1,0,2,1,3,3,0,2,1,1,0,2,0,2,0,2,1,1,2,1,1,2,Psi_Site_Chen_MathFeature_Latest_5_0_10_5_1
N5,2,3,0,0,0,2,0,1,0,0,2,1,0,0,2,0,1,0,0,0,0,1,1,0,3,3,2,2,3,2,3,Psi_Site_Chen_MathFeature_Latest_5_0_10_5_1
N6,0,0,0,1,2,2,0,0,0,0,1,2,0,0,0,0,2,2,0,2,0,0,0,0,0,0,0,2,2,0,2,Psi_Site_Chen_MathFeature_Latest_5_0_10_5_1
N7,3,3,0,3,1,0,1,3,2,3,3,2,0,3,2,0,3,2,3,2,3,3,2,1,2,1,2,2,1,0,0,Psi_Site_Chen_MathFeature_Latest_5_0_10_5_1
N8,2,2,2,1,0,2,0,3,2,0,1,0,1,2,2,0,2,1,2,3,3,1,2,0,2,2,2,3,2,2,0,Psi_Site_Chen_MathFeature_Latest_5_0_10_5_1
N9,2,3,2,3,0,0,3,3,0,0,2,3,3,1,2,0,3,3,0,0,0,3,0,3,0,1,1,2,0,2,0,Psi_Site_Chen_MathFeature_Latest_5_0_10_5_1
N10,1,0,2,3,1,0,0,0,3,2,2,2,2,3,3,0,2,0,2,1,0,3,3,2,0,3,1,1,3,3,0,Psi_Site_Chen_MathFeature_Latest_5_0_10_5_1
N11,3,2,0,2,3,0,1,2,1,2,1,3,2,2,2,0,3,2,2,2,2,2,3,3,0,3,2,2,2,2,2,Psi_Site_Chen_MathFeature_Latest_5_0_10_5_1
N12,0,1,2,3,3,2,3,1,2,3,2,0,0,0,3,0,0,1,1,3,2,1,3,0,2,0,1,1,2,1,2,Psi_Site_Chen_MathFeature_Latest_5_0_10_5_1
N13,1,2,3,2,1,2,0,2,2,0,0,0,1,3,0,0,0,0,1,0,0,0,3,2,3,1,0,0,2,2,2,Psi_Site_Chen_MathFeature_Latest_5_0_10_5_1
N14,2,2,2,2,0,1,2,0,1,2,2,2,2,2,2,0,0,3,2,3,0,2,1,1,0,2,3,2,0,1,1,Psi_Site_Chen_MathFeature_Latest_5_0_10_5_1
N15,2,1,3,2,3,1,2,2,2,3,0,0,1,1,0,0,1,2,0,2,2,2,1,2,2,2,1,1,3,0,2,Psi_Site_Chen_MathFeature_Latest_5_0_10_5_1
N16,3,0,3,3,0,1,3,1,2,3,2,2,1,2,3,0,0,1,3,3,2,2,2,1,0,2,1,0,1,1,2,Psi_Site_Chen_MathFeature_Latest_5_0_10_5_1
N17,1,0,0,3,1,1,2,0,0,2,0,0,2,0,3,0,0,0,0,0,2,1,0,1,2,1,2,0,2,0,2,Psi_Site_Chen_MathFeature_Latest_5_0_10_5_1
N18,0,0,1,0,0,2,0,0,1,3,2,0,2,2,2,0,0,1,2,2,1,1,1,3,3,2,2,1,1,0,3,Psi_Site_Chen_MathFeature_Latest_5_0_10_5_1
N19,0,0,3,1,0,2,0,0,2,1,1,3,3,3,3,0,0,0,0,1,1,1,0,0,3,3,2,0,0,0,3,Psi_Site_Chen_MathFeature_Latest_5_0_10_5_1
N20,0,2,1,3,2,1,3,3,0,0,1,0,1,2,0,0,1,3,2,1,0,2,0,0,3,3,2,2,2,1,2,Psi_Site_Chen_MathFeature_Latest_5_0_10_5_1
N21,2,0,3,3,2,0,1,0,2,3,3,3,0,0,0,0,2,0,3,1,1,0,0,2,3,3,2,0,0,0,0,Psi_Site_Chen_MathFeature_Latest_5_0_10_5_1
N22,0,0,3,0,0,0,2,0,3,0,2,0,0,0,0,0,3,1,3,2,2,2,0,2,0,2,0,2,0,2,0,Psi_Site_Chen_MathFeature_Latest_5_0_10_5_1
N23,1,0,2,3,0,2,0,0,1,3,3,2,1,2,0,0,0,0,1,0,0,0,0,3,0,2,2,2,1,1,3,Psi_Site_Chen_MathFeature_Latest_5_0_10_5_1
N24,3,0,2,2,1,0,0,2,3,3,0,2,2,2,0,0,2,1,2,3,1,2,2,2,0,2,3,2,2,2,2,Psi_Site_Chen_MathFeature_Latest_5_0_10_5_1
N25,3,0,2,0,0,0,0,2,0,0,1,2,0,0,0,0,0,0,1,0,0,3,1,0,0,2,0,1,0,0,1,Psi_Site_Chen_MathFeature_Latest_5_0_10_5_1
N26,2,2,0,3,0,2,0,1,2,2,1,1,2,0,2,0,2,0,2,2,0,2,2,1,0,0,2,2,0,2,3,Psi_Site_Chen_MathFeature_Latest_5_0_10_5_1
N27,3,2,3,3,0,0,3,0,0,0,2,0,1,0,0,0,1,3,2,3,0,2,1,0,3,2,2,0,3,0,0,Psi_Site_Chen_MathFeature_Latest_5_0_10_5_1
N28,3,2,2,2,2,0,3,1,3,0,3,0,0,1,1,0,0,3,0,3,1,1,2,0,1,1,3,2,2,2,3,Psi_Site_Chen_MathFeature_Latest_5_0_10_5_1
N29,0,0,0,3,1,2,2,0,3,2,0,2,0,1,1,0,1,0,0,0,0,0,1,2,1,1,1,3,2,0,0,Psi_Site_Chen_MathFeature_Latest_5_0_10_5_1
N30,0,2,0,2,2,2,0,2,1,1,0,0,2,3,2,0,3,0,0,2,1,1,2,3,1,0,3,3,3,2,2,Psi_Site_Chen_MathFeature_Latest_5_0_10_5_1
N31,1,2,3,1,0,3,3,3,2,2,3,2,0,0,2,0,0,2,1,3,3,2,2,1,2,1,2,0,0,1,0,Psi_Site_Chen_MathFeature_Latest_5_0_10_5_1
N32,2,0,2,0,0,0,0,2,0,3,0,0,2,0,3,0,0,2,0,3,0,0,2,0,3,0,0,0,3,1,0,Psi_Site_Chen_MathFeature_Latest_5_0_10_5_1
N33,0,2,0,0,1,3,2,2,2,3,0,0,0,3,2,0,0,2,3,2,3,2,0,1,2,1,3,3,1,1,3,Psi_Site_Chen_MathFeature_Latest_5_0_10_5_1
N34,0,0,3,2,2,0,0,3,2,2,1,0,3,3,0,0,3,3,1,1,0,2,0,0,0,0,1,2,2,2,3,Psi_Site_Chen_MathFeature_Latest_5_0_10_5_1
N35,2,2,1,0,3,0,2,0,2,2,2,1,2,0,0,0,0,1,1,0,0,0,0,2,0,0,0,3,3,1,3,Psi_Site_Chen_MathFeature_Latest_5_0_10_5_1
N36,2,3,2,3,3,2,1,0,1,2,0,0,2,3,0,0,0,1,1,3,0,0,1,3,1,3,3,0,3,2,0,Psi_Site_Chen_MathFeature_Latest_5_0_10_5_1
N37,0,0,3,1,2,2,0,0,2,3,2,0,1,0,3,0,3,3,2,0,2,1,2,2,1,3,0,1,2,3,1,Psi_Site_Chen_MathFeature_Latest_5_0_10_5_1
N38,0,1,0,1,2,2,1,0,3,2,2,1,0,1,0,0,0,3,0,2,0,3,0,0,2,3,2,0,1,3,3,Psi_Site_Chen_MathFeature_Latest_5_0_10_5_1
N39,2,3,0,0,0,1,0,1,1,3,1,1,0,1,2,0,0,1,0,0,1,2,3,3,1,1,2,0,1,0,2,Psi_Site_Chen_MathFeature_Latest_5_0_10_5_1
N40,1,0,0,0,0,3,2,3,2,1,3,2,0,2,0,0,3,0,0,3,0,2,3,0,2,1,3,0,1,3,0,Psi_Site_Chen_MathFeature_Latest_5_0_10_5_1
N41,2,3,0,2,1,3,0,1,3,0,1,0,0,1,2,0,1,2,0,1,2,0,1,2,1,0,0,2,3,0,0,Psi_Site_Chen_MathFeature_Latest_5_0_10_5_1
N42,3,2,3,0,1,2,3,2,2,1,1,3,3,2,2,0,1,2,0,3,3,3,1,3,0,0,1,2,2,0,0,Psi_Site_Chen_MathFeature_Latest_5_0_10_5_1
N43,3,3,0,2,0,0,1,0,0,0,3,1,3,0,1,0,3,1,3,0,3,2,2,0,3,2,2,3,2,2,3,Psi_Site_Chen_MathFeature_Latest_5_0_10_5_1
N44,1,3,1,3,0,1,3,2,2,3,2,2,3,3,2,0,2,2,3,3,2,2,2,2,0,0,0,1,2,2,3,Psi_Site_Chen_MathFeature_Latest_5_0_10_5_1
N45,2,2,2,2,3,3,0,0,3,2,1,1,3,3,2,0,3,1,3,0,0,2,0,1,1,0,1,0,0,1,1,Psi_Site_Chen_MathFeature_Latest_5_0_10_5_1
N46,2,0,1,1,3,0,2,0,1,1,1,2,2,3,3,0,0,0,2,0,1,0,1,0,3,0,0,2,0,3,0,Psi_Site_Chen_MathFeature_Latest_5_0_10_5_1
N47,2,0,2,0,1,1,3,3,1,0,0,0,0,1,1,0,0,2,0,2,3,3,3,2,2,0,2,3,0,3,3,Psi_Site_Chen_MathFeature_Latest_5_0_10_5_1
N48,3,2,2,0,3,3,0,2,1,0,3,1,2,0,2,0,0,0,0,0,2,0,0,2,0,0,0,0,0,0,0,Psi_Site_Chen_MathFeature_Latest_5_0_10_5_1
N49,3,3,1,1,2,3,1,3,1,0,3,3,2,0,1,0,2,2,2,3,2,0,3,3,1,3,0,1,3,1,1,Psi_Site_Chen_MathFeature_Latest_5_0_10_5_1
N50,3,1,3,3,0,0,2,2,2,0,1,0,3,3,2,0,0,0,0,0,0,3,1,1,2,1,1,0,0,0,0,Psi_Site_Chen_MathFeature_Latest_5_0_10_5_1
N51,0,2,2,3,2,2,1,0,2,3,3,0,2,2,2,0,2,3,3,2,2,3,3,2,2,0,3,3,0,0,3,Psi_Site_Chen_MathFeature_Latest_5_0_10_5_1
N52,0,2,2,0,1,0,1,2,1,1,2,1,0,2,1,0,3,0,2,0,2,1,1,1,3,1,0,1,1,0,0,Psi_Site_Chen_MathFeature_Latest_5_0_10_5_1
N53,1,1,3,2,1,1,2,2,2,2,0,2,2,3,3,0,1,1,1,0,3,2,2,2,2,0,3,2,2,3,1,Psi_Site_Chen_MathFeature_Latest_5_0_10_5_1
N54,2,2,0,0,3,3,1,1,0,1,3,0,0,2,0,0,3,3,3,1,0,2,0,3,2,1,2,1,3,0,2,Psi_Site_Chen_MathFeature_Latest_5_0_10_5_1
N55,2,1,0,0,0,3,0,0,3,3,0,0,3,3,2,0,0,0,2,0,0,0,1,3,2,0,0,0,2,1,2,Psi_Site_Chen_MathFeature_Latest_5_0_10_5_1
N56,0,2,2,3,2,1,2,2,0,0,2,1,2,0,0,0,0,3,3,3,0,0,2,0,0,0,3,2,0,2,0,Psi_Site_Chen_MathFeature_Latest_5_0_10_5_1
N57,2,2,2,3,3,3,3,1,3,2,2,2,0,3,1,0,0,3,0,1,1,1,2,0,2,1,0,0,0,3,3,Psi_Site_Chen_MathFeature_Latest_5_0_10_5_1
N58,0,1,0,0,2,2,0,3,1,1,0,0,2,2,3,0,1,2,2,2,2,2,2,0,2,3,0,0,0,0,0,Psi_Site_Chen_MathFeature_Latest_5_0_10_5_1
N59,0,3,0,3,2,0,1,2,2,2,0,3,1,0,0,0,3,1,2,2,2,2,3,3,3,0,2,2,2,2,1,Psi_Site_Chen_MathFeature_Latest_5_0_10_5_1
N60,2,3,3,3,0,2,2,2,2,1,2,3,1,3,0,0,0,2,1,2,2,0,2,3,3,2,0,2,3,1,1,Psi_Site_Chen_MathFeature_Latest_5_0_10_5_1
N61,0,0,0,0,3,0,0,2,2,2,0,2,0,0,2,0,3,2,1,2,0,2,3,2,2,3,2,2,2,3,0,Psi_Site_Chen_MathFeature_Latest_5_0_10_5_1
N62,0,2,1,2,3,0,2,2,3,3,2,3,3,0,1,0,2,1,2,3,2,0,3,3,2,1,2,0,1,0,0,Psi_Site_Chen_MathFeature_Latest_5_0_10_5_1
N63,1,2,3,3,3,0,0,0,0,3,3,2,0,2,3,0,0,0,0,0,0,3,0,0,0,0,1,1,2,2,0,Psi_Site_Chen_MathFeature_Latest_5_0_10_5_1
N64,2,0,0,0,3,0,0,3,2,0,0,0,3,0,0,0,2,0,0,0,2,0,0,0,3,0,0,3,3,0,0,Psi_Site_Chen_MathFeature_Latest_5_0_10_5_1
N65,2,2,3,0,0,3,1,2,0,1,1,2,2,2,1,0,1,0,3,0,1,1,0,3,0,1,2,2,1,0,1,Psi_Site_Chen_MathFeature_Latest_5_0_10_5_1
N66,3,3,2,2,2,3,1,0,3,2,0,2,1,2,3,0,3,0,0,3,1,2,0,3,2,0,3,3,0,3,1,Psi_Site_Chen_MathFeature_Latest_5_0_10_5_1
N67,2,0,0,0,2,3,2,2,2,3,1,3,2,3,0,0,3,2,2,0,3,1,1,2,0,3,0,2,0,2,3,Psi_Site_Chen_MathFeature_Latest_5_0_10_5_1
N68,0,2,3,2,2,1,2,2,0,0,0,0,0,2,0,0,1,1,1,3,0,0,0,0,2,1,0,3,2,0,1,Psi_Site_Chen_MathFeature_Latest_5_0_10_5_1
N69,2,2,3,1,0,0,1,1,2,3,0,1,1,0,1,0,1,0,2,2,0,2,3,1,1,2,1,1,0,0,0,Psi_Site_Chen_MathFeature_Latest_5_0_10_5_1
N70,0,0,2,0,1,2,3,3,3,3,3,2,0,1,0,0,1,2,2,2,3,2,2,2,3,3,2,2,1,0,0,Psi_Site_Chen_MathFeature_Latest_5_0_10_5_1
N71,1,3,2,1,2,2,2,3,0,0,0,0,2,3,0,0,2,0,1,1,1,1,0,0,1,0,2,1,3,0,3,Psi_Site_Chen_MathFeature_Latest_5_0_10_5_1
N72,0,1,1,1,2,3,2,0,3,1,1,2,0,0,2,0,0,2,2,1,1,0,0,3,2,1,3,2,0,3,1,Psi_Site_Chen_MathFeature_Latest_5_0_10_5_1
N73,1,0,1,1,0,3,2,0,0,0,3,3,2,3,3,0,0,2,0,3,3,0,2,3,2,0,2,2,3,3,3,Psi_Site_Chen_MathFeature_Latest_5_0_10_5_1
N74,0,0,1,2,0,0,0,0,2,2,1,1,0,0,3,0,2,0,0,3,0,2,0,0,0,1,1,0,0,0,3,Psi_Site_Chen_MathFeature_Latest_5_0_10_5_1
N75,0,3,3,3,2,1,1,3,3,2,1,1,1,0,1,0,0,3,1,3,0,2,2,2,3,0,2,0,2,0,2,Psi_Site_Chen_MathFeature_Latest_5_0_10_5_1
N76,2,2,0,2,0,0,1,1,1,1,0,2,3,0,0,0,0,1,0,0,1,0,1,1,0,1,1,0,0,0,2,Psi_Site_Chen_MathFeature_Latest_5_0_10_5_1
N77,1,1,0,1,0,0,0,0,1,0,0,0,2,0,0,0,1,2,0,0,1,0,1,2,1,1,3,1,0,2,2,Psi_Site_Chen_MathFeature_Latest_5_0_10_5_1
N78,2,3,2,0,0,2,0,2,2,2,3,3,2,0,2,0,0,3,0,1,2,0,2,0,1,3,3,2,0,2,1,Psi_Site_Chen_MathFeature_Latest_5_0_10_5_1
N79,0,1,0,0,0,3,2,2,3,3,0,0,1,3,0,0,1,2,2,2,3,2,0,2,0,1,2,0,3,0,0,Psi_Site_Chen_MathFeature_Latest_5_0_10_5_1
N80,0,0,0,0,0,3,3,0,2,1,2,0,3,1,1,0,0,3,0,0,3,1,0,2,0,3,0,0,2,0,0,Psi_Site_Chen_MathFeature_Latest_5_0_10_5_1
N81,0,1,0,1,1,2,1,0,0,3,1,1,1,2,0,0,1,0,0,1,2,3,0,0,0,3,0,0,1,1,0,Psi_Site_Chen_MathFeature_Latest_5_0_10_5_1
N82,2,0,1,1,1,3,2,1,2,0,3,2,2,3,1,0,1,0,1,1,2,0,0,2,1,2,0,1,2,1,0,Psi_Site_Chen_MathFeature_Latest_5_0_10_5_1
N83,0,2,2,0,0,1,1,2,1,1,2,1,0,2,1,0,2,2,1,0,0,0,0,3,0,0,1,0,3,3,2,Psi_Site_Chen_MathFeature_Latest_5_0_10_5_1
N84,0,2,3,0,3,3,3,0,3,0,1,0,0,3,3,0,2,0,3,3,3,2,3,3,3,1,2,0,3,3,0,Psi_Site_Chen_MathFeature_Latest_5_0_10_5_1
N85,3,2,3,0,2,2,2,0,2,1,2,3,1,1,2,0,1,0,0,0,0,2,0,0,2,1,3,3,0,2,2,Psi_Site_Chen_MathFeature_Latest_5_0_10_5_1
N86,0,3,0,0,0,0,0,3,2,2,2,2,0,1,0,0,1,2,2,3,1,0,0,3,3,3,2,2,1,1,1,Psi_Site_Chen_MathFeature_Latest_5_0_10_5_1
N87,1,2,0,0,3,2,2,3,3,2,3,0,1,3,3,0,3,3,1,1,2,2,1,0,0,2,2,1,3,2,1,Psi_Site_Chen_MathFeature_Latest_5_0_10_5_1
N88,2,2,3,3,0,1,0,0,1,1,0,2,0,3,2,0,0,1,1,3,3,1,3,0,0,1,3,0,1,2,1,Psi_Site_Chen_MathFeature_Latest_5_0_10_5_1
N89,3,0,0,3,3,2,1,1,2,2,3,3,3,0,0,0,1,1,3,1,2,0,1,3,1,3,3,2,1,2,1,Psi_Site_Chen_MathFeature_Latest_5_0_10_5_1
N90,2,1,2,3,1,1,0,1,3,1,1,1,0,1,0,0,1,1,3,0,0,3,3,0,0,3,0,0,0,0,3,Psi_Site_Chen_MathFeature_Latest_5_0_10_5_1
N91,3,1,3,2,2,0,0,1,0,2,2,0,1,2,2,0,1,2,2,3,2,3,0,2,0,3,3,0,3,1,0,Psi_Site_Chen_MathFeature_Latest_5_0_10_5_1
N92,3,3,1,3,0,0,2,0,2,3,2,0,3,0,1,0,2,1,3,2,0,0,0,1,2,3,0,3,3,3,0,Psi_Site_Chen_MathFeature_Latest_5_0_10_5_1
N93,1,0,0,1,2,2,3,2,0,2,2,1,3,2,2,0,0,2,1,2,2,2,0,3,0,3,3,3,2,1,0,Psi_Site_Chen_MathFeature_Latest_5_0_10_5_1
N94,0,2,1,3,0,2,2,3,1,2,2,2,3,0,0,0,0,2,0,3,0,2,2,1,2,2,2,2,2,2,2,Psi_Site_Chen_MathFeature_Latest_5_0_10_5_1
N95,1,0,0,1,2,3,1,1,0,1,0,1,0,0,1,0,2,1,1,0,1,0,1,0,0,3,2,1,2,0,1,Psi_Site_Chen_MathFeature_Latest_5_0_10_5_1
N96,0,3,3,2,2,0,1,2,1,0,2,2,0,2,2,0,2,2,2,1,1,2,1,3,1,2,2,0,2,2,3,Psi_Site_Chen_MathFeature_Latest_5_0_10_5_1
N97,2,1,3,1,2,2,0,2,2,3,2,2,2,2,2,0,1,2,0,1,2,1,2,0,1,0,0,0,1,2,2,Psi_Site_Chen_MathFeature_Latest_5_0_10_5_1
N98,1,3,1,2,1,2,2,0,2,1,2,2,1,2,2,0,0,2,2,0,2,2,0,1,0,2,2,3,2,1,2,Psi_Site_Chen_MathFeature_Latest_5_0_10_5_1
N99,1,1,0,0,3,3,1,3,3,1,1,2,2,2,3,0,2,1,1,0,0,1,0,3,1,2,2,1,2,0,0,Psi_Site_Chen_MathFeature_Latest_5_0_10_5_1
N100,1,0,3,1,2,2,1,2,0,0,3,2,1,3,3,0,2,3,1,3,3,1,0,0,1,3,0,0,2,3,1,Psi_Site_Chen_MathFeature_Latest_5_0_10_5_1
N101,2,2,3,3,2,2,2,3,3,2,3,3,1,2,2,0,3,2,3,2,2,1,0,0,3,3,3,0,1,0,0,Psi_Site_Chen_MathFeature_Latest_5_0_10_5_1
N102,2,3,2,2,2,3,2,1,1,3,1,3,0,0,0,0,1,0,2,2,3,3,2,2,0,0,3,3,2,1,1,Psi_Site_Chen_MathFeature_Latest_5_0_10_5_1
N103,2,0,1,3,0,2,1,1,2,1,1,1,2,3,3,0,1,1,2,2,2,2,3,2,0,1,2,1,2,3,1,Psi_Site_Chen_MathFeature_Latest_5_0_10_5_1
N104,2,0,0,3,3,3,2,0,0,0,1,2,2,0,0,0,2,0,3,2,1,1,1,1,2,3,3,3,2,2,2,Psi_Site_Chen_MathFeature_Latest_5_0_10_5_1
N105,2,3,3,2,2,3,3,2,2,2,3,2,3,0,1,0,3,1,1,2,2,2,1,3,3,2,2,0,0,1,3,Psi_Site_Chen_MathFeature_Latest_5_0_10_5_1
N106,2,1,3,3,2,2,0,0,1,3,3,0,3,3,3,0,0,2,2,1,3,0,2,0,0,0,1,3,3,2,2,Psi_Site_Chen_MathFeature_Latest_5_0_10_5_1
N107,3,1,3,1,2,2,3,3,3,3,3,3,0,2,3,0,2,2,3,3,1,2,3,0,2,3,0,2,3,2,0,Psi_Site_Chen_MathFeature_Latest_5_0_10_5_1
N108,3,0,0,2,3,1,0,1,1,1,0,0,3,2,0,0,1,2,3,1,0,0,2,0,1,2,2,2,3,1,2,Psi_Site_Chen_MathFeature_Latest_5_0_10_5_1
N109,1,2,3,1,1,3,0,0,1,1,1,3,1,1,3,0,2,3,1,3,3,1,3,3,2,3,3,1,0,1,0,Psi_Site_Chen_MathFeature_Latest_5_0_10_5_1
N110,1,2,2,1,0,1,3,1,0,3,2,1,0,2,3,0,3,1,1,3,2,0,2,3,2,0,0,3,0,2,0,Psi_Site_Chen_MathFeature_Latest_5_0_10_5_1
N111,2,2,2,1,1,1,0,0,0,1,3,3,0,3,2,0,1,2,0,2,2,1,2,2,2,2,0,0,0,3,2,Psi_Site_Chen_MathFeature_Latest_5_0_10_5_1
N112,3,0,3,0,1,1,2,1,1,2,1,2,1,1,0,0,3,1,2,1,2,2,1,2,0,2,0,1,0,1,1,Psi_Site_Chen_MathFeature_Latest_5_0_10_5_1
N113,0,2,1,1,0,1,0,0,1,3,0,2,3,2,2,0,3,1,3,3,3,1,1,2,0,1,1,2,1,2,2,Psi_Site_Chen_MathFeature_Latest_5_0_10_5_1
N114,0,2,0,1,1,2,1,3,1,0,3,3,2,3,3,0,3,3,2,2,3,2,2,2,1,1,3,2,0,1,1,Psi_Site_Chen_MathFeature_Latest_5_0_10_5_1
N115,2,0,2,3,0,0,0,1,0,3,0,1,1,1,3,0,2,2,3,1,1,2,0,2,3,1,2,3,1,2,2,Psi_Site_Chen_MathFeature_Latest_5_0_10_5_1
N116,3,0,3,1,1,2,1,1,2,3,3,3,2,0,2,0,2,1,2,2,2,1,1,2,2,1,0,0,0,0,0,Psi_Site_Chen_MathFeature_Latest_5_0_10_5_1
N117,3,1,2,2,2,3,0,2,3,2,2,1,2,2,2,0,1,3,3,1,2,3,1,1,0,1,1,1,2,2,3,Psi_Site_Chen_MathFeature_Latest_5_0_10_5_1
N118,3,2,1,2,0,3,3,0,1,0,1,1,2,2,3,0,3,3,1,2,2,2,2,0,1,1,2,2,1,3,0,Psi_Site_Chen_MathFeature_Latest_5_0_10_5_1
N119,0,3,0,0,0,0,2,1,1,2,0,3,2,2,0,0,3,2,0,0,3,3,2,3,2,2,2,2,1,2,1,Psi_Site_Chen_MathFeature_Latest_5_0_10_5_1
N120,0,1,1,0,1,0,0,0,3,3,2,3,2,2,1,0,3,3,2,3,2,2,0,1,0,1,0,0,1,2,0,Psi_Site_Chen_MathFeature_Latest_5_0_10_5_1
N121,0,0,1,1,3,2,0,3,2,3,3,2,2,0,1,0,0,3,0,3,3,0,0,0,0,3,0,1,2,2,2,Psi_Site_Chen_MathFeature_Latest_5_0_10_5_1
N122,1,2,0,3,3,3,0,3,0,3,3,3,3,3,2,0,0,0,2,3,3,2,0,1,2,0,1,1,2,0,3,Psi_Site_Chen_MathFeature_Latest_5_0_10_5_1
N123,2,0,1,0,1,2,3,2,3,3,1,0,3,2,3,0,1,0,1,2,0,0,0,0,0,1,0,1,2,2,3,Psi_Site_Chen_MathFeature_Latest_5_0_10_5_1
N124,3,3,0,3,3,2,1,2,2,2,1,0,1,2,2,0,1,1,2,2,1,1,2,2,1,2,3,1,2,2,0,Psi_Site_Chen_MathFeature_Latest_5_0_10_5_1
N125,0,2,0,3,0,0,3,2,0,2,0,2,3,3,2,0,2,1,0,0,1,2,3,0,1,0,2,1,3,2,2,Psi_Site_Chen_MathFeature_Latest_5_0_10_5_1
N126,1,2,2,2,0,0,2,3,1,1,1,1,1,2,2,0,1,1,1,2,2,0,2,3,0,0,1,3,2,3,3,Psi_Site_Chen_MathFeature_Latest_5_0_10_5_1
N127,2,3,3,1,2,2,2,2,0,0,3,1,2,0,2,0,3,1,3,3,2,0,3,2,2,2,0,1,2,2,2,Psi_Site_Chen_MathFeature_Latest_5_0_10_5_1
N128,3,3,2,0,2,3,2,3,0,0,2,2,2,2,2,0,2,2,2,1,3,2,3,1,2,1,0,3,3,2,3,Psi_Site_Chen_MathFeature_Latest_5_0_10_5_1
N129,3,2,1,2,0,2,0,3,3,1,3,2,3,3,1,0,0,0,2,3,0,2,1,1,2,1,1,2,1,1,3,Psi_Site_Chen_MathFeature_Latest_5_0_10_5_1
N130,0,1,0,2,0,2,0,0,2,3,1,3,0,3,1,0,0,1,0,0,1,0,2,0,2,2,2,3,2,0,0,Psi_Site_Chen_MathFeature_Latest_5_0_10_5_1
N131,0,0,3,1,1,2,1,2,3,1,0,1,0,0,0,0,1,2,0,3,3,2,2,1,2,0,0,3,3,3,1,Psi_Site_Chen_MathFeature_Latest_5_0_10_5_1
N132,3,2,1,1,0,3,1,0,2,3,2,2,2,1,0,0,1,0,0,3,0,3,3,3,0,1,0,1,1,0,1,Psi_Site_Chen_MathFeature_Latest_5_0_10_5_1
N133,1,2,0,0,0,1,2,1,3,2,3,3,2,2,2,0,1,2,2,2,2,1,2,1,0,0,0,2,1,0,2,Psi_Site_Chen_MathFeature_Latest_5_0_10_5_1
N134,0,3,3,2,2,3,1,2,2,0,2,1,3,3,3,0,0,3,2,2,2,2,2,1,1,0,3,3,0,3,0,Psi_Site_Chen_MathFeature_Latest_5_0_10_5_1
N135,2,2,2,2,2,2,2,2,2,1,0,1,1,3,2,0,2,1,3,3,3,3,2,3,0,1,3,2,2,1,1,Psi_Site_Chen_MathFeature_Latest_5_0_10_5_1
N136,3,0,0,3,3,2,2,0,3,3,2,2,1,1,1,0,2,2,2,2,0,2,0,0,0,1,1,0,1,0,0,Psi_Site_Chen_MathFeature_Latest_5_0_10_5_1
N137,2,2,2,3,0,0,3,1,2,0,0,0,3,1,1,0,0,2,3,1,1,3,0,1,1,0,3,2,1,2,1,Psi_Site_Chen_MathFeature_Latest_5_0_10_5_1
N138,0,0,2,0,0,2,1,2,3,1,1,1,0,1,0,0,3,2,1,1,0,1,0,2,2,0,1,2,0,3,2,Psi_Site_Chen_MathFeature_Latest_5_0_10_5_1
N139,1,1,2,1,2,1,2,1,0,0,0,2,2,1,2,0,1,2,3,2,2,3,2,2,2,2,1,0,0,0,0,Psi_Site_Chen_MathFeature_Latest_5_0_10_5_1
N140,2,1,1,1,1,2,0,2,0,1,2,0,0,2,2,0,2,2,2,3,2,3,2,3,0,2,1,1,3,2,2,Psi_Site_Chen_MathFeature_Latest_5_0_10_5_1
N141,1,0,2,2,0,2,0,0,2,0,0,3,1,1,0,0,2,0,0,2,2,2,2,2,0,3,3,2,2,0,1,Psi_Site_Chen_MathFeature_Latest_5_0_10_5_1
N142,1,0,0,0,0,0,0,0,2,0,3,2,0,2,0,0,0,3,0,2,1,2,0,2,2,2,1,0,0,0,2,Psi_Site_Chen_MathFeature_Latest_5_0_10_5_1
N143,0,1,1,0,0,1,0,0,2,1,2,0,2,3,2,0,3,3,1,2,1,1,0,2,0,0,1,1,1,0,0,Psi_Site_Chen_MathFeature_Latest_5_0_10_5_1
N144,0,0,1,0,2,3,0,3,3,0,3,2,0,3,2,0,3,0,3,0,0,0,1,0,0,2,3,0,1,0,0,Psi_Site_Chen_MathFeature_Latest_5_0_10_5_1
N145,0,3,3,3,3,0,1,3,3,1,2,0,0,3,2,0,1,2,0,1,0,0,0,3,1,0,2,1,3,0,3,Psi_Site_Chen_MathFeature_Latest_5_0_10_5_1
N146,3,0,0,0,2,0,0,0,0,0,1,2,1,0,0,0,0,0,0,1,0,3,3,0,0,2,0,2,1,0,2,Psi_Site_Chen_MathFeature_Latest_5_0_10_5_1
N147,1,2,2,0,2,2,2,0,1,3,3,2,2,2,2,0,0,3,1,3,2,1,0,2,0,3,2,1,1,1,1,Psi_Site_Chen_MathFeature_Latest_5_0_10_5_1
N148,1,0,2,0,3,2,1,1,1,1,1,1,0,0,2,0,3,1,0,3,3,2,3,2,0,0,0,3,3,1,0,Psi_Site_Chen_MathFeature_Latest_5_0_10_5_1
N149,0,0,1,1,1,1,2,1,0,0,1,2,0,0,1,0,0,2,0,2,3,0,2,1,1,2,3,2,3,0,2,Psi_Site_Chen_MathFeature_Latest_5_0_10_5_1
N150,0,2,1,1,2,3,2,3,0,2,0,0,0,2,1,0,1,1,2,0,1,3,3,3,2,2,2,2,2,0,1,Psi_Site_Chen_MathFeature_Latest_5_0_10_5_1
N151,0,3,2,2,2,2,0,2,2,3,2,3,2,2,2,0,0,0,2,0,0,2,3,0,1,2,0,2,0,0,1,Psi_Site_Chen_MathFeature_Latest_5_0_10_5_1
N152,3,0,0,3,2,2,2,3,0,3,3,2,3,1,3,0,1,2,0,0,3,1,0,2,0,2,0,2,3,2,0,Psi_Site_Chen_MathFeature_Latest_5_0_10_5_1
N153,0,3,3,1,3,0,3,0,0,2,2,2,2,2,2,0,3,0,0,0,0,0,3,3,2,2,3,0,2,2,2,Psi_Site_Chen_MathFeature_Latest_5_0_10_5_1
N154,0,0,1,2,3,0,2,3,0,2,2,3,3,3,2,0,2,1,2,2,2,2,0,2,0,3,0,1,0,1,1,Psi_Site_Chen_MathFeature_Latest_5_0_10_5_1
N155,2,3,1,3,2,2,2,3,2,2,2,0,2,2,1,0,2,2,2,1,1,2,2,2,2,2,2,0,0,0,0,Psi_Site_Chen_MathFeature_Latest_5_0_10_5_1
N156,1,2,2,0,2,1,0,3,2,3,3,2,2,3,2,0,3,1,3,3,1,2,2,0,0,2,0,2,2,2,0,Psi_Site_Chen_MathFeature_Latest_5_0_10_5_1
N157,2,2,0,0,2,0,2,2,2,0,2,2,2,2,3,0,1,2,3,3,2,0,3,2,0,3,1,1,2,2,3,Psi_Site_Chen_MathFeature_Latest_5_0_10_5_1
N158,0,2,0,0,3,2,2,2,2,2,2,3,0,3,2,0,3,2,1,2,2,2,0,0,1,0,0,1,3,2,2,Psi_Site_Chen_MathFeature_Latest_5_0_10_5_1
N159,0,2,3,2,2,2,2,0,2,1,2,2,2,0,2,0,2,1,0,3,3,2,3,2,3,3,3,2,0,1,0,Psi_Site_Chen_MathFeature_Latest_5_0_10_5_1
N160,2,2,3,0,2,2,2,2,1,0,3,2,2,0,2,0,2,0,0,2,3,2,0,2,1,1,0,0,0,2,1,Psi_Site_Chen_MathFeature_Latest_5_0_10_5_1
N161,1,1,1,2,3,2,3,3,2,3,1,2,2,0,0,0,3,2,3,2,0,2,3,2,2,1,2,2,2,1,0,Psi_Site_Chen_MathFeature_Latest_5_0_10_5_1
N162,2,2,1,0,2,0,0,2,2,2,3,0,0,2,0,0,0,2,0,2,2,1,1,1,3,1,1,1,3,1,0,Psi_Site_Chen_MathFeature_Latest_5_0_10_5_1
N163,1,1,1,2,2,0,2,0,1,1,3,0,1,1,2,0,2,2,0,2,2,3,2,2,2,3,3,0,3,2,1,Psi_Site_Chen_MathFeature_Latest_5_0_10_5_1
N164,2,2,0,3,3,1,0,1,3,2,1,1,2,2,1,0,0,1,2,2,3,2,2,3,3,1,2,3,2,3,2,Psi_Site_Chen_MathFeature_Latest_5_0_10_5_1
N165,0,2,3,2,1,3,3,3,3,2,1,1,2,2,3,0,1,0,0,1,3,2,0,0,0,3,0,1,0,3,1,Psi_Site_Chen_MathFeature_Latest_5_0_10_5_1
N166,0,0,1,1,2,3,3,2,2,3,3,2,3,0,3,0,1,0,2,3,0,3,0,3,3,3,1,2,2,3,3,Psi_Site_Chen_MathFeature_Latest_5_0_10_5_1
N167,2,0,2,0,2,1,1,2,0,0,1,1,1,1,3,0,0,1,0,0,3,0,0,2,3,3,0,2,2,2,3,Psi_Site_Chen_MathFeature_Latest_5_0_10_5_1
N168,3,0,1,2,3,3,2,1,3,0,1,0,2,0,1,0,3,0,3,1,3,0,0,0,2,3,1,3,2,3,0,Psi_Site_Chen_MathFeature_Latest_5_0_10_5_1
N169,0,0,1,2,0,1,3,1,3,3,1,2,3,3,2,0,1,1,1,2,3,1,2,3,0,3,3,2,3,0,2,Psi_Site_Chen_MathFeature_Latest_5_0_10_5_1
N170,2,2,1,0,3,1,1,1,2,1,2,2,2,2,0,0,0,0,3,1,1,3,0,2,2,1,0,0,0,0,0,Psi_Site_Chen_MathFeature_Latest_5_0_10_5_1
N171,3,3,3,1,1,2,0,0,2,1,3,0,0,1,1,0,0,0,3,1,1,2,3,1,0,1,1,2,0,1,1,Psi_Site_Chen_MathFeature_Latest_5_0_10_5_1
N172,0,1,2,0,1,0,0,0,3,3,2,0,0,0,2,0,2,0,0,3,3,3,0,3,0,3,0,0,1,1,2,Psi_Site_Chen_MathFeature_Latest_5_0_10_5_1
N173,1,3,2,3,3,2,2,1,2,2,3,2,3,2,2,0,0,3,1,1,0,0,1,1,3,1,1,0,3,0,0,Psi_Site_Chen_MathFeature_Latest_5_0_10_5_1
N174,3,1,1,2,0,0,2,1,1,1,2,1,2,2,2,0,2,2,0,0,0,2,0,3,0,3,0,0,1,1,2,Psi_Site_Chen_MathFeature_Latest_5_0_10_5_1
N175,1,0,1,2,1,1,2,3,2,3,2,0,3,2,2,0,2,2,1,2,2,0,2,2,0,3,1,2,2,1,3,Psi_Site_Chen_MathFeature_Latest_5_0_10_5_1
N176,0,2,2,2,2,2,0,0,3,0,3,3,3,0,0,0,0,0,1,3,0,0,1,3,1,2,3,2,3,3,2,Psi_Site_Chen_MathFeature_Latest_5_0_10_5_1
N177,3,1,2,2,2,2,1,1,0,2,1,1,0,1,0,0,2,1,2,3,3,1,0,0,0,0,0,0,0,1,2,Psi_Site_Chen_MathFeature_Latest_5_0_10_5_1
N178,1,1,0,1,0,2,1,0,3,2,3,3,2,0,2,0,0,1,1,1,2,1,0,2,3,2,2,2,2,1,0,Psi_Site_Chen_MathFeature_Latest_5_0_10_5_1
N179,2,2,2,0,0,0,0,1,2,0,0,0,1,2,3,0,0,3,0,0,0,0,0,3,0,2,2,1,2,3,3,Psi_Site_Chen_MathFeature_Latest_5_0_10_5_1
N180,1,2,3,3,1,0,3,0,2,1,0,3,2,3,1,0,3,2,3,2,3,3,2,0,1,1,2,0,0,2,2,Psi_Site_Chen_MathFeature_Latest_5_0_10_5_1
N181,3,1,3,2,2,1,0,3,0,0,3,0,0,0,1,0,0,2,1,2,0,3,2,1,2,3,0,2,1,2,3,Psi_Site_Chen_MathFeature_Latest_5_0_10_5_1
N182,0,1,0,0,3,2,3,1,1,3,0,1,2,3,3,0,1,1,0,3,1,2,2,3,3,3,0,2,1,1,2,Psi_Site_Chen_MathFeature_Latest_5_0_10_5_1
N183,1,1,2,0,2,2,0,1,1,2,1,1,3,3,0,0,0,0,2,0,1,1,1,2,2,2,2,3,3,1,3,Psi_Site_Chen_MathFeature_Latest_5_0_10_5_1
N184,3,0,2,0,3,3,0,0,2,2,2,2,3,2,2,0,2,0,2,0,0,2,0,0,3,0,2,0,0,2,2,Psi_Site_Chen_MathFeature_Latest_5_0_10_5_1
N185,2,1,1,2,0,3,0,0,1,2,3,0,1,2,2,0,2,1,3,1,1,2,3,3,0,3,1,0,2,1,1,Psi_Site_Chen_MathFeature_Latest_5_0_10_5_1
N186,1,1,3,1,0,3,0,3,1,1,0,1,1,1,2,0,0,3,1,0,3,2,1,3,1,1,1,0,3,2,0,Psi_Site_Chen_MathFeature_Latest_5_0_10_5_1
N187,0,1,1,0,0,0,0,0,3,3,0,3,1,3,1,0,3,2,2,0,3,0,2,0,3,1,1,3,0,2,3,Psi_Site_Chen_MathFeature_Latest_5_0_10_5_1
N188,0,0,0,2,1,3,0,1,3,3,2,2,2,3,2,0,2,2,2,0,3,1,1,3,0,2,1,1,2,0,0,Psi_Site_Chen_MathFeature_Latest_5_0_10_5_1
N189,2,0,2,2,2,3,3,1,0,2,0,2,2,0,2,0,0,2,3,3,0,2,0,2,1,2,3,2,2,0,2,Psi_Site_Chen_MathFeature_Latest_5_0_10_5_1
N190,0,0,0,0,2,0,0,1,1,2,2,1,2,1,2,0,0,1,3,2,3,1,0,2,3,0,2,0,2,2,2,Psi_Site_Chen_MathFeature_Latest_5_0_10_5_1
N191,2,2,2,3,1,1,0,2,2,3,2,2,2,2,0,0,0,0,3,1,0,3,3,3,3,2,1,2,2,2,2,Psi_Site_Chen_MathFeature_Latest_5_0_10_5_1
N192,3,0,0,0,1,0,1,0,1,2,2,1,1,0,0,0,3,3,0,3,2,1,2,1,2,1,0,2,0,3,1,Psi_Site_Chen_MathFeature_Latest_5_0_10_5_1
N193,2,0,0,0,3,3,1,1,2,0,3,2,2,0,2,0,0,3,2,2,0,2,3,0,2,2,1,2,2,3,2,Psi_Site_Chen_MathFeature_Latest_5_0_10_5_1
N194,0,1,1,2,0,0,1,0,0,0,0,1,1,1,0,0,0,2,1,1,3,1,0,3,3,1,1,0,3,0,3,Psi_Site_Chen_MathFeature_Latest_5_0_10_5_1
N195,2,2,1,1,1,0,1,2,0,1,1,3,2,3,2,0,2,0,2,1,2,1,2,0,0,2,2,2,1,3,3,Psi_Site_Chen_MathFeature_Latest_5_0_10_5_1
N196,2,3,3,2,2,0,2,0,0,2,0,0,2,2,1,0,2,2,3,1,1,0,0,2,3,2,2,1,2,2,3,Psi_Site_Chen_MathFeature_Latest_5_0_10_5_1
N197,3,3,1,3,1,3,3,0,1,3,3,3,3,1,0,0,1,3,2,1,0,1,2,0,0,0,3,2,0,2,1,Psi_Site_Chen_MathFeature_Latest_5_0_10_5_1
N198,0,3,2,0,3,1,0,0,0,0,0,0,1,2,2,0,1,1,2,3,1,1,1,3,1,2,1,2,2,2,0,Psi_Site_Chen_MathFeature_Latest_5_0_10_5_1
N199,3,2,0,2,2,2,2,0,3,2,1,0,1,1,2,0,3,3,1,1,2,2,3,0,0,3,3,0,0,2,2,Psi_Site_Chen_MathFeature_Latest_5_0_10_5_1
N200,3,0,0,2,0,0,3,1,0,3,3,3,0,0,3,0,0,3,0,0,2,0,0,1,2,1,0,0,0,2,2,Psi_Site_Chen_MathFeature_Latest_5_0_10_5_1
N201,2,0,3,2,1,1,3,0,2,2,2,2,2,2,1,0,2,2,2,3,3,1,2,2,2,2,3,1,2,0,0,Psi_Site_Chen_MathFeature_Latest_5_0_10_5_1
N202,2,0,2,2,1,3,2,2,2,2,2,2,2,3,1,0,3,0,2,2,3,2,2,2,2,0,3,1,2,3,0,Psi_Site_Chen_MathFeature_Latest_5_0_10_5_1
N203,0,1,2,2,3,0,1,0,0,1,2,2,2,2,2,0,0,2,0,3,1,1,3,2,0,3,3,0,0,2,3,Psi_Site_Chen_MathFeature_Latest_5_0_10_5_1
N204,0,0,2,2,3,0,1,2,2,0,1,0,1,2,3,0,2,3,1,2,1,1,0,1,3,1,1,0,0,1,1,Psi_Site_Chen_MathFeature_Latest_5_0_10_5_1
N205,1,0,1,3,1,1,0,0,1,1,2,0,1,0,3,0,0,1,1,1,0,1,0,2,1,2,0,1,0,0,1,Psi_Site_Chen_MathFeature_Latest_5_0_10_5_1
N206,3,0,0,0,0,0,1,2,1,1,0,1,1,2,1,0,2,2,0,2,1,1,2,1,3,2,0,1,2,2,2,Psi_Site_Chen_MathFeature_Latest_5_0_10_5_1
N207,0,2,0,1,0,2,0,2,3,2,1,1,1,1,0,0,2,3,1,2,1,1,2,1,2,1,2,2,1,2,1,Psi_Site_Chen_MathFeature_Latest_5_0_10_5_1
N208,1,2,2,3,1,2,2,0,1,3,2,2,3,3,0,0,1,0,3,3,2,2,0,3,3,1,3,3,3,2,2,Psi_Site_Chen_MathFeature_Latest_5_0_10_5_1
N209,0,1,2,2,3,3,2,2,3,0,2,2,0,0,2,0,1,0,2,1,0,0,0,0,0,2,1,2,2,1,2,Psi_Site_Chen_MathFeature_Latest_5_0_10_5_1
N210,3,3,0,0,1,1,3,0,0,2,0,0,0,0,3,0,0,3,3,2,2,2,2,1,0,0,3,1,3,0,0,Psi_Site_Chen_MathFeature_Latest_5_0_10_5_1
N211,2,2,1,0,1,1,0,1,0,3,3,3,0,1,1,0,0,1,0,0,2,3,1,0,3,1,2,2,1,2,1,Psi_Site_Chen_MathFeature_Latest_5_0_10_5_1
N212,0,0,0,0,0,1,2,0,3,2,2,2,2,2,2,0,0,0,3,3,3,2,2,2,2,2,3,2,2,2,2,Psi_Site_Chen_MathFeature_Latest_5_0_10_5_1
N213,0,2,0,0,3,3,3,2,2,1,2,3,3,2,2,0,2,1,1,2,2,1,1,3,0,0,1,0,1,2,0,Psi_Site_Chen_MathFeature_Latest_5_0_10_5_1
N214,2,1,3,2,2,2,0,1,1,1,1,0,1,2,3,0,2,0,2,0,2,2,0,3,2,0,1,0,0,0,0,Psi_Site_Chen_MathFeature_Latest_5_0_10_5_1
N215,2,0,2,2,2,1,1,2,1,1,3,2,2,2,2,0,2,0,2,0,0,0,2,3,3,1,1,2,0,0,3,Psi_Site_Chen_MathFeature_Latest_5_0_10_5_1
N216,3,2,3,1,2,2,2,2,3,2,3,2,2,2,1,0,2,3,0,1,0,1,1,3,1,2,0,0,0,3,0,Psi_Site_Chen_MathFeature_Latest_5_0_10_5_1
N217,1,2,1,1,2,2,0,3,3,1,2,2,0,2,2,0,2,1,1,0,1,1,0,2,2,2,2,3,0,2,1,Psi_Site_Chen_MathFeature_Latest_5_0_10_5_1
N218,0,3,3,3,2,1,0,2,3,2,3,0,1,0,1,0,2,2,0,0,0,3,3,2,2,2,2,2,2,1,0,Psi_Site_Chen_MathFeature_Latest_5_0_10_5_1
N219,0,1,3,2,2,3,0,0,2,2,2,3,3,2,1,0,2,3,2,2,0,2,3,1,3,3,3,0,2,2,0,Psi_Site_Chen_MathFeature_Latest_5_0_10_5_1
N220,2,3,1,3,3,3,0,2,2,0,1,2,0,0,2,0,2,0,1,1,1,2,0,3,3,0,2,2,1,3,0,Psi_Site_Chen_MathFeature_Latest_5_0_10_5_1
N221,3,2,1,0,2,1,2,2,2,3,0,0,1,1,1,0,3,0,0,0,0,3,3,0,1,3,3,3,0,1,1,Psi_Site_Chen_MathFeature_Latest_5_0_10_5_1
N222,1,2,1,0,2,3,0,0,2,1,2,1,3,2,0,0,1,0,0,0,3,2,3,3,3,0,3,0,2,2,0,Psi_Site_Chen_MathFeature_Latest_5_0_10_5_1
N223,2,3,1,0,3,3,0,0,0,0,3,0,0,1,0,0,2,2,1,2,2,0,2,0,0,0,1,0,0,3,0,Psi_Site_Chen_MathFeature_Latest_5_0_10_5_1
N224,0,1,2,1,2,3,2,2,0,0,0,1,2,1,2,0,0,1,1,1,2,3,0,0,2,1,0,0,0,2,2,Psi_Site_Chen_MathFeature_Latest_5_0_10_5_1
N225,2,3,3,2,3,3,1,3,3,2,3,3,3,2,1,0,0,0,0,3,1,1,2,0,0,0,0,3,3,3,0,Psi_Site_Chen_MathFeature_Latest_5_0_10_5_1
N226,0,2,3,0,0,0,3,3,2,2,3,2,2,0,3,0,1,0,2,3,1,2,0,0,2,3,1,3,1,2,0,Psi_Site_Chen_MathFeature_Latest_5_0_10_5_1
N227,2,2,2,2,2,0,3,2,3,2,0,0,2,3,2,0,0,2,0,0,2,2,0,0,2,0,0,3,0,3,0,Psi_Site_Chen_MathFeature_Latest_5_0_10_5_1
N228,0,3,1,3,1,2,3,3,2,2,2,0,2,2,3,0,3,1,0,1,2,2,3,0,0,0,0,1,0,2,1,Psi_Site_Chen_MathFeature_Latest_5_0_10_5_1
N229,0,2,2,2,0,3,0,2,2,1,3,3,1,1,3,0,3,1,0,1,0,2,3,0,3,2,2,2,0,0,0,Psi_Site_Chen_MathFeature_Latest_5_0_10_5_1
N230,2,2,2,3,1,1,0,1,1,3,0,3,0,3,3,0,3,1,2,1,0,0,1,1,0,0,1,0,0,0,0,Psi_Site_Chen_MathFeature_Latest_5_0_10_5_1
N231,1,2,0,3,2,2,1,0,3,3,2,2,0,0,1,0,2,1,2,2,2,3,3,2,0,1,0,0,2,2,1,Psi_Site_Chen_MathFeature_Latest_5_0_10_5_1
N232,3,3,0,2,1,3,0,0,0,0,1,0,0,0,0,0,0,0,1,1,0,2,0,2,2,0,2,0,2,2,2,Psi_Site_Chen_MathFeature_Latest_5_0_10_5_1
N233,1,0,2,0,3,3,3,2,0,0,3,0,0,0,3,0,1,1,2,1,0,0,1,2,3,0,1,0,2,0,0,Psi_Site_Chen_MathFeature_Latest_5_0_10_5_1
N234,1,0,2,0,1,3,0,1,0,2,0,1,2,2,1,0,2,2,0,2,3,0,0,2,0,2,0,0,2,0,1,Psi_Site_Chen_MathFeature_Latest_5_0_10_5_1
N235,2,2,0,2,0,1,1,1,1,3,2,2,3,3,2,0,2,2,0,0,2,0,0,0,1,0,0,0,3,1,3,Psi_Site_Chen_MathFeature_Latest_5_0_10_5_1
N236,3,0,0,2,0,0,1,1,2,2,2,0,3,0,2,0,0,0,0,0,1,1,0,2,0,0,0,3,1,1,2,Psi_Site_Chen_MathFeature_Latest_5_0_10_5_1
N237,0,1,2,1,1,2,1,1,2,2,2,0,3,3,2,0,0,3,0,0,0,0,1,2,0,1,1,2,3,1,0,Psi_Site_Chen_MathFeature_Latest_5_0_10_5_1
N238,3,3,2,3,0,3,0,1,2,1,0,2,3,1,0,0,1,2,1,1,1,3,3,3,3,0,1,1,2,2,0,Psi_Site_Chen_MathFeature_Latest_5_0_10_5_1
N239,3,2,0,0,1,3,1,0,0,0,2,0,0,1,0,0,0,2,1,0,1,1,1,1,2,1,0,1,2,2,1,Psi_Site_Chen_MathFeature_Latest_5_0_10_5_1
N240,0,0,0,0,0,1,1,2,1,3,0,2,0,0,0,0,2,2,2,2,2,3,3,3,3,0,2,3,1,1,0,Psi_Site_Chen_MathFeature_Latest_5_0_10_5_1
N241,1,1,0,0,1,2,0,2,1,1,2,1,1,2,3,0,2,2,1,0,1,0,3,3,1,3,2,0,3,3,0,Psi_Site_Chen_MathFeature_Latest_5_0_10_5_1
N242,0,0,0,1,3,2,1,0,0,1,2,3,1,3,3,0,0,2,0,0,0,0,1,0,0,1,2,3,1,1,1,Psi_Site_Chen_MathFeature_Latest_5_0_10_5_1
N243,3,1,0,1,2,1,2,2,2,2,0,0,2,1,1,0,3,1,2,2,0,0,0,3,2,3,2,2,1,2,1,Psi_Site_Chen_MathFeature_Latest_5_0_10_5_1
N244,3,0,2,0,3,2,0,1,2,2,0,1,2,3,1,0,1,2,1,3,0,0,2,0,0,0,3,2,2,2,2,Psi_Site_Chen_MathFeature_Latest_5_0_10_5_1
N245,1,0,2,2,3,3,1,0,1,2,0,0,0,2,2,0,3,3,1,1,2,3,3,1,1,0,2,1,2,2,1,Psi_Site_Chen_MathFeature_Latest_5_0_10_5_1
N246,0,3,2,1,3,3,0,0,2,3,1,0,0,2,2,0,0,2,2,1,3,3,1,1,1,0,3,2,0,3,0,Psi_Site_Chen_MathFeature_Latest_5_0_10_5_1
N247,2,2,2,2,2,3,0,0,3,2,1,3,2,1,3,0,1,3,0,2,1,0,0,1,1,2,1,1,1,0,3,Psi_Site_Chen_MathFeature_Latest_5_0_10_5_1
N248,0,0,3,0,2,1,3,0,2,0,0,1,2,1,2,0,3,0,1,1,0,3,3,1,3,0,3,1,3,3,1,Psi_Site_Chen_MathFeature_Latest_5_0_10_5_1
N249,0,3,1,1,1,2,1,3,3,1,3,3,0,3,0,0,3,1,1,3,1,2,2,2,3,3,0,0,2,2,0,Psi_Site_Chen_MathFeature_Latest_5_0_10_5_1
N250,3,2,1,2,1,0,0,0,2,0,1,1,3,2,0,0,3,1,3,3,2,3,0,1,3,2,0,2,0,1,2,Psi_Site_Chen_MathFeature_Latest_5_0_10_5_1
N251,2,2,0,1,0,2,1,0,3,1,2,2,0,0,0,0,0,0,2,1,0,0,0,0,2,3,0,0,0,3,0,Psi_Site_Chen_MathFeature_Latest_5_0_10_5_1
N252,2,2,3,1,2,3,3,2,2,1,2,1,1,0,1,0,3,3,2,3,2,0,2,2,2,2,3,1,3,1,1,Psi_Site_Chen_MathFeature_Latest_5_0_10_5_1
N253,1,0,0,3,1,2,1,1,2,2,3,3,3,2,2,0,2,2,0,3,2,0,3,2,0,0,3,1,0,3,2,Psi_Site_Chen_MathFeature_Latest_5_0_10_5_1
N254,0,1,0,0,0,1,1,1,0,1,3,1,0,2,1,0,1,2,1,2,3,2,0,3,2,3,1,0,3,1,3,Psi_Site_Chen_MathFeature_Latest_5_0_10_5_1
N255,0,2,0,0,3,0,0,1,1,1,2,0,1,0,2,0,3,3,1,1,0,0,0,0,1,3,0,1,3,3,2,Psi_Site_Chen_MathFeature_Latest_5_0_10_5_1
N256,2,2,2,3,2,3,3,1,3,3,0,2,3,1,1,0,2,2,2,3,2,0,2,1,3,3,0,2,2,0,0,Psi_Site_Chen_MathFeature_Latest_5_0_10_5_1
N257,2,3,2,1,3,3,1,1,2,3,2,2,2,1,1,0,1,1,2,3,3,1,3,3,2,3,0,0,2,2,1,Psi_Site_Chen_MathFeature_Latest_5_0_10_5_1
N258,2,0,1,1,3,1,1,3,2,0,0,0,2,0,0,0,0,0,1,0,3,0,3,0,2,2,3,0,0,3,2,Psi_Site_Chen_MathFeature_Latest_5_0_10_5_1
N259,0,0,0,3,0,0,3,3,1,1,1,0,2,3,2,0,2,2,3,2,2,0,1,1,0,2,2,0,2,0,2,Psi_Site_Chen_MathFeature_Latest_5_0_10_5_1
N260,3,3,1,2,1,3,1,3,3,2,1,2,2,2,2,0,3,1,2,3,1,2,1,3,3,2,2,0,2,0,3,Psi_Site_Chen_MathFeature_Latest_5_0_10_5_1
N261,1,3,1,2,2,1,2,3,0,2,0,2,2,0,0,0,0,2,0,2,2,2,1,1,1,0,3,3,0,0,0,Psi_Site_Chen_MathFeature_Latest_5_0_10_5_1
N262,1,1,2,0,1,0,0,3,0,1,0,1,2,2,1,0,3,2,3,2,2,3,2,2,2,2,1,2,0,3,0,Psi_Site_Chen_MathFeature_Latest_5_0_10_5_1
N263,1,1,2,0,2,0,2,1,1,1,2,0,0,1,3,0,0,3,2,2,2,2,2,2,0,0,1,0,1,0,2,Psi_Site_Chen_MathFeature_Latest_5_0_10_5_1
N264,3,2,0,0,0,0,3,0,2,3,1,2,1,3,2,0,2,0,1,1,3,1,2,2,3,2,2,0,3,2,0,Psi_Site_Chen_MathFeature_Latest_5_0_10_5_1
N265,2,0,0,3,0,2,1,0,1,1,0,1,1,2,3,0,0,1,1,0,0,2,3,1,2,2,0,0,3,1,1,Psi_Site_Chen_MathFeature_Latest_5_0_10_5_1
N266,1,2,1,1,2,2,2,0,2,1,0,1,1,0,1,0,3,1,3,0,2,0,3,1,3,2,3,3,0,0,3,Psi_Site_Chen_MathFeature_Latest_5_0_10_5_1
N267,0,2,1,1,0,1,0,2,0,2,0,3,1,0,3,0,3,0,2,2,2,2,0,2,3,2,2,2,2,0,2,Psi_Site_Chen_MathFeature_Latest_5_0_10_5_1
N268,2,2,3,2,3,0,0,0,1,0,0,2,2,3,2,0,1,1,3,1,2,3,2,1,0,1,2,2,0,0,1,Psi_Site_Chen_MathFeature_Latest_5_0_10_5_1
N269,1,0,0,0,1,2,2,2,3,3,0,1,1,3,3,0,3,1,0,3,3,2,3,2,2,2,1,2,3,1,0,Psi_Site_Chen_MathFeature_Latest_5_0_10_5_1
N270,0,3,1,2,3,3,3,0,3,2,3,3,3,0,3,0,1,2,0,1,3,2,1,2,3,1,2,2,2,0,0,Psi_Site_Chen_MathFeature_Latest_5_0_10_5_1
N271,2,1,3,1,0,3,2,3,3,2,3,3,2,3,0,0,3,3,2,2,2,3,3,0,2,1,2,0,1,1,3,Psi_Site_Chen_MathFeature_Latest_5_0_10_5_1
N272,3,3,0,2,1,2,0,1,1,3,0,3,1,0,2,0,3,3,0,1,2,3,2,3,2,3,1,2,3,2,0,Psi_Site_Chen_MathFeature_Latest_5_0_10_5_1
N273,3,0,0,1,2,1,2,2,3,3,1,2,3,1,0,0,1,3,0,2,0,2,3,0,2,2,0,2,1,2,3,Psi_Site_Chen_MathFeature_Latest_5_0_10_5_1
N274,2,0,2,0,1,1,2,2,1,3,3,2,0,3,1,0,0,2,0,2,0,1,1,1,1,2,1,3,0,2,0,Psi_Site_Chen_MathFeature_Latest_5_0_10_5_1
N275,0,2,1,3,3,2,2,2,3,1,2,3,1,1,1,0,1,3,1,2,3,1,3,2,0,0,1,0,3,3,1,Psi_Site_Chen_MathFeature_Latest_5_0_10_5_1
N276,3,1,1,1,2,2,2,0,3,2,1,1,0,2,0,0,2,1,0,0,0,0,2,0,0,1,2,0,0,1,0,Psi_Site_Chen_MathFeature_Latest_5_0_10_5_1
N277,1,3,3,0,2,3,0,1,3,2,0,2,2,2,0,0,0,3,0,3,0,1,2,2,2,0,0,0,0,0,0,Psi_Site_Chen_MathFeature_Latest_5_0_10_5_1
N278,0,0,0,0,3,0,0,1,1,3,3,2,0,0,0,0,0,0,0,0,2,1,1,3,3,1,0,1,0,0,2,Psi_Site_Chen_MathFeature_Latest_5_0_10_5_1
N279,0,3,3,0,0,2,0,2,2,3,3,3,3,2,3,0,3,3,1,2,3,1,3,3,1,3,3,0,2,3,2,Psi_Site_Chen_MathFeature_Latest_5_0_10_5_1
N280,2,1,2,0,3,2,2,1,1,2,2,2,2,1,2,0,0,0,3,1,2,0,3,3,1,1,0,0,1,1,0,Psi_Site_Chen_MathFeature_Latest_5_0_10_5_1
N281,1,1,1,1,0,1,2,0,1,0,0,0,3,2,3,0,3,2,3,2,2,3,1,0,0,2,0,2,0,3,1,Psi_Site_Chen_MathFeature_Latest_5_0_10_5_1
N282,3,3,3,2,3,2,0,2,2,0,3,1,2,2,1,0,1,1,2,1,1,2,1,1,2,3,1,3,1,0,1,Psi_Site_Chen_MathFeature_Latest_5_0_10_5_1
N283,2,2,0,3,2,2,3,3,2,2,3,0,2,2,2,0,2,2,3,2,3,3,1,1,3,0,1,3,1,2,0,Psi_Site_Chen_MathFeature_Latest_5_0_10_5_1
N284,1,3,2,0,3,3,0,2,2,3,3,3,0,1,2,0,0,0,1,0,3,3,3,2,3,3,0,1,2,3,2,Psi_Site_Chen_MathFeature_Latest_5_0_10_5_1
N285,0,0,0,2,0,0,0,0,0,3,2,0,1,1,0,0,2,1,3,3,2,0,0,0,0,0,2,2,0,2,1,Psi_Site_Chen_MathFeature_Latest_5_0_10_5_1
N286,1,1,0,3,0,2,1,1,2,2,0,0,3,3,2,0,2,1,2,1,0,0,0,0,3,2,3,2,0,3,0,Psi_Site_Chen_MathFeature_Latest_5_0_10_5_1
N287,2,2,2,2,0,1,2,2,2,3,1,1,2,2,2,0,3,2,2,1,2,2,2,0,3,3,1,1,1,2,3,Psi_Site_Chen_MathFeature_Latest_5_0_10_5_1
N288,3,3,3,2,1,2,0,0,1,0,2,2,0,3,2,0,3,3,2,3,2,0,3,3,0,3,0,0,3,2,2,Psi_Site_Chen_MathFeature_Latest_5_0_10_5_1
N289,0,2,2,2,0,3,1,2,0,2,2,2,2,3,2,0,3,2,1,2,0,2,3,2,3,2,0,2,0,3,0,Psi_Site_Chen_MathFeature_Latest_5_0_10_5_1
N290,2,0,1,3,2,2,1,2,0,3,2,2,3,3,2,0,3,1,0,3,0,0,0,0,0,2,2,2,2,0,0,Psi_Site_Chen_MathFeature_Latest_5_0_10_5_1
N291,3,2,1,2,2,2,1,2,3,1,1,0,1,1,3,0,1,3,2,0,1,3,2,2,3,1,2,3,1,0,2,Psi_Site_Chen_MathFeature_Latest_5_0_10_5_1
N292,2,0,3,0,1,3,0,1,0,2,2,0,3,1,0,0,2,1,3,0,3,2,3,2,2,0,2,1,1,3,1,Psi_Site_Chen_MathFeature_Latest_5_0_10_5_1
N293,1,0,3,0,3,3,2,1,0,2,1,1,3,0,3,0,3,1,3,2,0,0,3,1,0,2,0,3,0,3,2,Psi_Site_Chen_MathFeature_Latest_5_0_10_5_1
N294,3,3,2,3,1,0,2,3,0,0,1,2,2,3,0,0,3,1,0,1,2,1,0,3,3,0,3,3,3,1,0,Psi_Site_Chen_MathFeature_Latest_5_0_10_5_1
N295,1,2,2,2,2,2,1,0,0,1,2,0,0,3,0,0,1,0,0,0,0,1,2,0,1,2,2,3,3,0,3,Psi_Site_Chen_MathFeature_Latest_5_0_10_5_1
N296,3,3,0,0,2,3,0,3,2,3,0,0,0,0,2,0,3,1,1,1,1,0,1,3,0,3,0,2,3,0,2,Psi_Site_Chen_MathFeature_Latest_5_0_10_5_1
N297,0,3,1,0,2,1,2,1,3,2,2,3,3,0,1,0,3,1,0,2,2,2,2,1,3,2,3,2,1,3,2,Psi_Site_Chen_MathFeature_Latest_5_0_10_5_1
N298,0,1,3,1,3,1,0,1,3,1,0,3,2,1,0,0,2,0,3,3,1,3,1,1,2,2,0,0,3,3,0,Psi_Site_Chen_MathFeature_Latest_5_0_10_5_1
N299,3,1,0,2,0,0,2,2,2,3,3,3,1,2,2,0,2,1,1,2,1,2,2,1,1,0,1,2,2,2,1,Psi_Site_Chen_MathFeature_Latest_5_0_10_5_1
N300,1,2,3,2,3,2,3,2,2,2,1,3,2,0,3,0,0,3,2,2,1,1,1,0,0,1,0,1,2,1,0,Psi_Site_Chen_MathFeature_Latest_5_0_10_5_1
N301,2,1,3,0,3,2,0,2,1,1,3,1,1,0,1,0,0,0,3,3,2,0,2,2,0,1,0,0,3,0,2,Psi_Site_Chen_MathFeature_Latest_5_0_10_5_1
N302,0,3,3,1,2,1,1,3,2,1,3,1,1,2,0,0,2,1,1,2,1,1,2,2,0,0,3,1,3,0,0,Psi_Site_Chen_MathFeature_Latest_5_0_10_5_1
N303,2,3,3,2,0,0,3,2,3,0,0,2,1,2,2,0,1,0,3,0,0,0,2,1,2,2,0,3,2,0,3,Psi_Site_Chen_MathFeature_Latest_5_0_10_5_1
N304,0,2,0,0,1,2,3,0,1,1,1,0,1,2,1,0,1,2,2,1,0,3,3,1,3,0,1,2,2,3,2,Psi_Site_Chen_MathFeature_Latest_5_0_10_5_1
N305,2,3,0,0,0,0,2,0,2,2,2,2,0,1,1,0,1,3,1,2,1,0,2,0,1,3,1,0,3,0,0,Psi_Site_Chen_MathFeature_Latest_5_0_10_5_1
N306,2,2,2,0,2,2,0,1,1,0,0,1,2,1,2,0,1,2,0,3,2,2,2,0,2,0,2,2,3,1,0,Psi_Site_Chen_MathFeature_Latest_5_0_10_5_1
N307,0,2,3,1,2,0,2,3,0,1,3,3,3,0,0,0,0,0,1,0,0,0,0,2,3,0,0,0,1,2,3,Psi_Site_Chen_MathFeature_Latest_5_0_10_5_1
N308,2,2,0,3,0,3,3,0,2,3,3,2,2,2,2,0,3,2,2,2,1,2,0,2,0,2,2,1,3,3,2,Psi_Site_Chen_MathFeature_Latest_5_0_10_5_1
N309,2,1,0,2,2,0,3,0,0,3,3,2,2,2,2,0,2,2,0,1,1,0,2,1,3,2,0,2,1,2,3,Psi_Site_Chen_MathFeature_Latest_5_0_10_5_1
N310,0,3,3,1,3,2,0,0,2,0,2,0,0,1,2,0,2,1,2,2,2,3,3,0,2,2,0,3,3,2,3,Psi_Site_Chen_MathFeature_Latest_5_0_10_5_1
N311,0,0,2,3,1,2,0,2,1,2,3,1,2,2,2,0,2,0,1,1,1,1,2,0,0,0,3,2,1,3,3,Psi_Site_Chen_MathFeature_Latest_5_0_10_5_1
N312,0,2,0,2,3,3,2,3,1,1,0,1,1,3,0,0,2,1,0,0,0,0,3,3,3,2,1,2,2,2,0,Psi_Site_Chen_MathFeature_Latest_5_0_10_5_1
N313,2,2,3,3,2,0,2,0,2,0,2,2,0,1,2,0,3,3,2,2,3,3,3,0,3,2,1,3,1,2,1,Psi_Site_Chen_MathFeature_Latest_5_0_10_5_1
N314,0,0,0,3,0,0,3,1,2,2,0,0,0,0,1,0,1,2,3,3,3,3,0,3,3,2,3,0,3,3,2,Psi_Site_Chen_MathFeature_Latest_5_0_10_5_1
